age,is_corporate,total_balance,has_active_loan,recent_tx_count,product_id,target_product,profile_id
42,0,14145434,0,8,97,BankScope 정기예금,5c255d4246c8dbef99c95a3b
34,1,57808295,0,10,103,BankScope 기업 정기적금,92d208bde75119d6915e39ca
28,0,5544673,1,26,104,BankScope 신용대출,98a7eb3fd19e8dbc846f51cf
35,0,5480826,0,35,100,BankScope 자유적금,99f5278bf9fcaa6829e8850e
34,0,3002963,1,29,100,BankScope 자유적금,9d1fee51c91ffbe6611e1b41
34,0,2302846,0,21,101,BankScope 청년 희망적금,a2ec8dfdf4c42d12afc277a1
19,0,7059760,0,18,106,BankScope 전세자금대출,d6a0dff89feae092a44dcde3
19,0,4055173,0,31,104,BankScope 신용대출,29a4dfdc39445aeca3f294da
25,0,1734993,0,21,101,BankScope 청년 희망적금,4cefc42301d2f89164c1d9bb
39,1,41313138,0,6,103,BankScope 기업 정기적금,eccdc2511989d7c3da9713e5
36,0,15103772,1,14,105,BankScope 주택담보대출,4ba3a643e34d8038be4cedf2
27,0,10388506,0,35,100,BankScope 자유적금,29f71ec686de1558acfdad55
28,0,5228321,0,35,100,BankScope 자유적금,2a51c4f566c87a64e72ae69f
37,0,13290149,0,42,100,BankScope 자유적금,f0e0bbd347711ea85621717e
30,0,15155811,1,13,102,BankScope 주택 마련 적금,15b07c54653e1044d9a0e33f
66,0,67037525,0,5,98,BankScope 시니어 우대예금,8d751781cf08549656a2bee4
46,0,62136741,0,9,97,BankScope 정기예금,b692d8a4a1fef3f70a6b32f1
34,0,13893545,0,10,102,BankScope 주택 마련 적금,d861476788406fed65051047
31,0,9824772,0,46,100,BankScope 자유적금,1d38fe7ba3099e5191443b3f
35,0,16878278,1,12,102,BankScope 주택 마련 적금,593f7128aab2d762eb2f4688
50,0,61553756,0,10,97,BankScope 정기예금,0e0d3805b8333adf2ecb93a4
63,0,112558001,0,5,98,BankScope 시니어 우대예금,cfe4ae9831f593e1b21a1c65
46,0,17763946,0,8,105,BankScope 주택담보대출,aae159ee0f5e2a0891a3c78d
30,0,5504464,0,36,100,BankScope 자유적금,1482bccceff2fff6f65fc5b9
66,0,53707534,0,3,98,BankScope 시니어 우대예금,48d8f900abdf4ad8583cf5c4
26,0,3280487,0,23,101,BankScope 청년 희망적금,b9ab21cf4d9f9e2f3d659681
35,0,6854214,0,31,100,BankScope 자유적금,0036ea3de0a96b4a43d9a150
22,0,3714436,0,17,101,BankScope 청년 희망적금,62a1d8eab71ddf437f6b6fcd
32,1,47590533,0,10,103,BankScope 기업 정기적금,1833bc26e1f452dd9f0799ac
35,1,64734792,0,5,103,BankScope 기업 정기적금,4004deb2d9c94d27ad1282a8
37,0,25619024,1,9,105,BankScope 주택담보대출,30f382fd98ec44af4d2280fd
33,0,18305691,1,25,102,BankScope 주택 마련 적금,857ed732234dde3f358b0d1e
19,0,2665852,0,21,101,BankScope 청년 희망적금,4b7cd98673196947f15c7655
56,0,81774386,0,6,98,BankScope 시니어 우대예금,e6e773c42987bf29e1f744b8
33,0,9340007,0,34,100,BankScope 자유적금,3a49c88aa8267e19003cc67c
66,0,36707292,0,5,98,BankScope 시니어 우대예금,da1612c071de48b35b2441dc
34,0,3377735,1,21,101,BankScope 청년 희망적금,b5ef416e02472cf43ebf1521
41,1,230268995,0,7,99,BankScope 기업 정기예금,be60211aac299dd6d3cfed79
35,0,8055967,0,17,102,BankScope 주택 마련 적금,35888b212c786e9729ff8129
23,0,10940143,0,12,102,BankScope 주택 마련 적금,5f2ceeb58a91139e255ca43b
55,0,65685979,0,2,98,BankScope 시니어 우대예금,d6fdef273fc6db8ce6447295
30,0,5680189,0,34,100,BankScope 자유적금,60ec01a0207576378bd57da6
45,1,64596523,0,6,103,BankScope 기업 정기적금,5b7d577c0fa15076015d2087
37,0,27230573,1,17,105,BankScope 주택담보대출,9f5ef176731091fd401e13aa
42,1,132788993,0,3,99,BankScope 기업 정기예금,38505ad88d466c67f7b1a8ba
37,0,5491190,1,17,106,BankScope 전세자금대출,2b12e16d26d29571fd0b6d20
43,1,189862087,0,6,99,BankScope 기업 정기예금,77b89a4e5b80bf1b825065b8
33,0,2638384,1,16,101,BankScope 청년 희망적금,5847899a58b2ad41d48dff4a
36,0,8478617,0,36,100,BankScope 자유적금,2877463228bcc9828a55ae33
19,0,2714384,0,21,101,BankScope 청년 희망적금,65166a5e24fccb1bece623f6
41,0,50409700,0,6,97,BankScope 정기예금,37fafdbb6e914b57b57489a8
41,0,54768625,0,8,97,BankScope 정기예금,4b62ccd8e4ee391ca8a95a81
31,0,16004718,0,15,102,BankScope 주택 마련 적금,71ad8bc58086799e1b9eafeb
42,0,23876037,1,10,105,BankScope 주택담보대출,f1d049c7ab8cb48ee54b1403
46,0,38352512,0,3,97,BankScope 정기예금,b7a36e98a7a6668b6e0967d5
31,0,13180371,0,23,102,BankScope 주택 마련 적금,99c012c8f18088a890129041
28,0,5685919,0,38,100,BankScope 자유적금,6c168796d48b253828b1b396
40,0,26431579,1,15,105,BankScope 주택담보대출,cb38484ee11a5a9c1a41257e
24,0,2653551,0,19,101,BankScope 청년 희망적금,67ba097d3a6b5675700b0688
36,1,7517450,1,10,107,BankScope 소상공인 대출,1353c2b1c75c2026a4b4cbf8
36,0,6689913,1,12,105,BankScope 주택담보대출,0b00be5ff44dfcc8bc629f2e
28,0,5281316,0,34,100,BankScope 자유적금,80b40712641f047eb0c093cb
26,0,2494598,0,19,101,BankScope 청년 희망적금,c535c23c199c5a8a3df8a791
36,0,23000858,1,13,105,BankScope 주택담보대출,a8734c98ea241bd7aac0c518
22,0,3857967,0,29,104,BankScope 신용대출,facce88a5d6084c4f67a7ae2
29,0,4253641,0,26,104,BankScope 신용대출,cb83beb03da741247e95166a
44,0,21732368,1,11,105,BankScope 주택담보대출,b09762172337fb2cd8f3edb8
30,0,4664425,0,16,101,BankScope 청년 희망적금,96498f245357b67de61e2337
49,0,56265211,0,8,97,BankScope 정기예금,637c676817b312032d86f65b
28,0,3404910,0,15,101,BankScope 청년 희망적금,be977a4000e276d3ee62d5a1
26,0,5626852,1,14,106,BankScope 전세자금대출,13b4277d9f929c14b01644ed
34,0,32087158,0,8,97,BankScope 정기예금,e9b99f8dfbced1c61c4c5004
24,0,3440175,0,17,101,BankScope 청년 희망적금,5a5b90c33f23ca388accffca
32,0,13755796,0,14,102,BankScope 주택 마련 적금,36dcdde56eb18f47640f7e9a
39,0,58124685,0,9,97,BankScope 정기예금,67bad35d097e354e555aac1f
36,0,4834196,1,28,104,BankScope 신용대출,248911c47f26f8a491d80899
29,0,6759094,0,10,106,BankScope 전세자금대출,274e006bfe64b9d73a04b8ef
66,0,97298530,0,2,98,BankScope 시니어 우대예금,70a41bd3b1d75ab7792920a2
19,0,3324147,0,22,101,BankScope 청년 희망적금,54397e9342cacc96b96c63a5
27,0,5328953,1,21,104,BankScope 신용대출,b2bde3b7af82fc5296cdf75d
36,0,3156224,1,25,104,BankScope 신용대출,441e84d4722ec044ae8f8b92
32,0,30923263,1,13,105,BankScope 주택담보대출,10973ed22511210fe18226ad
66,0,56371182,0,5,98,BankScope 시니어 우대예금,9ef6e43434d1982e736f8aa5
61,0,84709782,0,8,98,BankScope 시니어 우대예금,b5b3d6f2c24a6b25e06478a2
39,0,77474334,0,5,97,BankScope 정기예금,daa65349ceda1b1b4f8021c2
19,0,3020205,0,26,101,BankScope 청년 희망적금,e75920512adcec6a38fc4158
22,0,3373745,0,21,101,BankScope 청년 희망적금,bb51b71ea0a4d9725f0a9e23
23,0,3007887,0,19,101,BankScope 청년 희망적금,e6785bdb02e81a0dd6845a08
27,0,14733606,0,15,102,BankScope 주택 마련 적금,100938ccd45f9e73d410bb64
73,0,70622434,0,4,98,BankScope 시니어 우대예금,4bf736f9206862c1487a2be3
45,1,237404428,0,2,99,BankScope 기업 정기예금,61de56ed8230a419681c2843
30,0,24482033,0,10,102,BankScope 주택 마련 적금,b73e92cbc2d1203f7e5b23f0
45,0,56010377,0,7,97,BankScope 정기예금,0caf300f236edd5da4355a81
25,0,6097401,1,28,104,BankScope 신용대출,48fe46f88c5c16ad0559426e
27,0,6107187,0,39,100,BankScope 자유적금,13a87966dcb6982b718ea7db
21,0,2330502,0,16,101,BankScope 청년 희망적금,8aefab47ce0fd1df3fb9fee2
28,0,9387183,0,19,102,BankScope 주택 마련 적금,a52b0223036965566e0ae93f
35,0,6779450,0,37,100,BankScope 자유적금,b2c501547d302c34c4c570bc
51,1,162465161,0,9,99,BankScope 기업 정기예금,b8a6bd28e14ffbe98c84c95b
40,0,16669317,1,17,105,BankScope 주택담보대출,1e64bfbee6905c9770a6e029
32,0,7234778,1,17,106,BankScope 전세자금대출,937c6a0e0b69ee6fc84cc97d
39,0,17069143,1,10,105,BankScope 주택담보대출,a7feb57db300c6d54fea3c57
27,0,9136177,0,35,100,BankScope 자유적금,d604a0063d0f7bc345c4d5b0
22,0,8473139,1,17,106,BankScope 전세자금대출,dfe501cebd15fbe1a349be25
65,0,53932968,0,4,98,BankScope 시니어 우대예금,0620c27a3b71beaec7a61fb0
40,0,17778646,1,5,105,BankScope 주택담보대출,bfed69381086395158877da7
34,0,5761046,1,14,106,BankScope 전세자금대출,5020fbcf42d79103512a4a4f
36,0,19604404,0,10,102,BankScope 주택 마련 적금,b3ff3618d10dff2d0d8b5b5a
22,0,3238916,0,29,101,BankScope 청년 희망적금,01e5db85ecd57d36a48ad433
33,0,9525272,1,35,100,BankScope 자유적금,c06cc18e0e1eb354df4d7c2d
51,0,49493528,0,7,97,BankScope 정기예금,e2021d43e558774866df6eea
33,0,16876434,1,10,105,BankScope 주택담보대출,d64a4ca343b7f719e5a40492
25,0,2707732,1,15,106,BankScope 전세자금대출,560ab458ad71d62e36d395ac
32,0,2768203,0,24,101,BankScope 청년 희망적금,b7935ff54541cbf80fb129d5
58,0,87201363,0,5,98,BankScope 시니어 우대예금,71001187ca7852355028c7e3
44,0,30072462,0,11,97,BankScope 정기예금,1cf3705fbd72953ae8956eb3
33,0,11575526,0,31,100,BankScope 자유적금,295b309dbd702ffad6dec856
26,0,4441168,0,13,101,BankScope 청년 희망적금,0b2806b207ab79567ec5e16c
45,0,58836772,0,10,97,BankScope 정기예금,76d88e8e3b513a33451e9857
44,1,64232196,1,6,103,BankScope 기업 정기적금,e5c5f3b8bbef8b23b81d945c
42,0,52263664,0,7,97,BankScope 정기예금,3754346e793b01231fa71ec9
67,0,94732792,0,6,98,BankScope 시니어 우대예금,8b8a69e378063b8dd11d469f
35,0,4288732,0,28,104,BankScope 신용대출,72f6629bde0d21a8d8ed92e8
46,0,59539516,1,5,97,BankScope 정기예금,f9dae227c9e07aa83fd151af
33,1,19919573,1,8,107,BankScope 소상공인 대출,197dc01727c1cdc02822e2ed
34,1,44400976,1,7,103,BankScope 기업 정기적금,fbd2cbce1fd9f46f4a05426f
39,0,15710884,0,13,102,BankScope 주택 마련 적금,4b88ca64e263d5140e8d3869
71,0,111025886,0,5,98,BankScope 시니어 우대예금,010f7b8ef4fefb5d15a91fe3
37,0,12744446,0,15,102,BankScope 주택 마련 적금,3cb3e14e5fcacb47d4b6ea10
40,0,5139357,0,19,102,BankScope 주택 마련 적금,b221f08f4840a3d5e8fe87f8
25,0,4106991,0,17,101,BankScope 청년 희망적금,ef393372ba142738fa82ed46
61,0,47969345,0,7,98,BankScope 시니어 우대예금,81b53ce475c402770de254d5
24,0,3452781,0,30,101,BankScope 청년 희망적금,88b402150282340350ea3d04
31,0,13939299,0,19,102,BankScope 주택 마련 적금,22f8963ca6ef1c27ca3838fd
52,1,195137242,0,7,99,BankScope 기업 정기예금,d25b17fe0ae848bb0a2cf378
34,0,7646707,0,38,100,BankScope 자유적금,0a32a1ca07099463969501eb
33,0,13741063,0,25,100,BankScope 자유적금,4f8aaffe7c34d43cbc6d7138
64,0,93602521,0,2,98,BankScope 시니어 우대예금,80ad0e9055333738d1742cf6
33,1,30497363,0,8,107,BankScope 소상공인 대출,e9deb1c983bf108bb4ea5ec7
30,0,11263647,0,19,102,BankScope 주택 마련 적금,279489793e0894875a24420b
29,0,5032798,1,24,104,BankScope 신용대출,980f02dc526c53aa3b9e7924
30,0,8454087,0,34,100,BankScope 자유적금,ddaf6409a54b2aa45490c7ef
22,0,6571027,1,30,104,BankScope 신용대출,e4e0bda5d7b3bb1e22f5788f
47,0,47169348,0,7,97,BankScope 정기예금,deae05b2ddf6a2fb8786b064
58,0,53083276,0,1,98,BankScope 시니어 우대예금,57d7f3a5e0360c93f0b0a366
23,0,3942220,0,18,101,BankScope 청년 희망적금,d8e9344379830e43ae9774ce
38,0,29645469,1,4,105,BankScope 주택담보대출,cae4a35b1aade05502eb142a
39,0,46704958,0,10,97,BankScope 정기예금,55c248b7f9e7dfa430e2dd91
24,0,8531583,0,35,100,BankScope 자유적금,a61327a468ed5547a4581f32
31,0,3164284,0,15,101,BankScope 청년 희망적금,c60b6cec426e6037c86e24fe
26,0,2104232,0,18,101,BankScope 청년 희망적금,c3a0c64aece1063074216697
68,0,117184182,0,3,98,BankScope 시니어 우대예금,8a07af37067fe8034098694c
29,0,9464896,0,41,100,BankScope 자유적금,78de76503fc186387a342265
36,0,6505405,0,42,100,BankScope 자유적금,72eef2836f8dcd4b90ad1f6c
32,0,6797798,1,21,104,BankScope 신용대출,1c70609dd077348470eeacda
44,0,64849235,0,8,97,BankScope 정기예금,5d8a88e4ed5a22bcd08e98cc
46,1,75521597,0,6,99,BankScope 기업 정기예금,5048db070232ab30ab61c083
28,0,6671131,0,32,100,BankScope 자유적금,142a04f5d3a666b16535f45d
34,0,66364500,0,3,97,BankScope 정기예금,e5d841ca08e85dffee298ccf
27,0,3203854,0,21,101,BankScope 청년 희망적금,c15c65cf577252e5c0c7a668
46,1,162693838,0,3,99,BankScope 기업 정기예금,221e71faf713cfa98404d1b3
24,0,3802929,1,15,106,BankScope 전세자금대출,e2a9ec1d05d18bef2cfd1898
36,0,14300027,0,16,102,BankScope 주택 마련 적금,b31edffaf14a9cb0ca88958d
39,0,16957948,1,10,105,BankScope 주택담보대출,39c3642297a9755b82386c81
68,0,102990369,0,4,98,BankScope 시니어 우대예금,36b4e361dee2127fddb77b77
38,0,13787915,0,14,102,BankScope 주택 마련 적금,9ab365004aba06613acdc841
24,0,4310695,0,19,101,BankScope 청년 희망적금,ae2ea8709acc8e0c6b66d546
30,0,8388315,0,23,106,BankScope 전세자금대출,a03da0e1e25b5487a1a9e629
42,1,159494745,0,4,99,BankScope 기업 정기예금,caa0134d6b13b08e72ae6f41
50,0,41781420,0,9,97,BankScope 정기예금,bd14a87b25b3f2cf08e73503
37,0,31058453,0,13,97,BankScope 정기예금,571bb4c170a2f663edf845c0
38,0,4746315,1,27,104,BankScope 신용대출,f29d28c965cf5a9652e75eb6
27,0,6343396,1,23,106,BankScope 전세자금대출,c0ca57ff5003efe917cd0279
28,0,5211509,0,22,106,BankScope 전세자금대출,36926f9ee05e981776560551
36,0,27402345,0,8,105,BankScope 주택담보대출,c9622e601a56aa3a6eb3b884
30,0,3189272,1,22,101,BankScope 청년 희망적금,1a9ccbe77fe9f40dd89b8580
35,0,3807450,0,42,100,BankScope 자유적금,1626a01c44768377267faaeb
25,0,5954280,0,32,106,BankScope 전세자금대출,d81712475c085896f9fac3d3
19,0,2494795,0,18,101,BankScope 청년 희망적금,a09310a8c67eb5f2b145856d
19,0,3030626,0,25,101,BankScope 청년 희망적금,40222dac5869f60aa060ab8a
21,0,3037596,0,19,101,BankScope 청년 희망적금,b70f89b32b9f69dfe2b85a8d
36,0,9930215,0,32,100,BankScope 자유적금,6ad38800c8d1bce3666daccd
34,0,5028622,1,30,104,BankScope 신용대출,85aa5d93e3489ae453ccd37b
39,0,4369930,1,45,100,BankScope 자유적금,021bb40ba74dee1b3ff79975
25,0,1733048,0,21,104,BankScope 신용대출,b7dbdd78519a868eda79b2b8
33,0,8358420,0,37,100,BankScope 자유적금,361967bcf6681697b09b8eb9
46,0,60995814,1,8,97,BankScope 정기예금,6e461b9b9978a4cf6d0eeb59
33,0,3915303,1,24,104,BankScope 신용대출,a89093ea0f8c0c6ebab86347
24,0,6167958,1,16,106,BankScope 전세자금대출,7cd1c2d8b59612559643f11d
21,0,2141350,0,27,101,BankScope 청년 희망적금,544f8c529609de392a93aed0
48,0,47931331,0,8,97,BankScope 정기예금,d18ea91e7bf24dbda3ed43e5
29,0,14084424,0,13,102,BankScope 주택 마련 적금,988ff0650c796cbc78e036e0
25,0,14904398,1,17,102,BankScope 주택 마련 적금,a66a8410e7c8ef02ce608e90
49,1,33435607,1,17,107,BankScope 소상공인 대출,1bdde98dacd5c7cc56519dba
44,0,74551099,0,12,97,BankScope 정기예금,79ba5d2aa6b0468dd122c1cb
36,0,4461959,0,19,106,BankScope 전세자금대출,1b554eed320d39db11e0d305
41,0,20371448,1,8,105,BankScope 주택담보대출,2eb4dd0e0c81187c7d089c3a
58,0,77498288,0,2,98,BankScope 시니어 우대예금,19e29ef0d7449b460bb06969
67,0,95036920,0,1,98,BankScope 시니어 우대예금,388fbd90d71be9e3df6a113b
29,0,6412300,1,31,100,BankScope 자유적금,c510891742b465b2ff28ce92
37,0,5019565,0,23,104,BankScope 신용대출,22f763f8fe8bb4626923b8e8
41,0,15947233,1,16,102,BankScope 주택 마련 적금,d49782ab12f6ade787a23e4c
19,0,2681682,0,21,101,BankScope 청년 희망적금,a41540f8e408f0359e24c86a
32,0,4517773,0,46,100,BankScope 자유적금,4992676b4d14e2c690710f27
34,1,49606088,0,9,103,BankScope 기업 정기적금,bc3e635da2bf66e33d028067
38,1,44381987,0,8,103,BankScope 기업 정기적금,f7cdbef4287ca9006871216c
43,1,290347467,0,3,99,BankScope 기업 정기예금,d66357dc547b599627130b3b
46,0,57526867,0,5,97,BankScope 정기예금,824f1ab86de8677fb1f9b3f2
19,0,3618187,0,19,101,BankScope 청년 희망적금,1fffc1e25a4fc8ab561295c3
44,1,246118885,0,6,99,BankScope 기업 정기예금,567774e7b9d4ad9ee557db69
50,0,51397375,0,7,97,BankScope 정기예금,90b9c330ecd719b292da29d2
48,1,48537119,0,9,103,BankScope 기업 정기적금,0acd2775fa18b1545c3716f1
50,1,34881324,0,13,103,BankScope 기업 정기적금,3f9b2feb3af746c4e34d6aac
28,0,9369303,0,18,106,BankScope 전세자금대출,09679e65c80c956d5518f734
41,0,11978195,0,11,102,BankScope 주택 마련 적금,92cf2442c3958bdef0e5ffcd
42,0,28456192,0,10,97,BankScope 정기예금,018ecd677b6aacbad2a686a5
23,0,7257737,1,27,106,BankScope 전세자금대출,b31053af8fd719667bd4a659
35,0,9956345,1,11,102,BankScope 주택 마련 적금,0ca0f05546f96fdeaf7dfae6
24,0,4708052,0,28,100,BankScope 자유적금,fb1f86c72f54cdade4505440
48,1,181107480,1,3,99,BankScope 기업 정기예금,424a8fb0e2936821be2ff219
29,0,4887531,1,25,104,BankScope 신용대출,269beab0ec94fb0efaa4533f
19,0,3240508,0,26,101,BankScope 청년 희망적금,e28e0ef9467ef296da527084
44,1,306575237,1,4,108,BankScope 기업대출,389ddbf393825d18160f6494
30,0,5084465,0,32,100,BankScope 자유적금,d3bead7f2fdc01ef37d1db44
64,0,81032980,0,3,98,BankScope 시니어 우대예금,1064a2b66557276e0db9a654
25,0,7207760,1,14,106,BankScope 전세자금대출,9d1ec68a7a43ce451a306c87
23,0,5550119,1,28,104,BankScope 신용대출,905cdcedc3397faf414ddee4
31,0,3535399,1,19,104,BankScope 신용대출,01c95bd84eb63495755ef7f8
38,0,2966044,1,31,104,BankScope 신용대출,cb453713bf7179c90bdbb1f3
45,0,57749666,0,6,97,BankScope 정기예금,871f25a66a840318c1199f72
27,0,27750730,0,11,102,BankScope 주택 마련 적금,bc4a180495e1782bf64d3209
34,0,23607547,1,10,105,BankScope 주택담보대출,4a23486647464d52a94a8e0e
42,0,12352885,1,9,105,BankScope 주택담보대출,66d8d30ace5326dfaceff6ca
43,0,1979357,1,18,106,BankScope 전세자금대출,4ee13707d2ac856ef397b4d7
44,1,226594285,0,8,99,BankScope 기업 정기예금,8a27ebf818a07427b0b5ac4c
70,0,83281919,0,6,98,BankScope 시니어 우대예금,a32dc9d5d0df2a3945ff5003
60,0,86238991,0,3,98,BankScope 시니어 우대예금,f263a6f645a3595a5be1182e
47,0,23590388,0,9,105,BankScope 주택담보대출,a70efe4e51da634dc86cb723
23,0,3195795,1,40,104,BankScope 신용대출,245408bd00c572101c7e9dff
30,0,31195067,1,13,105,BankScope 주택담보대출,352a8893f74d33e7c8c1fac7
19,0,7872497,0,21,106,BankScope 전세자금대출,684a560d8fd5afe5576d2fdc
40,0,73584593,0,7,97,BankScope 정기예금,82289aa47634d2dd370dccb7
44,0,53263693,0,5,97,BankScope 정기예금,cc2993a2436a87303e224d30
27,0,4590752,0,14,101,BankScope 청년 희망적금,23011490364170adafe65ccc
24,0,1479798,1,18,101,BankScope 청년 희망적금,6fe1d2e27d50a5f86b1ae28a
70,0,70860487,0,2,98,BankScope 시니어 우대예금,320572739fac570b10d2a1c1
34,0,19770647,0,14,102,BankScope 주택 마련 적금,bb26def02ff6aafd5dd8b34c
23,0,2195836,0,26,101,BankScope 청년 희망적금,3e769d740e0fb9f9275929e4
28,0,2010859,0,14,101,BankScope 청년 희망적금,8c5ce3024d654da301bc86c3
41,0,20491932,1,11,105,BankScope 주택담보대출,181c6bd9df505dbd2788e52d
40,0,38059037,0,10,97,BankScope 정기예금,d220194f6ec5a74236b338de
31,0,7030987,1,39,100,BankScope 자유적금,a24d16dce55bd5011fabf195
59,0,38787759,0,3,98,BankScope 시니어 우대예금,e99a0cec5ce91e711bd9fb0d
35,0,4208472,1,24,104,BankScope 신용대출,5a5b11efd7b31e8d26fe43eb
44,0,6573560,0,35,100,BankScope 자유적금,69d0375b08c32155ae9bab57
28,0,1061642,0,21,101,BankScope 청년 희망적금,d8c7219051d9a00e7537ab61
26,0,3437678,0,20,101,BankScope 청년 희망적금,92c0f226430149e5c07f4e8d
72,0,66340443,0,4,98,BankScope 시니어 우대예금,2db45946e13da6444defa3ad
30,0,2621561,1,31,104,BankScope 신용대출,a428ab2593dcb7698f6afc22
44,1,22248213,1,17,107,BankScope 소상공인 대출,540b55340a30841220727a0e
66,0,89581476,0,3,98,BankScope 시니어 우대예금,45c12fec1dfa310879c8136e
50,0,27401989,0,7,97,BankScope 정기예금,3e8b61b72d19197edb94fdf5
42,0,9830159,1,12,105,BankScope 주택담보대출,fd726f1d8d88453eb834ddd2
46,0,13397585,0,18,102,BankScope 주택 마련 적금,19fd1e2671c370935ceb97f8
38,0,37084254,0,11,97,BankScope 정기예금,5f07b027c7edaa726717084e
25,0,3650202,0,13,101,BankScope 청년 희망적금,7c93aad070d5c5379a9ed1d3
20,0,3987498,0,16,101,BankScope 청년 희망적금,3b396df1862a3107b348ed39
40,1,56791345,0,7,103,BankScope 기업 정기적금,c5053fcc555b8c76dea4ffaa
45,0,21921299,1,7,105,BankScope 주택담보대출,57dd792a0e5e356709ed5be4
33,0,4939499,1,33,104,BankScope 신용대출,19a5128e29dc1f6c98ef7c36
44,0,36932104,0,2,97,BankScope 정기예금,d4e115e384145f27b26749e2
36,0,8547178,0,25,100,BankScope 자유적금,9f9cbb91d3076a1929542446
35,0,6256737,0,37,100,BankScope 자유적금,85e5706cd74601335628b7ed
30,0,19786982,0,17,102,BankScope 주택 마련 적금,da22cc7423059a54ebfcab60
30,0,3841523,1,27,104,BankScope 신용대출,afe77f38ac8bba443b4e16f2
40,0,12429672,0,14,102,BankScope 주택 마련 적금,557d6d2f03ac7cfcd2beb3c2
39,1,60249867,1,7,103,BankScope 기업 정기적금,da4a8436831f453fdd67e0c0
28,0,3693908,0,18,104,BankScope 신용대출,26efb64ce2ed02a8196c3cd1
38,0,27012225,0,8,97,BankScope 정기예금,29330178d75a3ccadf15b436
46,0,10774706,0,20,102,BankScope 주택 마련 적금,413e504a6263374e1297cf01
41,0,48475462,0,5,97,BankScope 정기예금,df9b22fa3b33b6923561ad70
36,0,6004124,1,24,104,BankScope 신용대출,b32842ed68a0c39f8a45789b
22,0,2660593,0,15,101,BankScope 청년 희망적금,5fff46ebc58228e4204b2daa
19,0,3920261,0,18,101,BankScope 청년 희망적금,27d9c4e09944ae2a63c40c84
25,0,3876514,0,18,101,BankScope 청년 희망적금,83bf7a8804d7a7f6c12bbeae
20,0,5053194,0,18,106,BankScope 전세자금대출,f31b5133e562cf2c3542bb84
29,0,673513,1,25,104,BankScope 신용대출,f25983c7901c0329219f4f14
65,0,103150442,0,3,98,BankScope 시니어 우대예금,6b4bc81c2409de2e088b3c16
22,0,4155993,0,19,101,BankScope 청년 희망적금,1cd1bcb60d5e83e89e75d125
68,0,53149612,0,4,98,BankScope 시니어 우대예금,0a6bbf73032e69cac4405d66
61,0,91946919,0,3,98,BankScope 시니어 우대예금,2d9f61243a167146bc34446d
46,0,8724496,0,33,100,BankScope 자유적금,55f590140ac15905f4fe8b7a
39,0,45029715,0,7,97,BankScope 정기예금,534b50c6915d8d68a91f3492
49,0,57409660,0,5,97,BankScope 정기예금,75cfd737cb30479349efe5ca
32,0,2716426,0,22,101,BankScope 청년 희망적금,98d77eb0ccc3a134b158836c
40,0,32989697,0,8,97,BankScope 정기예금,af74da1bd41df38cc60b0975
70,0,97192161,0,6,98,BankScope 시니어 우대예금,9a2a1f46033938013e97058c
34,0,6276925,1,22,106,BankScope 전세자금대출,3b0b3cef827f5584e1c06364
28,0,7727199,0,43,100,BankScope 자유적금,19fe41473a0107875b40acef
24,0,2851427,0,24,101,BankScope 청년 희망적금,49d10272451491b1ba3f6c5a
19,0,2788253,0,19,101,BankScope 청년 희망적금,a637e64b9aad5e177aefcd07
38,1,15477924,0,7,103,BankScope 기업 정기적금,c3d3ee6741fbadcd6aeef7d6
55,0,28423832,1,8,97,BankScope 정기예금,9b03bfd0681ca986ae4209e4
60,0,87117231,0,0,98,BankScope 시니어 우대예금,dfb9de6a3c4499b376d588e5
37,1,52729848,1,7,103,BankScope 기업 정기적금,129d4f3b2ab916d5e2ee0cc3
47,0,46563784,0,11,97,BankScope 정기예금,86af46ee9f187ee0ad61dc17
36,1,10728002,0,7,103,BankScope 기업 정기적금,6e9d496f7ea372eba8923b91
38,1,254103721,0,1,99,BankScope 기업 정기예금,dbab6f094bc874b1362b353a
29,0,6892959,1,35,100,BankScope 자유적금,20b999b31abafbf85fd910ba
23,0,3873157,0,18,101,BankScope 청년 희망적금,f90303aabf061286087cb75b
19,0,3896376,0,15,101,BankScope 청년 희망적금,8a02a4dd230d58431dea2f4e
24,0,3539192,0,14,101,BankScope 청년 희망적금,2ecfe20c3324a97314bc4c1d
20,0,2565314,0,18,101,BankScope 청년 희망적금,440b2d91d70fec87f1225d2f
19,0,3678655,0,20,101,BankScope 청년 희망적금,fa8f760df293e74f099c5e2b
42,0,13973580,0,15,102,BankScope 주택 마련 적금,f702e8f49b3dd40cafaf33eb
31,0,9567877,1,20,106,BankScope 전세자금대출,67f336a232b2a7bf913005a0
19,0,2170512,0,21,101,BankScope 청년 희망적금,7c01422843b59901400b3629
31,0,30719582,1,13,105,BankScope 주택담보대출,d81df5a305ece543a3e46590
37,0,11867909,1,13,102,BankScope 주택 마련 적금,21569d210af2b34874efb55d
19,0,4163186,0,21,101,BankScope 청년 희망적금,6981e2b6172024c4f5a260d6
32,0,7550643,1,22,104,BankScope 신용대출,e41670848b89e657ec95bd93
31,0,7966088,1,22,106,BankScope 전세자금대출,d3c960ba2c5283e650b4b47f
27,0,6043898,1,20,104,BankScope 신용대출,fa8731f452c756cc44a2fc07
39,0,3952597,1,9,105,BankScope 주택담보대출,2e74b975b4457e8bf3c1c913
36,0,17618017,0,10,102,BankScope 주택 마련 적금,d07548434d3fd4560727db90
31,0,4633121,1,43,100,BankScope 자유적금,1e0a934220e6feef8c809a6d
35,0,7103013,1,30,104,BankScope 신용대출,391afdf557ab8049732b2a88
37,0,24243388,1,13,105,BankScope 주택담보대출,3980758a398b6ed1573e60ee
47,1,181119694,1,5,108,BankScope 기업대출,69a760d7d70aa39bc9c621aa
45,0,67340100,0,5,97,BankScope 정기예금,a12e1a6846477a3baecb5d2d
43,0,26848235,0,8,97,BankScope 정기예금,059b32d9d58136d79b6d4d9c
32,0,17673429,1,9,105,BankScope 주택담보대출,bdbc732e3dce44109defee23
47,0,35073725,0,8,97,BankScope 정기예금,647af9b426a217586ab43b7e
48,1,257750173,0,8,99,BankScope 기업 정기예금,ec4d2b444f138d6cd7a2e755
29,0,3592822,1,17,106,BankScope 전세자금대출,9d3e630a4cceac53c1a8b2d8
52,0,56160118,0,3,97,BankScope 정기예금,330839db4788f230a1abbbfe
28,0,4472694,1,18,104,BankScope 신용대출,871caefe7c2a158991592f45
28,0,5202579,1,21,104,BankScope 신용대출,99158e7140bf4404489b3e84
25,0,2894912,0,16,101,BankScope 청년 희망적금,50191da0c80026cb6de22d03
38,1,180506982,0,4,99,BankScope 기업 정기예금,f54e9f2fa6cd41184d9c9141
62,0,123602135,0,6,98,BankScope 시니어 우대예금,4824f8ddbd9ba38f40e6d125
35,0,10467871,1,8,105,BankScope 주택담보대출,b098ec8ed364e3b7266eb7bc
45,0,48591881,0,4,97,BankScope 정기예금,8450152b36ba2f6af8dd2d6a
33,0,8631567,1,14,106,BankScope 전세자금대출,5108fc90da454d88e411a88e
43,0,54020756,1,8,97,BankScope 정기예금,c63bda61ec5875e7360e6819
28,0,3161202,0,22,101,BankScope 청년 희망적금,67b266766a2e24ce63a26139
39,1,269811551,1,6,99,BankScope 기업 정기예금,29b585357ed27c64c9f58a59
22,0,3029156,0,22,101,BankScope 청년 희망적금,f28ce1f6eb130d6e2285c1e4
42,0,16281395,0,15,102,BankScope 주택 마련 적금,eaf91cb0cb7dbe673b48d244
48,1,62897503,0,7,103,BankScope 기업 정기적금,ac7ce7a3339436d4f5ac7d23
34,1,76758838,0,12,103,BankScope 기업 정기적금,9374867efccd3159882473f4
55,0,22762267,0,3,98,BankScope 시니어 우대예금,72e092c65d250aff4bc3b610
39,0,14120373,0,15,102,BankScope 주택 마련 적금,9e93c7ee9a6a142434d20422
55,0,54230513,0,11,97,BankScope 정기예금,a56e23604445b587934f3fb4
23,0,3953256,1,24,104,BankScope 신용대출,5b75806381a3b8aeae6d0f2a
43,0,22233647,1,8,105,BankScope 주택담보대출,47907c42b7c0efa200da2dab
27,0,9432544,1,7,105,BankScope 주택담보대출,1439d6f2f20d3975678fe927
19,0,2589237,0,19,101,BankScope 청년 희망적금,fe826fbdbe63217e0778350e
62,0,70303725,0,1,98,BankScope 시니어 우대예금,105c2fffe22bc740552463bc
66,0,123823933,0,4,98,BankScope 시니어 우대예금,fec583e8ebe524c1642fedde
26,0,6458182,0,17,106,BankScope 전세자금대출,0af31f467f4aae6f5a7fba16
57,0,56556901,0,10,97,BankScope 정기예금,13091fe5780ee02f9bccc4b0
29,0,3559129,0,19,101,BankScope 청년 희망적금,61e4dc96fb94702b46259e67
33,0,10902786,1,35,100,BankScope 자유적금,f0c73295e1b9437a1f221dbf
28,0,6066567,1,28,104,BankScope 신용대출,b1497e3a64427280e00d7095
19,0,2205695,0,12,101,BankScope 청년 희망적금,9356214759cf879c81f5e1de
33,0,4390713,0,20,101,BankScope 청년 희망적금,33c1a15edc7fbd58a371d364
33,0,3741547,1,31,104,BankScope 신용대출,d5ca1bc6c467a8c30ddc4432
19,0,2423383,0,22,101,BankScope 청년 희망적금,58af72bd54172f9b860dfc08
40,0,23575588,1,6,105,BankScope 주택담보대출,2d60d326f783dfed0667589a
33,0,2523077,1,21,104,BankScope 신용대출,af1030a1c13d96b2cd9968aa
20,0,2633998,0,22,101,BankScope 청년 희망적금,99f549ed45643fa422f64b07
22,0,0,0,11,101,BankScope 청년 희망적금,fe3f3311bbaed491b153dde9
39,1,45427479,0,12,107,BankScope 소상공인 대출,8cc67c2e3e4d13fe3e5327dc
52,0,47886111,0,7,97,BankScope 정기예금,bd7226630d85dbeb8272f32e
50,0,45296538,0,7,97,BankScope 정기예금,a529c8b4387b52fbaddf2de0
43,0,12010291,1,8,105,BankScope 주택담보대출,486c4fdf01313678c317dbbd
47,1,40289340,1,5,103,BankScope 기업 정기적금,f49a25c4c947aaa81a29e131
39,1,35300200,0,14,107,BankScope 소상공인 대출,8b9f1c3bdfd38766619cd1f5
29,0,4954621,1,18,104,BankScope 신용대출,aaf9e5d45dbcdafcf65cc75c
45,0,39596886,0,8,97,BankScope 정기예금,167ce9e16590ec1309db0e92
23,0,2395451,0,21,101,BankScope 청년 희망적금,dd9fd243f3dae23f822e58a9
37,0,19652296,1,12,105,BankScope 주택담보대출,5b74527c2e01f6150113fa70
48,0,46494139,0,12,97,BankScope 정기예금,7843798d677aaa9facabc3c1
43,1,275149743,0,3,99,BankScope 기업 정기예금,75b637f73a2e799ebe654c4a
33,0,4470726,0,16,101,BankScope 청년 희망적금,271907e84216755e5a1c0e15
70,0,118453073,0,5,98,BankScope 시니어 우대예금,3f916ab383f0bfe8497f1297
24,0,3392029,0,28,101,BankScope 청년 희망적금,0c6d028f8f6d17d935c672c4
56,0,93351416,0,6,98,BankScope 시니어 우대예금,84b21fe5ae9564a117c2fbe4
25,0,1446590,0,21,101,BankScope 청년 희망적금,3fcf59fcf5e7838450cc4dd7
32,0,3537783,0,14,101,BankScope 청년 희망적금,233102a20bb481e4960ee216
23,0,2814809,0,18,101,BankScope 청년 희망적금,dac7fae44a17d1b917f06574
27,0,7221329,1,26,104,BankScope 신용대출,32963a18daf2740e9d3ff981
48,1,52992609,0,7,103,BankScope 기업 정기적금,5fad2e454bc699cfc540ad88
38,0,63187074,0,9,97,BankScope 정기예금,42b94c94ecbe6d42b65a00e0
34,0,20613233,0,11,102,BankScope 주택 마련 적금,cde2203541baa67439d3d3c8
27,0,3529933,1,18,106,BankScope 전세자금대출,7d3b60e57c63b1c8fa1bb560
30,0,8138473,0,30,100,BankScope 자유적금,e9a8205dbd11f344f851a796
42,1,57909298,0,4,103,BankScope 기업 정기적금,81b57c5b728acc9d9c6b7651
26,0,3428176,0,18,101,BankScope 청년 희망적금,f4b29c8e46ebb2d847521d7a
43,1,61116106,0,8,103,BankScope 기업 정기적금,d0b269e90083cb48ff39019e
19,0,4789938,0,23,101,BankScope 청년 희망적금,0dc95766017f64da9a17bf3d
27,0,8442722,1,16,106,BankScope 전세자금대출,f424c2088f7a3c718461deb9
61,0,105466079,0,3,98,BankScope 시니어 우대예금,f7de28bf6675bf1b1fa3bb38
49,1,308897350,1,13,108,BankScope 기업대출,e2a277b4f20073fe2c74e918
32,0,3682920,0,23,101,BankScope 청년 희망적금,370794f753482cbb19aac92f
33,1,75502023,1,9,103,BankScope 기업 정기적금,7ff41b0d8b9d41d96a9d6e18
58,0,79634286,0,9,98,BankScope 시니어 우대예금,3af9dafe60673f0b2f11e69f
27,0,4035224,1,26,104,BankScope 신용대출,7fffbd3cbefe6cdebb511257
55,0,44692966,0,3,98,BankScope 시니어 우대예금,97cec30996ac3cd3f947dd55
47,1,79665429,1,3,99,BankScope 기업 정기예금,df5f8a1e6aca6443d1c0b13f
27,0,2747166,0,26,101,BankScope 청년 희망적금,961112203171e8dc10b9aebb
34,0,22713825,1,14,102,BankScope 주택 마련 적금,4bc0595b9b00c44c28fc3d0a
39,1,49664467,0,11,103,BankScope 기업 정기적금,cde8ba4eac4fcd7d3b68aa90
22,0,8478149,1,16,106,BankScope 전세자금대출,c6529431ca757c669e019c4f
67,0,65681519,0,4,98,BankScope 시니어 우대예금,b3a2b1aa7c54b1b5038993f7
32,0,15164249,0,23,102,BankScope 주택 마련 적금,f75c1ce8d052a3d1e4619abe
36,0,11529037,0,30,100,BankScope 자유적금,4cdc1d809b06b4f4e03a685e
73,0,134540874,0,5,98,BankScope 시니어 우대예금,4b9811ff0a75adece58bc964
51,0,49740901,0,6,97,BankScope 정기예금,69b61f7ba0bfa553900dc4b4
31,0,3777662,0,22,101,BankScope 청년 희망적금,c7189a7e7e3d24b4a033e088
38,1,35972817,1,14,107,BankScope 소상공인 대출,9aeef3a208728f059c66de86
50,1,25775881,1,10,107,BankScope 소상공인 대출,78fbfeeca2a44146c88b2a65
34,0,7958516,1,27,104,BankScope 신용대출,2d42aa21ba41f073c9a2c3f0
63,0,60896266,0,3,98,BankScope 시니어 우대예금,0395c932593c339ba9fd0830
37,0,18749307,1,14,102,BankScope 주택 마련 적금,7c9765b1a5aac80d39aae5c0
38,0,8985387,1,13,105,BankScope 주택담보대출,4e73910b5a2b69ee97a98794
31,0,9678714,0,36,100,BankScope 자유적금,11bbccadbd43282367c6ae63
50,1,205846046,0,7,99,BankScope 기업 정기예금,e71d03bb78944d5fddcc5694
37,0,18512719,0,12,105,BankScope 주택담보대출,858b71f2b5f025b73982d8c1
31,1,58096467,0,7,103,BankScope 기업 정기적금,836727a067580185f4d0dd21
28,0,4913054,1,25,104,BankScope 신용대출,8dd287d57d4ead6fb25ba96f
51,0,46182858,0,6,97,BankScope 정기예금,8a9ea80b480c72dd1d033272
40,1,232251027,0,4,99,BankScope 기업 정기예금,4be1b74ad7d5e835c343dde5
23,0,4581469,1,13,106,BankScope 전세자금대출,33f4565e25b2f358fada9e54
22,0,3559212,0,22,101,BankScope 청년 희망적금,421e08ce25bd6cbb5f76f931
24,0,4557289,1,20,101,BankScope 청년 희망적금,ec928402c8074482df17ad5e
54,0,44701037,0,9,97,BankScope 정기예금,5ebc6388b86a30fc5ee5d783
39,0,24851426,1,5,105,BankScope 주택담보대출,c4ea68503ddcb00d04717be4
38,1,30016047,0,14,107,BankScope 소상공인 대출,91876b9a4a6fed856ab46d8e
19,0,7568912,0,35,100,BankScope 자유적금,ef1aece897727cb8fb357901
40,0,42515191,0,8,97,BankScope 정기예금,34b8419b9e4219c53d4bbd2f
43,1,52303987,0,10,103,BankScope 기업 정기적금,10163a5100c49513681565f3
35,0,8294994,1,14,106,BankScope 전세자금대출,baaea49d765dc28cc1168e8f
35,0,7279476,1,6,105,BankScope 주택담보대출,5f53a9ea5d827c25e62322c3
68,0,79041764,0,5,98,BankScope 시니어 우대예금,1588adc44af298d14575abd4
48,0,75196210,0,10,97,BankScope 정기예금,f5299f658232459f25f86788
34,0,12636786,1,18,102,BankScope 주택 마련 적금,9b9b474d3362d131c97d7558
21,0,2194008,0,24,101,BankScope 청년 희망적금,ed486e59c044aafe0fb3d8c6
20,0,4642649,1,12,106,BankScope 전세자금대출,d28dcd77f7ab51818261225b
30,0,16112923,1,8,105,BankScope 주택담보대출,1d8b36a40e1dab3062839b28
46,1,295109716,0,5,108,BankScope 기업대출,88f9ac142695a8a3ae9576d2
52,1,395174035,1,8,108,BankScope 기업대출,64ca7804f673651ce474776c
34,0,3726342,1,22,104,BankScope 신용대출,6b7951032a7ae4a558ba693c
38,1,49267552,0,8,103,BankScope 기업 정기적금,288c721c2615707474d462e7
26,0,5600079,1,14,106,BankScope 전세자금대출,687397ce37dab0f900bd8be3
36,0,20846294,0,18,102,BankScope 주택 마련 적금,28a6430bcaaab329d375b2ad
68,0,56742774,0,3,98,BankScope 시니어 우대예금,3eff3308cb3877fc288742ca
36,0,8258595,0,32,100,BankScope 자유적금,32db4d01eeaffd4d29272373
41,1,69458738,0,11,103,BankScope 기업 정기적금,51595f316e60bd3229f5ab42
22,0,6362453,0,42,100,BankScope 자유적금,2fca42099a24193ac7fd49e7
52,0,47598047,0,4,97,BankScope 정기예금,711f3545ccd960fece41f58e
19,0,3798644,0,17,101,BankScope 청년 희망적금,8406e63f89aaa993e5fa6759
68,0,83210937,1,6,98,BankScope 시니어 우대예금,068237c7fd6fd10af838abea
34,0,27070515,1,13,105,BankScope 주택담보대출,e26789c02daaf8385ff177bf
65,0,80300524,0,6,98,BankScope 시니어 우대예금,48c1fd5d52a5db274f975168
29,0,3888961,0,18,106,BankScope 전세자금대출,58858314a6d8d73963f139d5
26,0,8478672,1,21,106,BankScope 전세자금대출,1cbc7023c9a969e14fa6cd22
34,0,40541327,0,11,97,BankScope 정기예금,aea6cbe734014f566b8daf49
37,0,5812376,1,39,100,BankScope 자유적금,01498c9fe8d63fab7c92bb67
30,0,2733375,0,20,101,BankScope 청년 희망적금,9bb8dea642276d4951cbb25f
37,0,5327917,0,26,104,BankScope 신용대출,99ca6bf7d6e2906d1b3c6a94
25,0,4520260,0,22,104,BankScope 신용대출,5b3beddd3f4992d84afa5d50
28,0,6368267,0,23,100,BankScope 자유적금,17021910d60acd2e7179d162
35,0,12135379,0,33,100,BankScope 자유적금,a89ea1403ce85bf1da08773c
25,0,2641545,0,15,101,BankScope 청년 희망적금,c29fd60ca54255445541fae4
42,0,53513888,0,6,97,BankScope 정기예금,a8d02f529826c814f871f89f
40,0,82904039,0,6,97,BankScope 정기예금,529a37e8d7120ec8ac8eff36
40,0,51045564,1,5,97,BankScope 정기예금,4bf7e2297d1913f2c472ece3
41,1,180401146,0,4,99,BankScope 기업 정기예금,6da80b9bf76119907f8eb55b
38,0,64520376,0,8,97,BankScope 정기예금,04a708c76d0391b2ab462725
69,0,99446241,0,6,98,BankScope 시니어 우대예금,1b78eb13a732ca15e3bd53ef
39,0,17211059,0,4,105,BankScope 주택담보대출,4e6e4f36c97d8d20cecc34ae
44,0,29567076,1,9,97,BankScope 정기예금,dfaf079bde9528a0cd92bb47
21,0,4637109,1,18,106,BankScope 전세자금대출,83aee5dff79eb6990ebcdddb
40,1,45824405,1,6,103,BankScope 기업 정기적금,29c1eb9df82e0db1b9116e5e
31,0,7423278,0,44,100,BankScope 자유적금,afaadb75c99ba5735fbc0980
46,1,244546654,1,4,99,BankScope 기업 정기예금,fa265675143a8e97251b883d
66,0,44369484,0,1,98,BankScope 시니어 우대예금,c3ee1093d9d1cb7be66c36bc
34,0,21120756,0,15,102,BankScope 주택 마련 적금,37d5a57c4a63163e8043eed3
72,0,73168987,0,1,98,BankScope 시니어 우대예금,fdf64629e0249c7708160d20
34,1,34003681,1,14,107,BankScope 소상공인 대출,4e6f782149e2136c3d536f6e
69,0,80212584,0,4,98,BankScope 시니어 우대예금,354f3c0db4ceb1e685126227
41,0,48699166,0,8,97,BankScope 정기예금,60b25265395ef4569fb6c5e8
35,0,16444185,0,17,102,BankScope 주택 마련 적금,a2e4f5f7ba570e4559b49403
25,0,1455862,0,17,101,BankScope 청년 희망적금,790a33e3423261ff55e66378
32,0,12534269,0,26,100,BankScope 자유적금,75e55a320c55215931c34dbe
34,0,7154989,0,44,100,BankScope 자유적금,b9b17548485356eb626e12fd
39,0,7941712,0,37,100,BankScope 자유적금,1330bcaec73436bb9f92b409
34,0,5995701,0,45,100,BankScope 자유적금,afa6a98572316ea64a105869
31,0,11227649,0,44,100,BankScope 자유적금,05813cec2f97c175e8b72e27
55,0,64667713,0,7,97,BankScope 정기예금,b1cb8b83777d651f66bf7a29
20,0,7174114,0,22,106,BankScope 전세자금대출,86a496553c71b5b889347e48
72,0,98848294,0,6,98,BankScope 시니어 우대예금,85a22f2eadd6b795c33a8876
26,0,8201294,0,28,100,BankScope 자유적금,cb9aa956fceb92007a7ce14d
30,0,9119467,0,27,100,BankScope 자유적금,218b3999d0a97b2bc7c894b3
25,0,3135542,0,20,101,BankScope 청년 희망적금,78548592c2329661c7624b35
38,0,10221624,0,39,100,BankScope 자유적금,5296e5e84fc153366cef673b
31,0,11422978,0,20,102,BankScope 주택 마련 적금,c7e4ba7f9402fc01839bd310
34,0,11202150,0,42,100,BankScope 자유적금,2e19d32e6e38f8302ed37c47
19,0,3211621,0,15,101,BankScope 청년 희망적금,dab4ff1ac6faddfbe0eb8fce
27,0,10030684,0,46,100,BankScope 자유적금,5b4e001217e76f703ed7215e
65,0,143280059,0,5,98,BankScope 시니어 우대예금,f7ad18357b46e3513ec55a5f
21,0,6370447,0,33,100,BankScope 자유적금,1da4ae367348319b40bcee60
44,0,62281489,0,7,97,BankScope 정기예금,8bb596fef00eb10d948ae5ec
60,0,76166036,0,1,98,BankScope 시니어 우대예금,07be8b305ffa628da999f9c4
37,0,3229652,1,32,104,BankScope 신용대출,004960d7f6d739972e630dcd
29,0,2148158,0,27,101,BankScope 청년 희망적금,78ef570a39580798fa43257b
39,0,30995367,1,12,105,BankScope 주택담보대출,acc0ef01b8d68167c481ca1c
30,0,2977330,0,13,101,BankScope 청년 희망적금,9fea06222dd70b3069490cf4
31,0,5856978,1,16,106,BankScope 전세자금대출,a4543491c4b073cff00e9c8f
45,1,137842284,0,8,99,BankScope 기업 정기예금,d4425368ddb256ebb1cd88b8
23,0,4147836,0,18,101,BankScope 청년 희망적금,6887411ede29004d05d6016a
39,0,16387639,1,20,102,BankScope 주택 마련 적금,511e1e86caf4ea3cd63ea327
43,0,17380603,1,11,105,BankScope 주택담보대출,6bf055feea23026aa91c72f5
32,0,6381223,1,25,104,BankScope 신용대출,c3bbb697203358cb07eddabd
39,0,8136008,0,39,100,BankScope 자유적금,32a88dce2b6b8eccf2cecedb
31,0,7376834,1,36,100,BankScope 자유적금,d9c54399b011c65f78d669f1
41,0,50968070,0,6,97,BankScope 정기예금,3fc67f79f0ab00eb06650196
68,0,42573541,0,7,98,BankScope 시니어 우대예금,7c3ed53a2ba95ff164282631
47,0,56741502,0,5,97,BankScope 정기예금,b2c867b3457efce3cc988709
63,0,97643170,0,6,98,BankScope 시니어 우대예금,90b3bc887570ebcd13f4c9ca
28,0,7304801,1,36,104,BankScope 신용대출,abf2e88f98e920c601ba7356
19,0,2757778,0,20,101,BankScope 청년 희망적금,f39d8ad69a3484fce50bf4cc
37,0,15109081,0,13,102,BankScope 주택 마련 적금,23c0083599067102749ca416
37,0,4179823,1,18,104,BankScope 신용대출,6af5cb3e509f077d846c10a2
20,0,5843561,1,16,106,BankScope 전세자금대출,dffc616c870144922e06dd32
70,0,97956698,0,1,98,BankScope 시니어 우대예금,832a079db3ee22a2cfdb59f1
65,0,94090350,0,0,98,BankScope 시니어 우대예금,f08a0c7154f0624035b29f30
22,0,2650288,0,20,101,BankScope 청년 희망적금,0f57066e723689cfbcd8aebc
60,0,107254894,0,4,98,BankScope 시니어 우대예금,8b5b59e5992350a1eb8e523d
55,0,94877563,0,8,98,BankScope 시니어 우대예금,288d1d6cb242a098fcc12b78
42,0,12840159,0,21,102,BankScope 주택 마련 적금,3d046ba30a2c974728c3ef5a
39,0,18591409,0,16,102,BankScope 주택 마련 적금,134378ac219a8250cea733fc
41,0,46024025,0,10,97,BankScope 정기예금,9c85b90f4086074aa5dd658a
32,0,1317065,0,20,101,BankScope 청년 희망적금,5bafc35884228252c6732973
42,0,62115885,0,6,97,BankScope 정기예금,33e31fb97a95e5dda20fb981
33,0,9709956,1,31,100,BankScope 자유적금,fa81832a18439b1d781b4e94
45,0,47431155,1,8,97,BankScope 정기예금,9f73b98b3789f4a381b79050
19,0,4578442,0,23,101,BankScope 청년 희망적금,e8b0c0e75dbbda5dbba82470
25,0,7443394,0,14,106,BankScope 전세자금대출,30971bb5391f4421c5b16fc4
42,0,10951913,1,11,105,BankScope 주택담보대출,c83c6747a1728c8fa3f54e05
57,0,83023073,0,5,98,BankScope 시니어 우대예금,2f2c45fa0aa52572d0db7fd4
29,0,3742665,0,27,101,BankScope 청년 희망적금,8ecd54dc91c0575c8ea521c8
67,0,84370544,0,6,98,BankScope 시니어 우대예금,be11572affc06bde79e6c1a3
29,0,5442711,1,20,104,BankScope 신용대출,c4bd35b05d0ba3e800e2adca
46,0,64155732,0,8,97,BankScope 정기예금,303289ee59c660a16555206a
37,0,5773975,1,35,100,BankScope 자유적금,67d957e7c0642c08ae6b5fd4
29,0,12890185,0,16,102,BankScope 주택 마련 적금,8595c16b625b381dd8a74bb2
55,0,57188751,0,7,97,BankScope 정기예금,a660b96a1df8efa3baa23693
44,0,73063269,0,9,97,BankScope 정기예금,2e50292812b870a82ab75a35
51,1,18076387,1,8,107,BankScope 소상공인 대출,08249dbb46101692f1f07fc2
28,0,9779167,0,36,100,BankScope 자유적금,532ab3d932839238c38064c8
38,0,5988376,0,50,100,BankScope 자유적금,6bc04d300992f919bae32147
36,0,17158313,0,11,102,BankScope 주택 마련 적금,548aa0ae6605f1c1db58a4fd
28,0,11092240,0,41,100,BankScope 자유적금,3dcef9605f319431b4689bb9
30,0,5561610,0,40,100,BankScope 자유적금,dc276fe9a5862044578e1d85
40,0,12994091,1,12,102,BankScope 주택 마련 적금,9eb4deee2da07da49357434f
35,0,11319666,0,27,100,BankScope 자유적금,a078dd4dfe16759087528adb
32,0,10565009,1,14,106,BankScope 전세자금대출,2e2aeb30e78c6aab121252ad
21,0,2991756,0,23,101,BankScope 청년 희망적금,3e6ca694fbeb3421ec54b413
65,0,108292242,0,6,98,BankScope 시니어 우대예금,0acbb833fa9c415296a8e999
50,0,48779784,0,8,97,BankScope 정기예금,6ffd1dc5e3fd788e41a997b6
48,1,34747327,1,14,107,BankScope 소상공인 대출,cbae574e9d4da46a0605c3dc
27,0,4093200,0,13,101,BankScope 청년 희망적금,6620272f51ecbccd09eeda74
33,0,56465145,0,9,97,BankScope 정기예금,add5e80802285f2de2f795e3
47,1,25453954,0,5,103,BankScope 기업 정기적금,70f68b7fe1e7d1ecb5dd2d71
26,0,9201045,0,10,106,BankScope 전세자금대출,353e61319ed4e90b3eb60146
36,0,15427199,1,13,105,BankScope 주택담보대출,c55bf46ac2676e2514f264b2
27,0,22885313,0,20,102,BankScope 주택 마련 적금,730aaa5b0f2d7ecdb0144935
34,0,7599644,0,26,100,BankScope 자유적금,3a48eaa24db4c3686eebcc3e
47,1,172057829,0,6,99,BankScope 기업 정기예금,e135d4c10ab3de93eb4dfa15
40,0,15831863,0,15,102,BankScope 주택 마련 적금,38c249563c347ee066847360
33,0,3312203,0,23,104,BankScope 신용대출,35f800121787aafc45c855f6
36,0,5181914,0,47,100,BankScope 자유적금,ff145d2cdcf840f2470a9a56
56,0,29009867,0,5,97,BankScope 정기예금,541ef781c0375353a0107aca
46,0,61978500,0,11,97,BankScope 정기예금,1f4d1697eb1693a309f0f76f
69,0,87852093,0,8,98,BankScope 시니어 우대예금,e995cf20a43606831eddd7ab
35,0,15704964,1,15,102,BankScope 주택 마련 적금,de67118513e3f102af35b3de
19,0,3194698,0,23,101,BankScope 청년 희망적금,8629599a0015f5697a40ab3b
37,0,15980870,0,18,102,BankScope 주택 마련 적금,b187bd57da9c6acb33d10832
38,0,3959106,0,39,100,BankScope 자유적금,6de603845e0029e02d281ebe
65,0,29610280,0,2,98,BankScope 시니어 우대예금,43cfaf08ce1bf99f247d5800
66,0,34869546,0,4,98,BankScope 시니어 우대예금,09bd34cfa27724e901d9172b
32,0,3715938,1,21,101,BankScope 청년 희망적금,6e25a65792161ef9ecc255a1
47,0,52051838,0,12,97,BankScope 정기예금,e9ed650c05f1329bf52f92ec
33,0,11508120,0,37,100,BankScope 자유적금,ecfb20eec3282ac686b63f0e
24,0,2590345,0,28,101,BankScope 청년 희망적금,29c8befba7d33b0f9c44306e
40,1,44116670,1,11,107,BankScope 소상공인 대출,950b720f989f93d4b9e0dbf4
43,0,67133110,0,12,97,BankScope 정기예금,ec37d2fe25772b88150ba348
36,0,32150546,1,14,105,BankScope 주택담보대출,ed763746e2b2c825d20d66d4
27,0,20937398,1,13,102,BankScope 주택 마련 적금,54904c1d182dfec50b34c3b7
31,0,2799641,1,26,104,BankScope 신용대출,b05de3291fa0ab0da61d2459
58,0,102774757,0,3,98,BankScope 시니어 우대예금,49cbf4d27a624ca93805f3d9
48,0,42300062,0,9,97,BankScope 정기예금,37b331f1108046aacbb9766e
39,0,45079021,0,7,97,BankScope 정기예금,5a79b6216778b64c7f741aa2
52,1,168386239,0,7,99,BankScope 기업 정기예금,0d0d6a3003a24d6fc16352b4
32,0,22832068,1,14,105,BankScope 주택담보대출,420da257d6d945c6ba6f1257
35,1,38544880,0,11,103,BankScope 기업 정기적금,4e8a3b1cd3b81a40328b83af
37,0,7382453,0,31,100,BankScope 자유적금,3d541b0a123adf61ad37c8bb
40,0,4315811,1,21,104,BankScope 신용대출,f7e47dfa6177a2b11ea6a6f2
45,1,148776750,0,6,99,BankScope 기업 정기예금,c2d0d02c0f5341ae9e029646
31,0,8676886,0,34,100,BankScope 자유적금,d08f0f7fe2e669a717b62a7a
19,0,3743331,0,9,101,BankScope 청년 희망적금,909a45d0cb23a31122409834
26,0,4814161,1,24,104,BankScope 신용대출,a68128c31515f3959e7c1d5f
27,0,7371200,1,19,106,BankScope 전세자금대출,810df3e1c15344bbdc078d6b
35,0,7632174,0,30,100,BankScope 자유적금,ca7693000af43eff64400e59
37,0,22084384,1,14,105,BankScope 주택담보대출,d787a65c92f274e1ecae89ac
32,0,8443584,0,28,100,BankScope 자유적금,0e14c8cb4f39e31bd4ede561
28,0,6688621,0,33,100,BankScope 자유적금,0bb2d5e5a6728b60e0cb817f
37,0,7280294,1,48,100,BankScope 자유적금,8eeb8e4495f14bd78f4aee28
39,0,18629164,0,8,105,BankScope 주택담보대출,911ef562ea72850b509ca714
68,0,64701043,0,4,98,BankScope 시니어 우대예금,30f982c71b2fc83c7513d903
52,0,43325804,0,6,97,BankScope 정기예금,540b5661fe6eed707bf27128
31,0,4849216,1,15,106,BankScope 전세자금대출,68edc3ea78efee34e207dfc3
39,0,67740701,0,9,97,BankScope 정기예금,d45b13fa33ce9d1402d54e1f
34,0,19145092,1,9,105,BankScope 주택담보대출,cd09de249780ae9239b24175
54,0,54138110,1,5,97,BankScope 정기예금,11c32301835da2a08afac069
38,0,48326995,1,14,97,BankScope 정기예금,8a4024368470fb6e2bc2713d
67,0,52912771,0,3,98,BankScope 시니어 우대예금,76bbb9b71e0407cdb0d5d22e
34,0,14482720,0,17,102,BankScope 주택 마련 적금,797e10e3fdffc24427c1191a
34,0,3817885,1,15,104,BankScope 신용대출,2b8b5ab334e803e863aa4a1c
60,0,93762739,0,6,98,BankScope 시니어 우대예금,d3403ca5f1934d488b494cdb
24,0,5469667,0,35,100,BankScope 자유적금,4aee75747b180376faecb3ef
25,0,3505160,1,19,106,BankScope 전세자금대출,1d080e661b15be2df916cd86
37,0,39917372,0,9,97,BankScope 정기예금,bee127e1160fb15f080e2644
47,1,155403693,0,1,99,BankScope 기업 정기예금,420e7c5a7eb817085745dfbd
30,0,2708836,0,21,101,BankScope 청년 희망적금,719eb1bdc52f8e26e9963308
44,1,282640101,0,9,99,BankScope 기업 정기예금,90c74a8adf76c62836a352c6
40,0,49838861,0,9,97,BankScope 정기예금,a626d852668696ee01d3048c
35,0,7326779,0,38,100,BankScope 자유적금,d6f140f4b0a8f9cbf6fd2286
36,0,31966069,1,8,105,BankScope 주택담보대출,3fadfbeebc53fb06e6250610
64,0,70676482,0,2,98,BankScope 시니어 우대예금,96d40102e7dacfb2878b1e00
25,0,9236884,1,13,106,BankScope 전세자금대출,aa3ac85eb448cd13ff55dd01
36,0,19213879,1,10,105,BankScope 주택담보대출,2810ef773ebd5a8a29f88ca6
36,0,7669693,0,43,100,BankScope 자유적금,da426039923a5125bbd32d9a
42,0,8142636,0,19,102,BankScope 주택 마련 적금,9ff2ab178c715e37ced59d29
30,0,19167785,0,14,102,BankScope 주택 마련 적금,ab2467aba6885d7550dd1edb
29,0,6669158,0,22,104,BankScope 신용대출,ec1f6c293cd8248cc0eefa35
28,0,3587005,0,25,101,BankScope 청년 희망적금,6d623b644ad36b4f05b2adf9
35,0,8422854,0,21,104,BankScope 신용대출,2a046027b3f2422187c14f30
25,0,6880372,1,20,106,BankScope 전세자금대출,086553ef51226820592e84ac
52,0,55725871,0,7,97,BankScope 정기예금,06b6308994d957706fec4094
33,0,17521262,1,9,105,BankScope 주택담보대출,2ccb0b08da5b6962676fb166
21,0,2849909,0,17,101,BankScope 청년 희망적금,ecb879109fffaa2bfd4d0cbc
28,0,9358671,1,17,106,BankScope 전세자금대출,7380e77fba35971d5011619a
30,0,8888741,0,29,100,BankScope 자유적금,c5fab79aff85a0145b12ea8c
31,0,30527531,0,9,97,BankScope 정기예금,bdf76932b5fc9410009a627f
38,0,13953294,1,7,105,BankScope 주택담보대출,d811fea9ed5b27b9140319b3
39,0,8084341,1,35,100,BankScope 자유적금,f04b9d7d79abe0fccb2a1a74
33,0,5685207,0,37,100,BankScope 자유적금,5bc1a0b58e72fbe9e29abb82
30,0,4366012,1,22,104,BankScope 신용대출,e909c3e6de21d81c06054364
37,0,5216332,1,26,104,BankScope 신용대출,ab95acfee244b0683ac5104c
37,0,4870674,1,18,104,BankScope 신용대출,f1106c27f4f3d3de1e56fbc2
32,0,13172503,0,16,102,BankScope 주택 마련 적금,7534739e763975b94e5fa3cb
41,0,66117946,0,7,97,BankScope 정기예금,b05a380fb26c05d0bc86485a
39,0,7490613,1,36,100,BankScope 자유적금,288e072935b718032d05a6f1
51,1,226698098,0,2,99,BankScope 기업 정기예금,c5ad26a1b572edcf6c495244
45,0,34440069,0,7,97,BankScope 정기예금,a184aff4306b6346f77a8840
65,0,75924320,1,7,98,BankScope 시니어 우대예금,5ca7eb88563b7e385724626d
39,1,67447902,0,0,103,BankScope 기업 정기적금,39d9bbb7b9368eaf3014ff29
30,0,8794493,0,36,100,BankScope 자유적금,a854a2877b8c5ed335280024
61,0,88798549,1,7,98,BankScope 시니어 우대예금,dc1c00ffdd6a244cfb325aa5
28,0,2645983,0,19,101,BankScope 청년 희망적금,7dffeff6197f0a3215c950ba
32,0,10791375,0,16,106,BankScope 전세자금대출,20b3a1fab9215ac3748cec00
43,1,281348320,0,2,99,BankScope 기업 정기예금,80a5d2d385513088e6ce3f25
36,0,5774835,1,37,104,BankScope 신용대출,aefe03bfe68f0a0605804ee4
42,1,250854819,0,5,99,BankScope 기업 정기예금,d9e6ed75aa7869aa0d507be4
27,0,2647080,0,31,104,BankScope 신용대출,16bb7c86cbd5daaf561e84ca
32,0,10022031,0,26,100,BankScope 자유적금,2490846687b55ef987f0bf8e
45,0,73057067,0,11,97,BankScope 정기예금,774141460eb23cd80655348b
31,0,3961128,1,26,104,BankScope 신용대출,ab9da4576ec8590c27b4bf11
45,1,82209625,0,6,99,BankScope 기업 정기예금,4518ab7a6c64772fd80b6e56
37,1,277712424,0,5,99,BankScope 기업 정기예금,a1f7f6e45f196ae221bd2e19
60,0,50973552,0,4,98,BankScope 시니어 우대예금,21a09d854a0700ead9ba213b
27,0,3076256,0,19,101,BankScope 청년 희망적금,ad17c6db061359edc09c3055
39,1,12205981,0,20,107,BankScope 소상공인 대출,67a79d2a0ee0fbae1a56e0ef
36,0,21488243,0,13,105,BankScope 주택담보대출,dfa5192893c8fdb597a8842d
30,0,8346036,0,31,100,BankScope 자유적금,eb2a9019b62e184549c118e6
54,1,270741845,0,4,99,BankScope 기업 정기예금,acb267e7c92165592a37dc92
29,0,6680902,1,17,106,BankScope 전세자금대출,736809b06f025f86fb88ea55
69,0,68774271,0,2,98,BankScope 시니어 우대예금,e7afd758a25eb3efe83114f8
47,0,59174300,0,11,97,BankScope 정기예금,edf87da53b8a3c58ac57f455
31,0,2362951,0,25,101,BankScope 청년 희망적금,a4481e15c44b7d9d3db1580c
45,0,53733981,0,2,97,BankScope 정기예금,bc31006194518f8562752a7f
36,0,16633465,1,6,105,BankScope 주택담보대출,089162f4f2da8ada7080a49e
19,0,3677870,0,18,101,BankScope 청년 희망적금,e6daf66ef78091097b3b7c07
52,0,28861763,0,10,97,BankScope 정기예금,bd89dd7df13b757043638463
44,0,50951052,0,6,97,BankScope 정기예금,46b762c45768d22bdd861063
69,0,116591326,0,5,98,BankScope 시니어 우대예금,5579ff85fd22ace15dbfb56a
42,1,224410858,0,4,99,BankScope 기업 정기예금,1f2330ede67da773e486a38f
35,0,65034065,0,9,97,BankScope 정기예금,46619bb31c8d6211e48a3457
52,0,48837379,0,6,97,BankScope 정기예금,edb47456ceaa52c64a5165b4
34,0,4956775,1,17,104,BankScope 신용대출,2b4de6f52c905c3069138d8c
70,0,96247858,0,7,98,BankScope 시니어 우대예금,da15648e070fdf296d9eda98
31,0,8544869,0,20,100,BankScope 자유적금,b2fecf7fa6457c2ffae20d2d
60,0,86450618,0,7,98,BankScope 시니어 우대예금,79f81a5e5733a6e464966cf8
34,0,7983049,0,31,100,BankScope 자유적금,d68b2f6c48f9821df3eecf36
29,0,10380623,0,34,100,BankScope 자유적금,626277b4ef7a9a47bbd52bcc
64,0,87038826,0,3,98,BankScope 시니어 우대예금,dd3d5b2982633b60280d7b03
45,0,59224418,0,11,97,BankScope 정기예금,c3196d40c586e494a2b052fd
38,1,180138539,1,5,99,BankScope 기업 정기예금,058ef868fe48ef3ccbec3bff
43,0,53565975,0,9,97,BankScope 정기예금,3364aab65cf6fafc6d2f8094
27,0,3585869,0,24,101,BankScope 청년 희망적금,35563daf77d99b9a2bca1ff1
24,0,4863437,1,40,100,BankScope 자유적금,103f08eb0ca7279088315d85
41,1,77233662,0,14,103,BankScope 기업 정기적금,308ebd3d0e76d8dd2e81282e
27,0,8775793,0,39,100,BankScope 자유적금,822700f2b9851c3c1268c7f1
37,0,40986692,0,8,97,BankScope 정기예금,23a28fdb9b7890b6e080814a
32,0,3334260,1,19,101,BankScope 청년 희망적금,34e46e1853ea80348d885927
57,1,266230269,1,6,108,BankScope 기업대출,cedd4f82b57b3fdb73757736
22,0,3819226,0,20,101,BankScope 청년 희망적금,56b62a0befcc02c80dfd8aa7
27,0,4189804,1,29,104,BankScope 신용대출,afdad70d6cc0e33330f6bbd7
29,0,6318496,0,37,100,BankScope 자유적금,b27305be33663704c46ccfd6
23,0,9128700,1,16,106,BankScope 전세자금대출,f4727d1c0e0252d3b6cbb5f8
25,0,6127307,1,42,100,BankScope 자유적금,0cd3a24b967a5a14762a7edd
33,0,7644748,0,23,100,BankScope 자유적금,562944b484577d4bec7ac43a
27,0,3512436,0,14,101,BankScope 청년 희망적금,110daaa9214491181cc1df12
72,0,85921530,0,0,98,BankScope 시니어 우대예금,2348793260704b5200504bfd
25,0,1894954,0,19,101,BankScope 청년 희망적금,64bd0de1ae5dc7aa7f86f95b
32,0,30276268,1,11,105,BankScope 주택담보대출,e823ced25bd468c21d4a129d
67,0,53732135,0,4,98,BankScope 시니어 우대예금,b63df33ed59085b846944d67
68,0,77505931,0,5,98,BankScope 시니어 우대예금,a09ec449e139610b432457b4
62,0,62855557,0,7,98,BankScope 시니어 우대예금,f6dcd9102616bc6f9df4b60b
43,0,62204542,0,6,97,BankScope 정기예금,4fe51db96e7abd87d9cb2988
36,0,9314573,0,29,100,BankScope 자유적금,00a4ec68e5c5cabdf146bf57
33,0,8297011,0,33,100,BankScope 자유적금,41cba867e97c2b90b528e13d
26,0,10783209,1,15,106,BankScope 전세자금대출,5fd7afe55a1e891300f89459
28,1,40789427,0,7,103,BankScope 기업 정기적금,6d64094744dd41d213fc422e
46,0,60455764,0,8,97,BankScope 정기예금,5a166e3beae949cdca189047
35,0,18662037,0,15,102,BankScope 주택 마련 적금,5e516241fca577fc0a51b4a4
48,0,35213778,0,6,97,BankScope 정기예금,9cc35e430454d3955772b0c5
32,0,3172305,0,22,101,BankScope 청년 희망적금,2ef3d736ee9b08eaaf3b9628
23,0,6307239,0,32,100,BankScope 자유적금,9f3b0fb92ce08444b8cef304
29,0,5165627,1,22,104,BankScope 신용대출,e42154f720e98f76e34095f2
21,0,4615072,0,20,101,BankScope 청년 희망적금,93b04cabf38390d5bf5404c7
36,0,11546528,1,46,100,BankScope 자유적금,982b93ee7fce8381e253a031
24,0,7800479,0,28,100,BankScope 자유적금,4fae3a4ecb8fcd71d9f49287
29,0,3898090,0,27,101,BankScope 청년 희망적금,5ec9da7d5a6451326d5840ab
26,0,4110752,0,18,101,BankScope 청년 희망적금,eecd3ed823d79425e661e9f2
35,0,15610758,1,12,105,BankScope 주택담보대출,08bb072e76adfac78c653b4e
31,0,14352430,1,30,100,BankScope 자유적금,fe6162ae1835cd4b6db2082b
37,0,9102090,1,29,100,BankScope 자유적금,004546ad6ff47335b61f2afb
26,0,2064186,0,24,101,BankScope 청년 희망적금,57192dffc4311ebe9c6ea4bc
37,0,15790531,0,18,102,BankScope 주택 마련 적금,131432516067feecc21b3ab7
29,0,3291407,1,20,104,BankScope 신용대출,e1ccae408a5ef68c7302cc78
28,0,10358158,1,12,106,BankScope 전세자금대출,15f63ec00d30225b0915b6db
45,0,21204431,1,9,105,BankScope 주택담보대출,545c6356ebebbb8f0042bd2b
40,0,41806039,1,9,97,BankScope 정기예금,dd49981ab620d0a79f424a69
35,0,1466110,0,28,100,BankScope 자유적금,bc9628827666d69817510764
30,0,13768675,0,13,102,BankScope 주택 마련 적금,0607dcb75754dc2631784548
34,0,4278297,1,14,106,BankScope 전세자금대출,57393f968f78bf9e7f2cdabc
26,0,4006140,0,19,101,BankScope 청년 희망적금,5531cc731cf5110c4f5217ab
25,0,2230837,0,26,101,BankScope 청년 희망적금,f22d8a60005c5dc734026e0d
27,0,6505587,0,34,100,BankScope 자유적금,39c196930d982fed3a4c7d19
26,0,2908149,0,20,101,BankScope 청년 희망적금,40ea9953e9aec87efa1d408a
27,0,6768494,0,33,100,BankScope 자유적금,691e529594bb5e722d34b791
48,0,59282904,0,7,97,BankScope 정기예금,21e0e904df1936806197ca4c
24,0,6441760,1,24,106,BankScope 전세자금대출,968be834a96c938b4a5c4272
36,0,23393797,1,14,105,BankScope 주택담보대출,46756073696fcc8553051fa0
51,0,54605045,0,9,97,BankScope 정기예금,6077e2773f3a4a9e0c4a88a5
33,0,16811322,1,14,102,BankScope 주택 마련 적금,3e21ab92905f8103cd083f58
49,0,8893603,0,8,97,BankScope 정기예금,96bd673c80de0f7afa9a5d65
36,0,6289024,1,8,102,BankScope 주택 마련 적금,d37d3af82ae5c725b37242b7
42,0,27536765,0,8,97,BankScope 정기예금,f70b3028f043799ee58574bf
42,0,49506882,0,7,97,BankScope 정기예금,23617165da973284dbd02f8d
34,0,17273676,0,10,102,BankScope 주택 마련 적금,0db75a27b34729744f10f9da
49,1,64096032,0,11,103,BankScope 기업 정기적금,49f3bb5882ccf42660e6282f
29,0,3873249,1,24,104,BankScope 신용대출,cc7360baf53ec8bd2778e448
33,0,7348888,0,37,100,BankScope 자유적금,b8f4d6f3a647ca3b4a6633b5
38,0,4947535,1,17,106,BankScope 전세자금대출,ed83c561e742868c7302ca66
66,0,49427904,0,4,98,BankScope 시니어 우대예금,ae50882c645b18dd68de531a
21,0,8286700,1,15,106,BankScope 전세자금대출,c27421d353b327bb79ad0492
33,0,16281490,1,11,105,BankScope 주택담보대출,91e5e55529ca8928b934ae44
49,0,51818909,0,13,97,BankScope 정기예금,35b490cdbded771956186a67
19,0,2636199,0,10,101,BankScope 청년 희망적금,19c1699b99a3e42150f26886
27,0,14165112,0,18,102,BankScope 주택 마련 적금,b59205ad4f8fcf25806daba2
35,0,11711340,0,11,102,BankScope 주택 마련 적금,3442620f250f028e7aba854b
28,0,9549914,0,37,100,BankScope 자유적금,33eb3efbab2087836988c728
34,0,18658000,1,16,105,BankScope 주택담보대출,303a70bdc04c3d91520c5595
46,1,37123476,0,9,107,BankScope 소상공인 대출,497128cfd322f4bdfc35f9a8
64,0,76480837,0,3,98,BankScope 시니어 우대예금,4abf06aec5ab75c6d1ab7539
31,0,7675197,0,36,100,BankScope 자유적금,9d25c582feb10b19f6eb3556
22,0,20475255,1,11,102,BankScope 주택 마련 적금,bc736c82b6120f28b29029e0
22,0,4348691,0,13,101,BankScope 청년 희망적금,daf7d787a86868982f4197ad
44,1,195284696,1,6,99,BankScope 기업 정기예금,c62e66eac478fa69bf565f59
33,0,4791026,1,20,101,BankScope 청년 희망적금,d1601bca0afb32848e72978e
33,0,15915796,0,11,102,BankScope 주택 마련 적금,9bfad0dd6a173ff3974cc101
44,0,18459829,1,16,105,BankScope 주택담보대출,3de5c6d179e41d63538ea07f
38,0,10265701,0,28,100,BankScope 자유적금,020a01ea022375d4c9f0b82c
33,0,2886981,0,17,101,BankScope 청년 희망적금,e8005dbb7fbfa4e048c79e1c
30,0,7382265,0,29,100,BankScope 자유적금,42db7a22627caa3edf0ff463
50,1,126488990,0,5,99,BankScope 기업 정기예금,fc30750ea5c91fb2a0a51004
24,0,5925258,1,16,106,BankScope 전세자금대출,ad51cb5d9e836c2de6ca0875
27,0,6357818,0,32,100,BankScope 자유적금,468afb9baf473d64549ae826
37,1,205232299,1,8,99,BankScope 기업 정기예금,d028009003535157ac19b8aa
45,0,84197682,0,9,97,BankScope 정기예금,caae0b6ccf91010cc4ebb8df
39,0,31967474,0,10,97,BankScope 정기예금,044024d4b04d988d96120f66
70,0,51873585,0,5,98,BankScope 시니어 우대예금,e82171d6081243544f8dd115
26,0,3813168,0,26,101,BankScope 청년 희망적금,7ab380355e0371415b1e8bb6
29,0,4614878,0,32,100,BankScope 자유적금,bb679ea3681f646e8339606a
33,0,4601113,1,31,104,BankScope 신용대출,908004e887e144039b846cff
25,0,2863182,0,22,101,BankScope 청년 희망적금,07494c15a2639f953edb328a
29,0,16948787,0,12,102,BankScope 주택 마련 적금,b42eb5ddf538b35d9b00c230
39,0,92020594,0,10,97,BankScope 정기예금,9a16a8f0604c4bba179345df
30,0,14651327,1,19,102,BankScope 주택 마련 적금,2de5c01d097de812cb20ccf3
41,0,62838399,0,13,97,BankScope 정기예금,f7dfe0ad6fadf01c2ec860a2
30,0,6328589,1,20,104,BankScope 신용대출,9f0d0f553aee360777686887
39,0,15981559,0,19,102,BankScope 주택 마련 적금,cb38dca54c7d1997f7d38cbb
62,0,94317736,0,4,98,BankScope 시니어 우대예금,201e11c873d59ccb93d64756
41,1,213577536,1,5,99,BankScope 기업 정기예금,f28d9a4023d08b8bddebc1fd
30,0,2501923,1,34,104,BankScope 신용대출,943749171cf2fefd19a33546
40,0,5872065,0,28,100,BankScope 자유적금,2532bce64f4f63a1bbf1e940
32,0,3220712,0,23,101,BankScope 청년 희망적금,878d9546390db83118f6a417
35,0,12296266,1,12,102,BankScope 주택 마련 적금,c7c8c23dffe6f6e6a75345b4
22,0,3724370,0,27,101,BankScope 청년 희망적금,9bf06ab724a4b9d86251400e
57,0,59595254,0,6,98,BankScope 시니어 우대예금,7bfb0141341b49e1a57bf286
43,0,38855988,0,7,97,BankScope 정기예금,83b603cc9d1161e704d6ed8d
43,0,9962230,1,9,105,BankScope 주택담보대출,2b39d91d48f1b17157fc912d
28,0,2946696,0,20,101,BankScope 청년 희망적금,f0e429201b74f31c6ad50f4f
21,0,3945799,1,22,101,BankScope 청년 희망적금,633850f1ee5c4ca753bdaf3c
30,0,4430659,1,19,104,BankScope 신용대출,d08b73fdd4e18eae020abb9e
61,0,61720514,0,5,98,BankScope 시니어 우대예금,b2a0e901879525632b4470ce
49,0,52151434,0,4,97,BankScope 정기예금,49c5c751eedf5980d8bc130e
34,0,12640732,1,16,102,BankScope 주택 마련 적금,8aa1076f1dfe2441f306773e
37,0,4399275,1,6,105,BankScope 주택담보대출,6908c8c8b9704be1921789e7
44,0,27509173,1,9,105,BankScope 주택담보대출,cbc95289969b1c0e349f8be4
32,0,7954554,1,26,104,BankScope 신용대출,f5446d3b2836d0abcd423e93
42,0,18464194,0,17,102,BankScope 주택 마련 적금,658770f346a707709f65cd1f
48,0,28599315,0,7,97,BankScope 정기예금,2c38a42f7d7fd3e599124801
19,0,3852277,0,20,101,BankScope 청년 희망적금,5f133660a5d3227d66453866
46,1,124286613,0,4,99,BankScope 기업 정기예금,e690ccbfe405226be86495f7
29,0,8543130,0,30,100,BankScope 자유적금,356681abfdd8f57f9ad556ab
40,1,53031117,0,8,103,BankScope 기업 정기적금,26b1209d8a3f4bdecb523bc6
64,0,74531044,0,3,98,BankScope 시니어 우대예금,c19ff21536e7b4b4d4980b67
28,0,9730024,1,41,100,BankScope 자유적금,c6d134cc00541ebe5fa25997
27,0,7732761,0,11,106,BankScope 전세자금대출,8040c80b7398504bbdf352bd
28,0,5403001,1,28,104,BankScope 신용대출,d21589b2e33935e532ff95fb
33,0,14972940,1,11,105,BankScope 주택담보대출,93ee600c62b167f39fe9a6b9
39,0,5780907,1,30,104,BankScope 신용대출,2815100b851d1d0458489c46
30,0,7449993,1,19,106,BankScope 전세자금대출,e554ea4f97ed112111d17ea8
30,0,10971522,1,17,102,BankScope 주택 마련 적금,bcf1825c175ad549d02832d7
68,0,47464416,0,6,98,BankScope 시니어 우대예금,9e9d7bd3778bc5cb888a400c
32,0,9259003,0,33,100,BankScope 자유적금,487e8b6eaa169f4446c72684
38,1,26630489,0,10,107,BankScope 소상공인 대출,5fff37c6656066b6f75d1d99
32,1,58230507,0,7,103,BankScope 기업 정기적금,5121db12ca9bd65a33b8ff7f
20,0,2983864,0,19,101,BankScope 청년 희망적금,f358c9cf4a85f1ce345446c4
40,0,2957487,1,24,104,BankScope 신용대출,eb838a2c698e5148e5f8542b
45,1,134797351,0,5,99,BankScope 기업 정기예금,b4c0ac29a1e59ac6d2bf68dc
34,0,5431230,0,31,100,BankScope 자유적금,103dceb4703f68d49f869f46
49,1,272609965,0,7,99,BankScope 기업 정기예금,490c3a7a363d71f4489459e2
19,0,3201978,1,20,101,BankScope 청년 희망적금,dac778370ddcd71a80c79bd8
28,0,5437488,1,28,104,BankScope 신용대출,5dfaa5d3277b32656513e9a6
38,0,10381909,1,16,102,BankScope 주택 마련 적금,231e804505d77d1c241f1f69
40,1,214898328,0,7,99,BankScope 기업 정기예금,03147b2e7d13be346b049b58
39,1,34834618,0,12,107,BankScope 소상공인 대출,4d0544cba984b249e8b39aeb
43,1,62074138,0,3,103,BankScope 기업 정기적금,75ac46b3427f7af994b1d365
58,0,85793818,0,4,98,BankScope 시니어 우대예금,da011c8a8b5fefbd53b72f67
29,0,7440956,1,22,106,BankScope 전세자금대출,fb3ecd37fdc7d6a0800cdf38
26,0,6441703,0,25,106,BankScope 전세자금대출,877da1f82e51e04e707c37d7
40,0,3854932,1,17,102,BankScope 주택 마련 적금,06d114ef66e9777deda7398f
46,0,13188647,1,10,105,BankScope 주택담보대출,e7cf3eb600a9df97c2d48c4d
32,0,3238032,0,15,101,BankScope 청년 희망적금,2c324596d9a1ae468235594d
29,0,7136075,0,37,100,BankScope 자유적금,da84c9c9712ab542e4a300f5
37,0,7133550,1,35,100,BankScope 자유적금,cde3f4b5737968a6e8833957
24,0,3092696,0,20,101,BankScope 청년 희망적금,7ea3519386fc80c6cb8448eb
31,0,6116794,1,33,104,BankScope 신용대출,d65dbdcc8b786acd3e83a5ff
41,0,63058033,1,5,97,BankScope 정기예금,f9cb4023c5bf22c7b8f75b53
34,0,2919680,1,17,104,BankScope 신용대출,e090b45359ea83ecb6a64e72
25,0,3023856,0,24,101,BankScope 청년 희망적금,823cf88525c7174347bbf857
38,0,3752328,0,10,102,BankScope 주택 마련 적금,0efc5613c6148713435f3141
62,0,74544137,0,1,98,BankScope 시니어 우대예금,1f1c4a8502134f7c07b1a5b0
45,0,13743815,1,14,105,BankScope 주택담보대출,91bd5b204b9fb40135c1d9ea
33,0,20448677,1,15,102,BankScope 주택 마련 적금,3563ac499308a0c16cc8f4c5
24,0,7497105,1,14,106,BankScope 전세자금대출,0037e9f0656d9f7a8a53be13
35,0,7819935,0,38,100,BankScope 자유적금,acf085663996933834e5b65c
30,0,3809605,0,24,101,BankScope 청년 희망적금,9352531a88ce31749e1c4c12
21,0,7828990,0,23,106,BankScope 전세자금대출,91eb9ca9ed0d525efcfe9d65
25,0,1791111,0,18,101,BankScope 청년 희망적금,fe69c7b5d2774df4735b68a2
23,0,10088390,1,20,106,BankScope 전세자금대출,71711c71e89ce08a3bf7414c
61,0,88218821,0,1,98,BankScope 시니어 우대예금,b0620792265a59ea47ac5767
38,1,51349632,0,4,99,BankScope 기업 정기예금,2e9b468bc57a8a3e9a632e44
39,0,31039465,1,11,105,BankScope 주택담보대출,d4de79538bb45f82e36d671c
44,1,261068181,1,8,108,BankScope 기업대출,a3575be4ff769875af22e06f
43,0,52680046,0,6,97,BankScope 정기예금,5abc724c85199630ffbd0f55
30,0,6149266,0,21,104,BankScope 신용대출,efea6db463d6f5171afabdb9
48,0,44398204,0,9,97,BankScope 정기예금,c03bcfe6383876932515da40
68,0,102176265,0,8,98,BankScope 시니어 우대예금,08b9dd8ff0425246c8546a3b
38,0,6772420,1,18,106,BankScope 전세자금대출,178f23174b49f6ad9755bd9c
48,1,55682603,0,7,107,BankScope 소상공인 대출,d3e5255f48cd2deb9de79fac
27,0,5983825,1,21,104,BankScope 신용대출,38a732ab812a3aef98ee6e7e
47,0,42637602,0,7,97,BankScope 정기예금,d4363136d70b927f84554fb8
44,0,67443165,0,9,97,BankScope 정기예금,5ef2555c51196e7a00613a0b
32,0,2093314,0,23,104,BankScope 신용대출,e8f711bbceb3be1feae9c3da
30,0,6727019,0,36,100,BankScope 자유적금,5c7c67289bb569da0b699fb6
32,0,3918881,0,23,101,BankScope 청년 희망적금,ada19106cb3747c1c7b90a55
46,0,57325471,0,2,97,BankScope 정기예금,e82a21ab8227c21ed1ccc633
38,0,18490538,0,15,102,BankScope 주택 마련 적금,cc0b1a76b1cc57bfa5e5b1e2
37,0,10588252,0,15,102,BankScope 주택 마련 적금,dee9540f1d92097ba2ceb3ad
31,0,7167800,0,30,100,BankScope 자유적금,3f69abec148cfc7fe1767f00
21,0,4754066,0,14,101,BankScope 청년 희망적금,2cc3e74f5e903e5666b554c7
30,0,4650721,0,19,101,BankScope 청년 희망적금,b41b2d6797c68e7844c1dc23
37,1,25772431,0,7,107,BankScope 소상공인 대출,cb6b5c98eda4fdd7834784c8
46,0,50529430,0,6,97,BankScope 정기예금,a77d7029673eb65581357e4e
38,0,45300186,0,10,97,BankScope 정기예금,48c6dd9752c7cff75fe4f87d
33,0,9621594,0,41,100,BankScope 자유적금,fa6a5ac80cdc07743aadc879
42,1,66505893,0,4,103,BankScope 기업 정기적금,329c3e0d1d8b18c52f6b4a7d
41,0,20296384,1,3,105,BankScope 주택담보대출,6528e6800e435af5bc2d220c
21,0,2900244,0,6,101,BankScope 청년 희망적금,d6de4a4aecc0f782b5ddd767
51,0,56772327,0,12,97,BankScope 정기예금,74461a60e45f9ae384643aa1
35,0,5762210,0,19,106,BankScope 전세자금대출,eb1268b2af146c93c5ac8886
38,1,59737215,0,9,103,BankScope 기업 정기적금,5be15409e0f30f8f84f8d25e
67,0,81360959,0,4,98,BankScope 시니어 우대예금,3daf4e6595ad550c758ba7ef
26,0,5388986,0,30,100,BankScope 자유적금,bd20478071e6607e082b881d
46,1,390939769,1,4,108,BankScope 기업대출,105899f838ae22ceb3683e13
32,0,7494716,0,29,100,BankScope 자유적금,b8d428b699cbce4a3421f93b
41,1,58566539,0,9,103,BankScope 기업 정기적금,3fbb8b7fa5ab933cdc665473
64,0,44728974,0,5,98,BankScope 시니어 우대예금,b2d75a63c0beaefb30f22316
40,0,7836745,0,30,100,BankScope 자유적금,d1b18235e8fd5828ac558d6b
27,0,5101600,0,31,100,BankScope 자유적금,cb665c58e5e61d8f540f5526
34,0,2785449,0,38,100,BankScope 자유적금,20e052d7357934ae2c704031
34,0,6799907,0,33,100,BankScope 자유적금,dc8fe4198caf4909291fb03c
48,0,22599045,1,4,105,BankScope 주택담보대출,f1599b801af776639b72ce26
44,0,69037808,1,11,97,BankScope 정기예금,c5c923108effe534aa7d364c
24,0,1636026,0,19,101,BankScope 청년 희망적금,3d9f817e63c7635aa37f9f87
41,1,31534370,1,11,103,BankScope 기업 정기적금,66eab5c7e4fd228de79e5b46
33,0,5386303,1,20,106,BankScope 전세자금대출,46f2d24a3e84ac0f38dfe780
40,1,292256036,0,8,99,BankScope 기업 정기예금,8dc7f765b50f105a74ae25ea
52,1,274468240,1,6,108,BankScope 기업대출,e3c481428978baac00b0094f
37,0,11849835,0,33,100,BankScope 자유적금,3ce5ea3c6555954fa0b1a5be
47,0,82746722,0,13,97,BankScope 정기예금,503d8ee565373e205c44662e
26,0,6026862,1,30,104,BankScope 신용대출,5ae0706432e39c50ddb9f5fe
26,0,5164711,0,26,104,BankScope 신용대출,1a9e9ab1ffc0c5f25dd4358a
32,0,2090818,0,41,100,BankScope 자유적금,b3f0ba1a4817207fc6ba766f
35,0,28562901,1,6,105,BankScope 주택담보대출,fd8616c638d401144b0bdf1d
38,0,6972771,1,38,100,BankScope 자유적금,6a8ba8bb3115e762409fe0d2
29,0,7038830,0,36,100,BankScope 자유적금,45c2e45ab58247169c6c0b53
80,0,90182014,0,2,98,BankScope 시니어 우대예금,2215eeb6090eb6d8939c1e83
27,0,2174464,0,26,101,BankScope 청년 희망적금,de27d256fa306acff42a717e
30,0,8906490,1,12,106,BankScope 전세자금대출,5d05969fd7fa0c04ba2522a3
45,0,6787600,1,12,102,BankScope 주택 마련 적금,c4d602898b7b8f2409900203
45,0,12336461,0,35,100,BankScope 자유적금,40500e8305c1689c6638b883
33,0,7377360,1,26,106,BankScope 전세자금대출,866af386257c74526be1a768
41,1,49527929,0,8,103,BankScope 기업 정기적금,a041f9c393511d4414ad29da
21,0,11417899,1,18,106,BankScope 전세자금대출,ea04c465a49db99ee922a553
37,0,24692567,1,12,105,BankScope 주택담보대출,4bc61af3932544d65865a20f
26,0,0,0,19,101,BankScope 청년 희망적금,66d6bd5cade1a207ab412609
34,0,54184671,0,10,97,BankScope 정기예금,ec27ce10ee9b4f9b13d89f6e
42,0,76437097,0,8,97,BankScope 정기예금,4494727537f40a68649d9554
35,0,15601449,1,18,102,BankScope 주택 마련 적금,f0f5b51fd01eeb54783c29e3
31,0,2905710,1,28,104,BankScope 신용대출,41745b7eb1addb98dec03a4d
62,0,98703211,0,3,98,BankScope 시니어 우대예금,41402a83e8b4fa4bd3fe897a
20,0,2796804,0,19,101,BankScope 청년 희망적금,c47754cbc74b6dcbd3f4ac30
37,0,9779345,0,46,100,BankScope 자유적금,6182a13597a0de32de5c9ce4
25,0,2319890,0,19,101,BankScope 청년 희망적금,0cfb6db1ed01f91e60ae6b3e
32,0,5099601,1,18,106,BankScope 전세자금대출,d341867f84c027b5e9f58b0e
64,0,75493000,0,4,98,BankScope 시니어 우대예금,1b80130da06bdf0b0d07e964
65,0,121479905,0,6,98,BankScope 시니어 우대예금,d8ff196b9749f25bb671a738
35,0,26290411,1,7,105,BankScope 주택담보대출,e900e5e3a74ff8b71ee271fc
40,0,44249271,0,11,97,BankScope 정기예금,3345e627125f06791ff0d055
35,0,12470269,0,17,102,BankScope 주택 마련 적금,ac66e42e793f53596859e931
24,0,4372421,1,21,106,BankScope 전세자금대출,306487a907e0bda5fce1a232
41,0,24223788,1,16,105,BankScope 주택담보대출,4b9b4cbe690cc2d9e160f23d
28,0,3492382,1,11,106,BankScope 전세자금대출,04df6e5ac1dedda4827921cf
25,0,5260324,1,14,106,BankScope 전세자금대출,8db3f644b52692074dc8288f
37,0,4858737,1,28,104,BankScope 신용대출,17f0223ae0e7a630e7151833
32,0,25549488,0,13,105,BankScope 주택담보대출,2c82ccc338ca855503d99f11
30,0,6048030,1,23,104,BankScope 신용대출,8c1ffbe7f6b67d981344e8fa
31,0,1663423,1,17,104,BankScope 신용대출,9f9cb6036251dff8a5c45ab7
41,0,7534412,0,30,100,BankScope 자유적금,1e1dee5300e3bd43724a9af6
28,0,6358850,1,26,106,BankScope 전세자금대출,344f9b9832c80dcf0b8a2a6c
27,0,7168760,1,8,106,BankScope 전세자금대출,b1e7928ba967b3026160777f
24,0,2356802,0,18,101,BankScope 청년 희망적금,ccc92319d428b8c874281548
36,0,18516970,1,11,105,BankScope 주택담보대출,9b8a48c6ef1e4dd6fdf6d939
36,0,5017108,0,37,100,BankScope 자유적금,7e96e26d50282422a03d1b2f
47,0,22886155,0,6,97,BankScope 정기예금,5459eb5441219eb23e6e0f39
40,0,2468442,1,30,104,BankScope 신용대출,e4fe3cca8b48fdcabad3e376
39,0,12684135,0,37,100,BankScope 자유적금,bcba0d4932cebec80aa33a00
42,0,11909313,1,8,105,BankScope 주택담보대출,153767aed7e350cab6da1ab0
33,0,14447268,1,9,105,BankScope 주택담보대출,ca4bcf01db276c3219451b74
66,0,64471380,1,3,98,BankScope 시니어 우대예금,4f6ea95e0eed037c54903e23
19,0,3553347,0,20,101,BankScope 청년 희망적금,290f7febf560b662fe911e17
25,0,14710323,0,11,102,BankScope 주택 마련 적금,7d515821748cd2ff6f52b772
43,1,13421719,0,8,107,BankScope 소상공인 대출,ac48ff314b65635c800ae6f3
30,0,11345237,0,11,102,BankScope 주택 마련 적금,2b822cb69daffe00daa09b14
65,0,101342322,0,4,98,BankScope 시니어 우대예금,3820db5ef74f7332f2e967e0
43,0,18426058,1,18,105,BankScope 주택담보대출,0d4cc8c6510af2ddafb76bce
30,0,2575582,0,19,101,BankScope 청년 희망적금,6fd2e2205144e4aa52cfb6f4
21,0,3883940,1,26,104,BankScope 신용대출,34afcc4245bcc82ae62ae9a5
32,1,51186054,0,12,103,BankScope 기업 정기적금,7430d8a3cdd10fc2fc776068
44,0,48818706,0,16,97,BankScope 정기예금,93b1d85ed9fa9ff8e2257891
52,1,128877042,0,5,99,BankScope 기업 정기예금,9ae6119dac9efee12970d8ec
28,0,2291203,0,23,101,BankScope 청년 희망적금,b456f099618b60bc665b6467
43,1,220851082,0,3,99,BankScope 기업 정기예금,7fe13c9871df9545a5bf0d5d
26,0,2602987,0,25,101,BankScope 청년 희망적금,788c4aa593bb16a2ca227832
27,0,16574033,0,15,102,BankScope 주택 마련 적금,ecd8c0eb3ffaed0f2b9518cf
30,0,6079664,1,34,104,BankScope 신용대출,3d4777ad7dffc8ac13131dd3
28,0,2697999,0,19,101,BankScope 청년 희망적금,4646b12d5d379f1561f0f0e2
49,0,56651085,0,7,97,BankScope 정기예금,b504f8fe34cfcd8befc4c25c
26,0,2811737,1,16,101,BankScope 청년 희망적금,ca30c30403022def45e20aaf
24,0,4574311,1,19,106,BankScope 전세자금대출,3c240b11225aa1b75e043729
47,1,20051560,0,11,107,BankScope 소상공인 대출,be23c383eb4ef55d98a1fc8c
33,1,33301149,0,12,103,BankScope 기업 정기적금,ec11c02383ec386616dc1597
31,0,5120479,1,24,104,BankScope 신용대출,325239bd5172a4dfdc6102b6
23,0,7208484,0,36,100,BankScope 자유적금,b108ac6f28b5a2275713ef89
32,0,5454443,1,31,104,BankScope 신용대출,049dc2645ba1b7af87d02cae
27,0,4730002,0,18,101,BankScope 청년 희망적금,ac4ccf0cd78309554d9e93fc
27,0,3965806,0,23,101,BankScope 청년 희망적금,de441a7e65cbdb2fd9d74c6d
41,0,52608852,0,11,97,BankScope 정기예금,063f33069e50cfb052aef780
71,0,53900523,0,5,98,BankScope 시니어 우대예금,d765e7634ed8cce43f376297
38,0,20763043,1,13,105,BankScope 주택담보대출,330f256cfdd260a8ee642a4e
61,0,26582399,0,5,98,BankScope 시니어 우대예금,7dd75a68a3bb05178b186fc2
36,0,23275079,0,9,102,BankScope 주택 마련 적금,48f572013f9c5602cf926a16
46,1,347882909,1,5,108,BankScope 기업대출,58a5ff4fababb7b7a3ef9622
50,0,70621659,0,5,97,BankScope 정기예금,3bf5eca6e26c328104b83981
65,0,101514193,0,2,98,BankScope 시니어 우대예금,080b6efd39c03068067315ca
22,0,8407867,0,43,100,BankScope 자유적금,064ff8507da02c885f7e1943
36,0,21609001,1,10,105,BankScope 주택담보대출,656e737984f77ac11fd86163
35,0,6153822,1,20,104,BankScope 신용대출,6cae4eb35b5b642f94a8b3d5
31,0,6529877,0,26,100,BankScope 자유적금,b2d79ce67b2b1db7f9cb578f
30,0,4441793,0,14,101,BankScope 청년 희망적금,ca1eb1af3d9789bdb5cfc935
39,0,7807590,1,9,102,BankScope 주택 마련 적금,533e9e8368e39d453525ad63
42,1,49541316,0,6,103,BankScope 기업 정기적금,6696e58988abe14be545e161
31,0,9373215,1,29,100,BankScope 자유적금,983a94b12b2bf1b933ac6db8
41,0,61522911,0,7,97,BankScope 정기예금,b85ed072ebff6fd9f4ec9c46
44,1,58508268,0,9,103,BankScope 기업 정기적금,bfd7b1f737671187299ccbf2
43,0,58755671,0,5,97,BankScope 정기예금,9f284c93fbfc582b61c27d8e
47,0,61590925,0,4,97,BankScope 정기예금,4441997000f1d71745c751a9
25,0,7838258,0,16,102,BankScope 주택 마련 적금,cfe808495c88dfd5672710ba
38,1,41611625,1,6,107,BankScope 소상공인 대출,71c6c72fe30fa540fb1ad583
44,0,40221506,0,10,97,BankScope 정기예금,02f92775ece481f09b291283
36,0,5487676,1,18,106,BankScope 전세자금대출,3184325b8e6c35f4d7d2f287
30,0,8415362,0,34,100,BankScope 자유적금,89862d796b3f9d542561659d
28,0,4302181,1,38,100,BankScope 자유적금,e5521a4395afea9dc9698e78
23,0,2453231,0,14,101,BankScope 청년 희망적금,c9ee6cbbffbe9d1395a7f935
46,0,60094553,1,7,97,BankScope 정기예금,7aa32e475a7c73d572471382
30,0,6768234,1,14,106,BankScope 전세자금대출,90aea875e7f789314b5bc8b8
62,0,67937923,0,1,98,BankScope 시니어 우대예금,1eb23f90b5f1515871baa0fb
31,1,49275204,0,6,103,BankScope 기업 정기적금,8557e25ac0a1222fd9a5ec8f
33,0,6644714,0,38,100,BankScope 자유적금,cf79358c18cc71fcbca1aa98
30,0,7815863,0,15,106,BankScope 전세자금대출,8087ef97bc9d19d3e12303e7
29,0,22436429,1,8,105,BankScope 주택담보대출,20fc2599a5acecbfcf50580e
39,0,18106759,1,15,105,BankScope 주택담보대출,229f1d813caed729b8b5bb85
28,0,7990895,0,19,106,BankScope 전세자금대출,4e8e3b4d18d90895ac5b5fbb
29,0,5634378,0,27,104,BankScope 신용대출,f40a88ff7cb3e8efcb23277d
25,0,9325099,0,43,100,BankScope 자유적금,d449f0b1de41d3798498b4db
24,0,2946966,0,19,101,BankScope 청년 희망적금,25c4fe0ff5daf5a80816eeb5
45,1,168508432,0,6,99,BankScope 기업 정기예금,bf27b065b3e94af95480aa2e
36,0,16911056,1,7,105,BankScope 주택담보대출,b63f3aabaf6ea288e62a5c27
63,0,69702160,0,5,98,BankScope 시니어 우대예금,ac8f40eb36b3388687f80623
31,0,3264622,0,28,101,BankScope 청년 희망적금,ebe2c3e4f3b985bcc87ec0fe
31,0,7901485,0,42,100,BankScope 자유적금,fb051019da946083a5b440ce
39,0,43477690,0,7,97,BankScope 정기예금,70d6fc441c95d01c9850f468
40,0,7882936,0,32,100,BankScope 자유적금,e3afc13181c0f04e19622eea
66,0,70608802,0,2,98,BankScope 시니어 우대예금,344670ce32e940b79e53abb5
26,0,4244841,0,18,101,BankScope 청년 희망적금,c58edd742efefcf6dc09324a
34,0,20198367,0,10,102,BankScope 주택 마련 적금,72f8f24588055a5d44374764
39,0,33110161,1,8,105,BankScope 주택담보대출,735b9e2c62ee45b0e08428ac
46,0,18101713,1,21,102,BankScope 주택 마련 적금,49bfd7ec82a85c3c28f74a40
64,0,43544369,0,1,98,BankScope 시니어 우대예금,3c6a52b756ef7bfe1ece125a
19,0,1550731,0,23,101,BankScope 청년 희망적금,b7136055a117b654dc6e20f9
31,0,2770764,0,23,101,BankScope 청년 희망적금,fc2be5e4282d29e2868fd097
44,0,65788257,0,9,97,BankScope 정기예금,10e644a8d1b7e6a9848b0333
63,0,102410289,0,5,98,BankScope 시니어 우대예금,7b6eca1d5534fc801297fe02
34,0,14703253,0,11,102,BankScope 주택 마련 적금,f1a42d48a786b2bec7349249
31,0,4727435,1,20,104,BankScope 신용대출,5bef368b0534636fec47f44e
29,0,5432073,0,23,106,BankScope 전세자금대출,63e4b6317d31adf6ad152912
39,0,25320930,1,11,105,BankScope 주택담보대출,06b71d14e0e765df37ab4572
29,0,2762215,0,18,101,BankScope 청년 희망적금,9744b55fb82d04ab5346ef23
66,0,103072795,0,0,98,BankScope 시니어 우대예금,54615ece93927e28c8f7c945
21,0,3997806,0,10,101,BankScope 청년 희망적금,476788bf3931e39fa20e7639
28,0,12642705,1,22,102,BankScope 주택 마련 적금,aba1f96ec76bb7cc8c21ba0c
36,1,23077539,1,9,107,BankScope 소상공인 대출,591cf4e340937b67f1f81a09
49,0,9879930,0,44,100,BankScope 자유적금,53b817667428c2f9d47e0025
65,0,82190525,0,5,98,BankScope 시니어 우대예금,e3c0afbf6f400cdb6a4e996c
35,0,6492954,1,26,104,BankScope 신용대출,13ebebac739f59d9813f44d8
46,0,49775838,0,9,97,BankScope 정기예금,9d6651a8daaab545dacc895f
56,0,70422307,0,5,98,BankScope 시니어 우대예금,4ed74367efef870a7a58adf3
25,0,3557414,0,23,101,BankScope 청년 희망적금,cb2e0bcf3053ab6ae8f1c256
51,0,59691248,0,9,97,BankScope 정기예금,a29d5d92ff8e4f7b94e55972
19,0,2921566,0,14,101,BankScope 청년 희망적금,cebb503963db67d3f573343b
23,0,3851346,0,15,101,BankScope 청년 희망적금,f76c2d5d11fe3fc467418f81
40,0,64630036,0,9,97,BankScope 정기예금,b72cc5c1d752c206d4f59edf
40,0,5562782,0,32,100,BankScope 자유적금,251a94765c120fc0058a6b94
38,0,23853669,1,7,105,BankScope 주택담보대출,33b71b58a9fb1716ccd0e191
35,0,5359658,0,41,100,BankScope 자유적금,faa31ae35798d494b1b2bc74
35,0,5409262,0,19,100,BankScope 자유적금,d1c0ae86bbaaad68836d533a
19,0,2460627,0,17,101,BankScope 청년 희망적금,1a9d6140822cb4160c45ff23
30,0,3489579,1,33,104,BankScope 신용대출,e459f6183ac9bfd0ae3815d1
21,0,2452441,0,23,101,BankScope 청년 희망적금,e99df124baf8f2fdb2624844
49,1,213903260,1,4,99,BankScope 기업 정기예금,84aa969b8e75f8e44668a0e8
26,0,3139183,0,18,101,BankScope 청년 희망적금,d4724aedd6d4ef9a419b7509
26,0,5255623,1,15,104,BankScope 신용대출,469671ddb4dc36c44813bd87
33,0,6095379,0,23,106,BankScope 전세자금대출,8cc238ff8ac3b7cbacd63b74
31,0,4720777,1,24,104,BankScope 신용대출,0764e146e913440992cea922
45,0,23052579,1,5,105,BankScope 주택담보대출,d62ef7fa0d8b9fde5a33ed5a
44,0,31808890,1,6,97,BankScope 정기예금,498e3f34bbf652194d7d9219
32,0,27828646,1,8,105,BankScope 주택담보대출,ec7790964e000bbb60686a37
23,0,1914515,0,35,101,BankScope 청년 희망적금,fae1532af73adb54def292b0
29,0,8218670,1,17,106,BankScope 전세자금대출,743f777f0c77817698f2d83a
44,0,25760983,1,11,105,BankScope 주택담보대출,4b2a9aadbae2fcc84694f9b2
71,0,51497435,0,5,98,BankScope 시니어 우대예금,8d54129fc346f5f71deafb1b
61,0,68488606,0,7,98,BankScope 시니어 우대예금,7cde69c4d776c73a95294060
27,0,6219384,0,31,104,BankScope 신용대출,30ac1064676c8e2277ac41ed
19,0,3653645,0,15,101,BankScope 청년 희망적금,7bd6ba64c0a1810489cc7572
21,0,1918850,0,18,101,BankScope 청년 희망적금,7fb3a110ed40bfbc057a8a13
31,0,6844673,0,19,102,BankScope 주택 마련 적금,04449d016c1c5ac1400fb017
23,0,5254559,1,31,100,BankScope 자유적금,f57be39a02e204523b28e2e5
27,0,4610482,0,17,106,BankScope 전세자금대출,546bc97d9f4229d398b0e4b5
31,0,6346484,0,39,100,BankScope 자유적금,ba093f9b0694cdb7afd09924
34,1,26213293,1,10,107,BankScope 소상공인 대출,a090e81c4a8f68e118e97180
55,0,35382009,0,11,97,BankScope 정기예금,a7ac4b604f90a5d2f170b38a
29,0,8773378,0,37,100,BankScope 자유적금,2fda812917ea78375d490872
36,0,13103074,1,9,105,BankScope 주택담보대출,4e1c9b26a2004618a5c5afcc
63,0,53956602,1,6,98,BankScope 시니어 우대예금,2980f3866b557f87d43bad44
26,0,3208312,1,29,104,BankScope 신용대출,ca08aec70eea8967832faaef
42,0,8115158,0,41,100,BankScope 자유적금,64fca60cced48811d83840fb
46,1,322608850,0,6,108,BankScope 기업대출,26cd2eaa94cc042a85e3679b
44,1,19769761,1,11,107,BankScope 소상공인 대출,411b73348ddabdd9f837e6ad
33,0,6599132,0,32,100,BankScope 자유적금,dd8fb359f4c33e9522a54942
23,0,5225699,0,20,101,BankScope 청년 희망적금,a152c7db563f09297c9b643d
23,0,2450745,0,17,101,BankScope 청년 희망적금,cb2cc037689054b75adb5a83
30,0,0,1,13,102,BankScope 주택 마련 적금,5b1cf7ad46e158b858f7f5b7
64,0,73500529,0,2,98,BankScope 시니어 우대예금,434fe63b00aabc984d702e98
26,0,7904553,1,14,106,BankScope 전세자금대출,7704bca35c9fe9812a880ea2
35,0,5378319,1,26,104,BankScope 신용대출,ac74f2fdc0670124d2ac60b9
25,0,7828682,1,34,104,BankScope 신용대출,da42faba7986259aa26db4a4
40,0,37763184,0,11,97,BankScope 정기예금,769fbcc11550e5d1b8b3f9ab
46,0,33170478,0,13,97,BankScope 정기예금,33ee29a5034302d4c767fc65
39,0,27762852,0,6,97,BankScope 정기예금,bf8c684fc35faae38f487fc1
46,1,33309275,1,12,107,BankScope 소상공인 대출,147a4635499ae835f5ad2a87
31,0,5594890,0,27,101,BankScope 청년 희망적금,6792a1fb77c2bcda5f46563d
35,0,7182814,1,19,106,BankScope 전세자금대출,7a472fd66c1c75ad7968acb2
41,0,50146558,0,13,97,BankScope 정기예금,46313e46ae40f96d3c462eb5
31,0,6254802,1,24,104,BankScope 신용대출,c1204ed82a01d6a96b1a2750
24,0,6113378,0,18,106,BankScope 전세자금대출,a5f04cbbbd90554dc154f038
47,1,232379286,1,7,99,BankScope 기업 정기예금,72151b17ee07b548d4ed55f1
44,0,50508058,0,7,97,BankScope 정기예금,89473f186d94a7d50a4db2ba
32,0,15359981,0,16,102,BankScope 주택 마련 적금,4e7a2202f814d6575d4ca530
47,1,243535410,0,5,99,BankScope 기업 정기예금,9b5bfc8090002d4730113591
33,0,8164833,1,38,100,BankScope 자유적금,acb38296e2500c00a77b52d5
31,0,3715247,1,25,104,BankScope 신용대출,cdc08557b325417ebd784062
35,0,11634194,0,30,100,BankScope 자유적금,317134eeffadaeae84cf11fe
34,0,8576896,1,28,104,BankScope 신용대출,a871d8ff9f05810b82eac26e
44,1,163987746,1,4,99,BankScope 기업 정기예금,394c5e2c92aeca79a7138bec
32,0,8772232,1,29,100,BankScope 자유적금,e696fcae485a96ac2c3a13f6
19,0,6313967,1,41,100,BankScope 자유적금,ce3e4af36b2bc32860236d7e
44,1,23438858,1,18,107,BankScope 소상공인 대출,c0c16b4bc7d913009d9bd1c8
32,0,7771020,0,32,100,BankScope 자유적금,6dbbf4720804d3415746ee31
20,0,6377619,1,18,106,BankScope 전세자금대출,d6b45e3fb6604bb778bff236
64,0,71548730,0,3,98,BankScope 시니어 우대예금,7792168902c7774a8f053688
36,0,14468686,0,15,102,BankScope 주택 마련 적금,856e55f7acf990055ead8715
30,0,6645748,1,20,106,BankScope 전세자금대출,d00bc8b973eaecf329882ddb
66,0,126631074,0,5,98,BankScope 시니어 우대예금,76d4c92fbaaaeefefd09f3a1
58,0,97506126,0,6,98,BankScope 시니어 우대예금,e6d30f85c24576136d4f8eb9
39,0,35333683,1,5,97,BankScope 정기예금,5dabebe73d442565fc0cba5a
32,0,10343594,1,34,100,BankScope 자유적금,f177eda37bbbe41060a73d26
45,0,54944502,0,7,97,BankScope 정기예금,78b719f103dc9c5cbc3c467a
35,1,34141228,0,12,103,BankScope 기업 정기적금,c68a81e12ee3afd2666f3b8f
36,0,26777730,0,18,102,BankScope 주택 마련 적금,598a3e015787d133ca4e7a3a
45,0,42423358,0,6,97,BankScope 정기예금,757095c9f628a67ea4707166
39,0,27905244,1,8,105,BankScope 주택담보대출,8bcf1a0a173005b0b4555e5a
25,0,10411589,0,28,100,BankScope 자유적금,1ff48b8aa463084f1e06e839
41,1,53015502,0,9,103,BankScope 기업 정기적금,3f06fa28320f6f6c8e19f944
60,0,98226612,0,4,98,BankScope 시니어 우대예금,096fc2d228f0c426ae5e2850
37,0,10224100,0,41,100,BankScope 자유적금,a143b131b3a8ca9c2e60a1f2
19,0,4725489,0,19,101,BankScope 청년 희망적금,90a10228080988ccd9077c7a
34,0,3669421,0,35,100,BankScope 자유적금,b3d9953779c0a9273a68f51f
64,0,114168975,0,5,98,BankScope 시니어 우대예금,1499e1e704b585f122380b94
45,0,58960407,0,12,97,BankScope 정기예금,3216d01f73447f2ea1a6c85f
34,0,26666871,1,12,105,BankScope 주택담보대출,78bfd30309d97aa99d015d3e
55,0,61462374,1,8,97,BankScope 정기예금,d038034db6efad116058326c
32,0,22467387,1,17,102,BankScope 주택 마련 적금,7ebb365ffdb11b0518069166
27,0,6991956,0,24,104,BankScope 신용대출,461c7ff6c1ff8e9ba072d4df
28,0,8182147,0,39,100,BankScope 자유적금,62602293585f02e9a320eb01
28,0,7428754,0,34,100,BankScope 자유적금,c37b84bed0e9d44e21250058
27,0,3614373,0,12,101,BankScope 청년 희망적금,6e2115c5ecd59aacc2c1e218
27,0,4532946,1,23,104,BankScope 신용대출,efa6fac38d3b6c205dfb9988
74,0,112344274,0,6,98,BankScope 시니어 우대예금,e2f696f0c1adc9cd72351ef0
19,0,7767700,1,19,106,BankScope 전세자금대출,e490f039ea9f0cf0b1f690f9
41,0,23181754,1,11,105,BankScope 주택담보대출,9a601c5b2bb7750690740413
33,0,6503030,0,19,106,BankScope 전세자금대출,fefdf656f977b9e9b987373c
31,0,1447717,0,32,100,BankScope 자유적금,84afb7926beb267ee3419993
27,0,697011,0,16,101,BankScope 청년 희망적금,cfe3b96f1ba1717945017b91
28,0,7745489,0,15,102,BankScope 주택 마련 적금,82b72d74edb93b8396752542
28,0,2153260,0,25,101,BankScope 청년 희망적금,9998baa1493133e4c48c46b2
65,0,103870182,0,5,98,BankScope 시니어 우대예금,34a9c973d3e674d8ef17c779
48,1,102254402,0,8,99,BankScope 기업 정기예금,980af18670a6db333d6dadac
23,0,3076805,0,21,101,BankScope 청년 희망적금,57688f1275a78ba01c473126
29,0,10076650,0,29,100,BankScope 자유적금,0c9d408d4e1e4c27372a7350
69,0,106165862,0,5,98,BankScope 시니어 우대예금,de6fdc4db14043b17d3a7705
48,1,254705007,0,3,99,BankScope 기업 정기예금,8bc94752a2c133c44a5ff871
37,0,20184961,0,22,102,BankScope 주택 마련 적금,5eb1992bfd57b7fac61c3121
59,0,95098049,0,0,98,BankScope 시니어 우대예금,26b84d0b76152ced887f13e6
19,0,3809808,0,16,101,BankScope 청년 희망적금,eedf7515ed40793d71ee4501
29,0,9712633,0,40,100,BankScope 자유적금,9d0fecc8f3ed49f4d5a02206
49,1,28827423,1,15,107,BankScope 소상공인 대출,01803e8950325d46eefee01c
39,1,52395166,0,9,103,BankScope 기업 정기적금,2fb8d7af21093fbcee52781d
19,0,2838478,0,16,101,BankScope 청년 희망적금,388e83778a290090537b7093
40,1,62408372,0,6,103,BankScope 기업 정기적금,2ef685bc7991f8cb5aa1247e
27,0,6479814,1,16,106,BankScope 전세자금대출,f4a8493e0c65660a7df462c1
60,0,82253755,0,3,98,BankScope 시니어 우대예금,dfe6f6b89ca9ecc6f85409e7
62,0,67021679,0,3,98,BankScope 시니어 우대예금,813c31b64dbc0b9bdc5a28ec
61,0,106357659,0,1,98,BankScope 시니어 우대예금,004118092fe1b3f644fc8c88
38,0,8211954,1,22,100,BankScope 자유적금,e88c7bf66859aa60821459bf
19,0,4863227,0,28,101,BankScope 청년 희망적금,836793c22343ee20eba474f8
36,0,14087941,0,17,102,BankScope 주택 마련 적금,beec3e1d92f354119186a3eb
27,0,5800047,0,23,104,BankScope 신용대출,302fa9483fa3cec5e5d0b80e
42,0,9263508,0,36,100,BankScope 자유적금,e9469273577339a169a556fc
44,1,48940490,1,14,103,BankScope 기업 정기적금,c75ab2a37ab7c38a458cfec7
23,0,2209212,1,16,101,BankScope 청년 희망적금,4dd674300f864d2631ce2894
65,0,83893076,0,2,98,BankScope 시니어 우대예금,67ad4c080e26f0913d511c07
29,0,6490715,1,12,106,BankScope 전세자금대출,eeac24a8963e9bbc0a8f7a0d
27,0,5886544,0,32,100,BankScope 자유적금,4bd0e8c74ec603415942b09e
36,0,4005256,0,29,104,BankScope 신용대출,e77c3a8afa2309008b4859db
37,0,19513575,1,8,105,BankScope 주택담보대출,25ce3d90c7bf2d6ca4efe561
40,1,33979634,0,4,103,BankScope 기업 정기적금,4cd8b6f0a09e1054f4317089
67,0,83158896,0,7,98,BankScope 시니어 우대예금,479a935292852bc03289a610
26,0,8715485,1,23,106,BankScope 전세자금대출,28a14b8c562f605c4b5aa3d0
22,0,3408204,0,28,101,BankScope 청년 희망적금,14edd8b6ea31c04767996f75
44,1,252009265,1,6,99,BankScope 기업 정기예금,3565ad9f43b5d24b7ed86e48
31,0,9768409,0,27,100,BankScope 자유적금,50095d8362578b189d195e4e
47,0,40181525,0,8,97,BankScope 정기예금,d89c515eef391bddc456ce00
46,1,217681163,0,6,108,BankScope 기업대출,936f64198dd704c3b58a05d0
27,0,2067961,0,21,101,BankScope 청년 희망적금,e8ee8a21ea11b85cac774a72
39,1,42623232,1,16,107,BankScope 소상공인 대출,69af48cd9fb19643dff996b6
48,0,57792333,0,4,97,BankScope 정기예금,3de006c68a0835a8e61a40c5
25,0,4983061,1,14,106,BankScope 전세자금대출,b4e03bc3c394470f75bb0ff8
37,0,25662209,1,15,105,BankScope 주택담보대출,b1707bcb27dbba1f0b67e1e6
31,0,5869958,1,22,104,BankScope 신용대출,318192e68af1c13070862407
28,0,6558673,0,18,106,BankScope 전세자금대출,bdd00c41ebcd775d86a7d950
42,0,58394923,0,6,97,BankScope 정기예금,5c3f37077285bbe0d20fd3c5
38,0,60460899,0,8,97,BankScope 정기예금,dc74d41009be1d20a19edc25
38,0,20469170,1,6,105,BankScope 주택담보대출,633e9be5592c8fb60fdc4928
33,0,4289341,0,22,104,BankScope 신용대출,5f588ec117980687ae0931b0
35,0,19345472,1,8,105,BankScope 주택담보대출,cba6b87f6c8d52bbce3e9545
37,0,56670833,0,10,97,BankScope 정기예금,8ca95503411df8a876abefd8
44,0,13880187,1,6,105,BankScope 주택담보대출,c4b4210766ff2e59b7e1312d
21,0,8832704,0,44,100,BankScope 자유적금,7dec181fd826749f18593457
28,0,3169751,0,18,101,BankScope 청년 희망적금,6560541068994fbb647843dc
47,0,44773580,1,7,97,BankScope 정기예금,247a1650f2bb7a300a03ddfe
45,0,74525715,0,14,97,BankScope 정기예금,b25706521ce2b26bc0fb4b30
49,0,38073607,0,8,97,BankScope 정기예금,7a69e539312cbee5cc99f363
22,0,3623576,1,31,104,BankScope 신용대출,12dd108bac222fd36c10c8d6
39,0,46619777,0,6,97,BankScope 정기예금,a2214a35ca07f64ac05b941e
64,0,113813858,0,5,98,BankScope 시니어 우대예금,ee7729cef753a2fcf4a35a51
41,0,8818831,0,39,100,BankScope 자유적금,94df2c7997711bd095017885
47,0,66122730,0,13,97,BankScope 정기예금,ecee149aec50b223d86fdaa0
31,0,9774859,0,31,100,BankScope 자유적금,cd41137577d2afeb1d52902f
25,0,3159737,0,23,101,BankScope 청년 희망적금,f5c841c206bf4bb426be1953
64,0,102747698,0,6,98,BankScope 시니어 우대예금,fc7f63a18d34a2584929b9ab
50,0,70005046,0,9,97,BankScope 정기예금,36cfcd3741c7708d88465fb5
38,0,6267944,1,17,106,BankScope 전세자금대출,f582f048d9f9aa6f9bb27dda
61,0,48171133,1,3,98,BankScope 시니어 우대예금,5bf8dcc3168674356d1d7c6c
62,0,80904228,0,0,98,BankScope 시니어 우대예금,c9d7b53e8cfa4059a4ba1396
25,0,2318897,0,18,101,BankScope 청년 희망적금,a4c4bc0ec3d8a9b29c9675e3
43,0,39558244,0,4,97,BankScope 정기예금,2c07844f3cc3c32498cbfaf1
44,0,37004950,0,14,97,BankScope 정기예금,434cd16d06c6b8a2a13e26a7
51,0,39294313,0,6,97,BankScope 정기예금,172a14f63121223454aacbed
64,0,102000169,0,2,98,BankScope 시니어 우대예금,845bdca409ab4fc1f7651c3a
32,0,5452897,1,20,104,BankScope 신용대출,2d1ca7c89f287092861013f6
34,0,11369439,1,14,105,BankScope 주택담보대출,ab2c44df442434a253fb03e5
28,0,4491637,1,23,104,BankScope 신용대출,18699b214c6eb8c8fbe1b5a6
36,1,38468497,0,12,103,BankScope 기업 정기적금,3e34879826eb5c246d7aabc2
21,0,3823908,0,21,101,BankScope 청년 희망적금,323181933e0a55b685aae4aa
38,0,4233266,0,39,100,BankScope 자유적금,1aa576e4fbaa7ea2d5bd3d91
29,0,3446418,0,20,101,BankScope 청년 희망적금,e427c6566282a1ea47d97bd1
27,0,6499264,1,16,106,BankScope 전세자금대출,8e34ea924af1c932b941a745
33,0,12527079,0,16,102,BankScope 주택 마련 적금,5b6ece88d4cb6440e52fdf52
42,1,170815668,0,3,99,BankScope 기업 정기예금,fdfcf1581cfaaea0b9493024
30,0,2314264,0,17,101,BankScope 청년 희망적금,d23aecad97828d40befc8c2d
45,1,241841044,0,3,99,BankScope 기업 정기예금,b12da44268bb510f7ec733c4
54,0,32053576,0,6,97,BankScope 정기예금,2c3246b5419ff2836f487a0f
24,0,2214515,0,25,101,BankScope 청년 희망적금,e19061a3a19c9492f199e99b
64,0,99265461,0,4,98,BankScope 시니어 우대예금,b228664f19801d48f8ba59da
38,0,20979336,0,20,102,BankScope 주택 마련 적금,53b2cb20cef714b23af9c05c
35,0,24746458,0,12,102,BankScope 주택 마련 적금,a357c4fb13e3819abba90550
34,0,20127241,1,19,102,BankScope 주택 마련 적금,285a0c32507c546a09daf5be
35,0,16300778,1,7,105,BankScope 주택담보대출,c11b9c7c2c773bdbda25595b
69,0,40835106,0,5,98,BankScope 시니어 우대예금,1cf15f2a360379ee09dff859
32,0,9294951,0,15,102,BankScope 주택 마련 적금,af58d7a99a09d6414a8244ef
33,0,5559454,0,27,104,BankScope 신용대출,d6e09cbfb9645bc53d277214
28,0,15062235,0,16,102,BankScope 주택 마련 적금,e7a6704256671387586f370a
43,0,39596472,1,13,97,BankScope 정기예금,8d75cae81b3da6835d4af518
21,0,9530192,0,39,100,BankScope 자유적금,4cd41f5a85b6270885e871b8
27,0,7735919,0,32,100,BankScope 자유적금,decd11da67a074902b738805
32,0,8270649,0,25,100,BankScope 자유적금,54bcd5f2cc2dd1251ead6df3
59,0,96781942,0,3,98,BankScope 시니어 우대예금,455179e78d8e948afa522bc6
35,0,6287904,1,27,104,BankScope 신용대출,57b09efaf299631eff84d208
23,0,4292080,1,16,101,BankScope 청년 희망적금,9b5ecb596f977da34c4766c5
44,0,18135096,1,11,102,BankScope 주택 마련 적금,79ff943a4bb59d4138d3bd4d
37,1,81066988,0,8,103,BankScope 기업 정기적금,3f16cfca86f98729f41ad1de
71,0,81492301,0,6,98,BankScope 시니어 우대예금,b4b9239b07f4063b3f411db4
39,0,29813325,1,8,105,BankScope 주택담보대출,9a60d4baff7e9559176127d3
26,0,2287448,0,19,101,BankScope 청년 희망적금,2d35972cad19c53caf7ec9c6
37,1,46902710,0,7,103,BankScope 기업 정기적금,39f29c63018a2d960516e0be
36,0,23608649,1,18,105,BankScope 주택담보대출,41b99d723b97f06a4bdd6a2d
21,0,9298157,1,17,106,BankScope 전세자금대출,413f273f937ff92cf93c243f
33,0,10841747,0,37,100,BankScope 자유적금,3a8234be4075321f9c50b210
28,0,8754739,0,43,100,BankScope 자유적금,37af3a18657446c11060bdc3
41,0,57491052,0,7,97,BankScope 정기예금,422e9e7da6ecee8c58c1a201
40,0,14912894,1,7,105,BankScope 주택담보대출,582f4203c1927ef260d2d32c
41,1,122489403,0,2,99,BankScope 기업 정기예금,b4d876582cf31495501e3131
39,0,64491392,0,9,97,BankScope 정기예금,a8b3ad848e18fbf5c80d8d60
25,0,11964594,0,35,100,BankScope 자유적금,5d18dc94884d234d71f90792
31,0,16618680,1,9,105,BankScope 주택담보대출,f4e8418deff2db9cee8934ed
33,0,13705337,1,21,102,BankScope 주택 마련 적금,75948fcea6513b8915364f80
42,0,25941797,1,11,105,BankScope 주택담보대출,580ff858596b257f5cd131d2
46,0,55517293,0,8,97,BankScope 정기예금,19df330ae423dbaae1bb866e
61,0,90437431,0,7,98,BankScope 시니어 우대예금,869ac0a17ac5dc865cdb1109
32,0,6823598,1,41,100,BankScope 자유적금,8be7cddb76f4f8c6c2c406db
33,0,4372626,0,34,104,BankScope 신용대출,cd5c32036ff5494e10367404
29,0,3813766,1,19,106,BankScope 전세자금대출,33ccc5ada0b2e1492823db36
38,0,8000385,0,45,100,BankScope 자유적금,28d4ff277acc81d065165aea
19,0,3037061,1,15,101,BankScope 청년 희망적금,7bc057e05274f00ee68c0758
25,0,2435667,0,24,101,BankScope 청년 희망적금,2c635307393e9d12b422c768
38,0,5980382,0,34,100,BankScope 자유적금,c7cf869bec478b6bf697c263
46,0,43455647,0,15,97,BankScope 정기예금,ebedeb91652bf128531e3c38
60,0,79621335,0,3,98,BankScope 시니어 우대예금,d4afab5171825c23a9994376
46,1,28831882,1,17,107,BankScope 소상공인 대출,f7443b3b53d6f1714dabb0aa
36,0,7136382,1,48,100,BankScope 자유적금,6fd6845a9c585a3b7d938222
32,0,6494693,1,29,104,BankScope 신용대출,93e73f3822824f7c73d8c26a
44,0,33268699,0,6,97,BankScope 정기예금,5b52b9062a092c4be1c74706
47,0,40312813,0,4,97,BankScope 정기예금,0249b618411b6e1dc2a69eed
29,0,5399322,1,22,104,BankScope 신용대출,4d56e6bb077758e3ced38f1e
24,0,6699434,1,23,104,BankScope 신용대출,282d4aa50606b9fb538bba4f
46,1,129464906,1,6,108,BankScope 기업대출,6bfc8e158f670e9e833ef975
37,0,7958006,0,34,100,BankScope 자유적금,eedd33326a45c9ce0f85f24f
25,0,4367455,0,22,101,BankScope 청년 희망적금,63cc5220e7034311f075d97a
20,0,4804722,1,16,104,BankScope 신용대출,99eb9b65a963b6a24ebda11b
34,0,18710732,0,18,102,BankScope 주택 마련 적금,081066105db58eff676c3d4b
34,0,2497586,0,29,101,BankScope 청년 희망적금,3dcaa06d51b919b1a5325667
28,0,4476677,1,23,101,BankScope 청년 희망적금,6a0ddce0ef31b28b86b384c1
28,0,8866987,1,23,106,BankScope 전세자금대출,819724144d7900745a5ffe60
34,0,5779192,0,28,100,BankScope 자유적금,ab0a0bcf6dc9ee19dba4984f
45,0,28060490,0,8,97,BankScope 정기예금,928474014385dc2acc8f28b3
34,0,8577393,0,38,100,BankScope 자유적금,37e2c215ef7cbf0cdbd7f2bd
40,0,47693222,0,8,97,BankScope 정기예금,4bdf4957d4ca6f28196680f2
25,0,2837827,0,22,101,BankScope 청년 희망적금,8a07ef58a45107ee18a2fcc9
67,0,65917068,0,1,98,BankScope 시니어 우대예금,8c568c722661a38b12f20162
22,0,1693313,0,27,101,BankScope 청년 희망적금,d886a56a963d17bf9d6c0ce4
37,0,23222763,1,11,105,BankScope 주택담보대출,d7c47cb8087c30955874ab90
36,0,8236889,0,33,100,BankScope 자유적금,3aee059a235b2b2452ab7be8
37,0,14328259,0,17,106,BankScope 전세자금대출,1188536ed08b67e32ac558ec
66,0,96961003,0,2,98,BankScope 시니어 우대예금,bdcde07ca76a9127c75c7184
40,0,46626206,0,8,97,BankScope 정기예금,e6b867bd07b9294f0561d7e9
41,0,60229308,1,7,97,BankScope 정기예금,ac67668189c9e6a6f5d38fcd
39,1,393750005,0,5,108,BankScope 기업대출,1b85256bb115cb5e2dec8ff6
25,0,7248038,1,27,104,BankScope 신용대출,f43cb5465cf8784c613b9e22
69,0,107647653,0,3,98,BankScope 시니어 우대예금,db08aec45d5a3ccab39836cb
25,0,3732503,0,17,101,BankScope 청년 희망적금,5bb046bfb849f0a77f7e7366
41,1,45723863,0,7,103,BankScope 기업 정기적금,6d86339e3c3e9add6dbd31fa
34,0,2520775,0,36,100,BankScope 자유적금,d406e0ff1c410ff16edefe43
34,0,4592733,1,29,104,BankScope 신용대출,337b7c765788aaf6111ab36d
26,0,8746343,0,31,100,BankScope 자유적금,9b3109f447ad36d4eab7de26
67,0,32698133,0,2,98,BankScope 시니어 우대예금,e7768ffea7a4b44565854705
32,0,2632194,1,19,101,BankScope 청년 희망적금,eacdd2c73efe49ee98e9fe90
58,0,97635472,0,4,98,BankScope 시니어 우대예금,c97a52072000906cced66d1f
32,0,3104773,0,29,104,BankScope 신용대출,6704c1e0acf2a74e862d9f56
42,0,34575173,0,7,97,BankScope 정기예금,00010d5f314e38fd146b161e
36,0,18445495,1,11,105,BankScope 주택담보대출,3c80a511c70910b40ee3c39a
46,1,199823275,0,4,99,BankScope 기업 정기예금,46ee2bf58e1899adf55e7a2c
25,0,3804638,0,37,100,BankScope 자유적금,eb4e34e9b4ecf0624fffe01a
48,0,69056500,0,16,97,BankScope 정기예금,795e06fc784ef49dd33028af
28,0,6830669,0,41,100,BankScope 자유적금,b0b9dd9442e7289936337a93
44,1,197347935,1,6,108,BankScope 기업대출,4b0e2b100997dd179a7419a6
41,1,205140866,0,13,99,BankScope 기업 정기예금,1be8495989f20cd32a36e3d2
59,0,93543232,0,2,98,BankScope 시니어 우대예금,68552ef633237426b06d2101
28,0,5476203,1,16,106,BankScope 전세자금대출,bfa0f03b2d722ca6246c4db8
69,0,105628560,0,3,98,BankScope 시니어 우대예금,271872be3417e56bb549420c
25,0,3824696,0,19,101,BankScope 청년 희망적금,4b82b292bd5c0642bedbc201
25,0,1718928,1,18,104,BankScope 신용대출,211ea9b8b2dfce9f8d44ca7d
36,0,9719029,0,39,100,BankScope 자유적금,7e1cc08ee3e4c93adb61d506
46,0,23380426,1,6,105,BankScope 주택담보대출,b25ffea7db7ca503b7c994a6
27,0,20614293,0,10,105,BankScope 주택담보대출,618983e1230f0906c47423c0
19,0,6631910,1,20,104,BankScope 신용대출,f83bca29e2d417c730a71d12
25,0,3715296,0,20,101,BankScope 청년 희망적금,66953ca411a04d9e23ad6d92
34,0,14116678,0,23,102,BankScope 주택 마련 적금,83ad0b62171058651fe85dbe
31,0,6378589,1,14,102,BankScope 주택 마련 적금,2b611f4ed7660868da20461a
48,0,55210451,0,7,97,BankScope 정기예금,59d1e13faf1afeabdd491828
32,0,1716165,0,21,101,BankScope 청년 희망적금,e732276a78c9b1d1612412c2
43,1,186818777,0,7,99,BankScope 기업 정기예금,755b6b5b5263ba7646e164b6
38,0,13165527,0,12,102,BankScope 주택 마련 적금,c3cd14f9cb998792d5ae0fb6
36,0,51042171,1,10,97,BankScope 정기예금,2db0791c80f37124c4058461
57,0,49811826,0,10,98,BankScope 시니어 우대예금,c46c18e36d214d30bedbc173
69,0,101025098,0,6,98,BankScope 시니어 우대예금,b45ce933f4fd9175c79b6c54
30,1,318387479,0,4,99,BankScope 기업 정기예금,737208239bd6f7634ec6bf61
58,0,124343840,0,1,98,BankScope 시니어 우대예금,043283a8337c4c31b9c26cbe
47,1,391601637,1,5,108,BankScope 기업대출,68ab16f061468741b372ec45
27,0,6256702,1,16,106,BankScope 전세자금대출,a6d871d30cac5ef121734ba0
33,0,6138113,1,42,100,BankScope 자유적금,8cbf4c21b8c7f6811858b571
41,1,235190909,0,6,99,BankScope 기업 정기예금,146b45b2d66ccb1e705af47d
28,0,3468361,0,15,101,BankScope 청년 희망적금,f9279fc4c2720c8bb8955bba
36,0,17035614,1,9,105,BankScope 주택담보대출,3e1b05f06f509b03949ca70b
40,0,59686024,0,8,97,BankScope 정기예금,3f21d9e4fd672f461dc5a642
28,0,6652284,0,19,106,BankScope 전세자금대출,286633372f168a877114a421
31,0,8228647,1,15,106,BankScope 전세자금대출,71df18524a30f68474379756
35,0,14721957,1,12,105,BankScope 주택담보대출,43565859deb64dd1c0b83777
33,0,18886708,1,9,105,BankScope 주택담보대출,e26f9185dcbb97c38d86856a
33,0,13802924,0,12,102,BankScope 주택 마련 적금,9218053a08e40523e7cca1d8
19,0,5586674,1,21,101,BankScope 청년 희망적금,d067bfb85dcb4ad822d04c3e
44,0,21672148,0,8,97,BankScope 정기예금,7739f1261e5e1365eeea881c
39,0,4051766,0,27,100,BankScope 자유적금,8a3123b4e07033243ea353c5
37,0,6872983,1,24,104,BankScope 신용대출,9567b2e86047ecf53eefe914
43,0,50432280,0,9,97,BankScope 정기예금,0b622999fd2e1b24064d785c
49,1,24018947,1,14,107,BankScope 소상공인 대출,826afc3598ac833a90f1c9cf
28,0,23601350,1,5,105,BankScope 주택담보대출,fb80f66404d07ae7dfe15464
33,0,4543945,0,34,100,BankScope 자유적금,074998bf894cc3ef3ab0a540
25,0,7807006,1,20,106,BankScope 전세자금대출,47c715d55a6ece0903dc6f40
43,1,2035373,0,7,99,BankScope 기업 정기예금,320c19508c0160d636f45682
69,0,77190672,0,5,98,BankScope 시니어 우대예금,18193bbcf10e714e2fd718eb
37,0,3525285,1,22,104,BankScope 신용대출,2fe040258371782a29f85ac2
26,0,4106243,0,33,100,BankScope 자유적금,acd0df323e1640317587924d
45,0,44836953,0,6,97,BankScope 정기예금,ecda435dc7acfd94955035ac
39,0,9026810,0,42,100,BankScope 자유적금,b3056b59b6bf091802c05cd4
57,0,44617604,0,7,97,BankScope 정기예금,98c089fe8448d0d744f535aa
19,0,3388796,1,18,101,BankScope 청년 희망적금,553626ae384a3806aa4b8bfd
19,0,2965213,0,19,101,BankScope 청년 희망적금,fbb1bbea83021fc27a8f4ceb
28,0,5199397,0,41,100,BankScope 자유적금,7b1f3cddfb57420a196252af
42,1,50648475,0,9,103,BankScope 기업 정기적금,91d43a40755f36dd49bcdfa5
41,1,51748484,1,10,103,BankScope 기업 정기적금,d521daae41746d4ddad02e51
43,0,46779089,0,11,97,BankScope 정기예금,26fed41781369acc35046501
30,0,19147543,1,13,102,BankScope 주택 마련 적금,f1da6aab52826aa93b935f62
55,0,63317536,0,4,98,BankScope 시니어 우대예금,2e9fab335ba30fbd3482e9f2
39,0,40191543,1,10,97,BankScope 정기예금,35961c48858f2433a1572628
20,0,3705775,0,16,101,BankScope 청년 희망적금,5e76facab98d57bb8a90911e
19,0,4649050,1,37,100,BankScope 자유적금,7fec9e9128042f872c7415f8
31,0,7535294,1,34,100,BankScope 자유적금,b6342b1de7d04cd2056d142d
19,0,1856319,0,24,101,BankScope 청년 희망적금,d4d27ec16881bfe9ed1f7c5f
38,0,23637258,0,10,105,BankScope 주택담보대출,18f1d7d82e887a5fc872269a
62,0,36374110,0,4,98,BankScope 시니어 우대예금,a5c8cec1633261e9e3d6a967
20,0,3681979,0,14,101,BankScope 청년 희망적금,a6ef7725ca9fe9052cbfddb9
51,1,274232873,1,6,108,BankScope 기업대출,28ec657d0df6b81a7597ecc6
19,0,2692248,0,18,101,BankScope 청년 희망적금,2a8899f891888b98111d8cab
33,0,6923738,1,13,104,BankScope 신용대출,a7fdc34e1c6276928581bc3e
46,1,39000908,0,16,107,BankScope 소상공인 대출,2881a11e345916afb78c7344
33,0,4626754,0,40,100,BankScope 자유적금,a30d68146ed647d19a5b63c9
40,0,6850142,0,28,100,BankScope 자유적금,452661e3b6d91ce92bc1a3a7
29,0,12554883,0,34,100,BankScope 자유적금,40dc79eca8a9c353094278d5
29,0,23155603,0,10,102,BankScope 주택 마련 적금,457e84b1f992fbd8ede30e44
29,0,3566544,0,19,101,BankScope 청년 희망적금,cd7d14767375f7e9e41f4f45
40,0,3882825,1,30,104,BankScope 신용대출,8ebf57f4642a94cbf08dcea6
19,0,3112398,0,20,101,BankScope 청년 희망적금,2ed1b3f132c1f4b59f2ad9b0
69,0,102289227,0,6,98,BankScope 시니어 우대예금,171e9ea645fa13a50cd8ab29
42,1,209659096,0,12,108,BankScope 기업대출,22d09d0fbb0f760f2fd0bc08
44,0,13985887,1,10,105,BankScope 주택담보대출,50d08c1e81073b0bf4053d82
32,0,14210034,0,11,102,BankScope 주택 마련 적금,49e8fb77f8d0f7efcd803132
58,0,98011904,0,5,98,BankScope 시니어 우대예금,c90f085f420a4b8f5c592cca
42,0,68595999,0,6,97,BankScope 정기예금,500ce4c93144adc5e25137b8
28,0,7272174,0,32,100,BankScope 자유적금,99afa4815bd7c8ca337be900
30,0,8074370,1,18,106,BankScope 전세자금대출,e36eec8e0bea52578c12a078
62,0,64438044,0,3,98,BankScope 시니어 우대예금,0cc95c8e7ffbf84b6b354fe1
38,0,6812215,0,23,100,BankScope 자유적금,e2e5709b50ff17ae8eaa89de
39,0,49377230,0,6,97,BankScope 정기예금,2ff4beaab6824702f28efc23
50,0,42986801,0,10,97,BankScope 정기예금,daffb083a9758fae055b862e
39,0,20112777,1,13,105,BankScope 주택담보대출,6e07868b1c2d8a7a60649233
29,0,6251150,1,35,104,BankScope 신용대출,b32ff79a9a609d5d24923ff6
24,0,5872059,1,30,104,BankScope 신용대출,5509f2939ea54069a73657d1
23,0,3996545,0,19,101,BankScope 청년 희망적금,7040f915576eab46965afa59
46,0,91231736,0,7,97,BankScope 정기예금,86bd17721d87467186d6d9a6
71,0,71442981,1,4,98,BankScope 시니어 우대예금,7fdd52424b56893bebd0d540
26,0,3668819,0,16,101,BankScope 청년 희망적금,caba6ce75e5b8c3ba04549bf
37,0,17703910,0,21,102,BankScope 주택 마련 적금,277df69c54476b52078187e4
34,0,3801332,1,22,104,BankScope 신용대출,82c3002e65f4d14377123b26
33,0,6894575,0,30,100,BankScope 자유적금,bc739a07ebc2b4fb50126769
62,0,102537246,0,2,98,BankScope 시니어 우대예금,0eb83e0080b6bc5aaae6189b
36,0,10386584,1,37,100,BankScope 자유적금,b215977442a7ecb98f8ba402
29,0,2780867,0,14,101,BankScope 청년 희망적금,389d2045a289337bb0896077
43,0,21598403,0,18,102,BankScope 주택 마련 적금,e63860f9c2e029d8772eb8fb
39,1,40099275,0,11,107,BankScope 소상공인 대출,642cc9e475072696975df771
38,0,26195233,1,17,105,BankScope 주택담보대출,bd4e16fa4f70d7701b14deb8
35,1,30251453,0,11,103,BankScope 기업 정기적금,788cec02a65318c3a374e968
65,0,97761880,0,3,98,BankScope 시니어 우대예금,478a7a876f3f0cb2c3cc94bd
33,0,1182066,0,17,101,BankScope 청년 희망적금,b70d55154feb039ba2dfe389
65,0,98779184,0,1,98,BankScope 시니어 우대예금,146d4c87d2a934f0c1859d98
32,0,6116039,1,12,106,BankScope 전세자금대출,fa01585c2056070c101318d1
26,0,3967608,0,29,101,BankScope 청년 희망적금,4fa14e58e08c8b14d8bbd916
56,0,36625704,0,5,98,BankScope 시니어 우대예금,ad9a16b1875e381f466de2b9
26,0,9267847,1,44,100,BankScope 자유적금,1737a697817b1d8d2f94df0e
51,0,44206443,0,5,97,BankScope 정기예금,36e84a13f3e4cd7a5336d444
31,0,6195403,1,27,104,BankScope 신용대출,80cecf1fe4040e5866d2f535
69,0,67615363,0,2,98,BankScope 시니어 우대예금,4ae28268fb077433fa175dab
39,0,60012633,0,11,97,BankScope 정기예금,c457b3ea2ff0f39da2a339d0
50,0,9924286,0,6,97,BankScope 정기예금,09be2c902b11ad48af770066
60,0,73501124,0,5,98,BankScope 시니어 우대예금,b2ccc30ad7495725dd8188c5
37,0,26919966,1,8,105,BankScope 주택담보대출,bba1a714f3d181ce378f6295
25,0,8496590,0,10,106,BankScope 전세자금대출,1b7c61f186d82fb3f5d487a3
38,1,48942206,0,7,103,BankScope 기업 정기적금,b882896db450cbd7b7c60d8c
34,0,15323262,1,11,105,BankScope 주택담보대출,998f976bbba118db05cbeb27
37,0,13811058,0,12,102,BankScope 주택 마련 적금,b58dbed43690eae434b491f2
54,0,37226122,0,5,97,BankScope 정기예금,81f79d7145d9bd2c0dc2b742
42,0,17051857,0,16,102,BankScope 주택 마련 적금,4978492f59bfbf1140ba4bac
29,0,5787835,1,17,106,BankScope 전세자금대출,a10bc050936e2412ade624ad
32,0,3180942,0,22,101,BankScope 청년 희망적금,1d5013883d631fdcabec1728
37,1,137168938,0,3,99,BankScope 기업 정기예금,7dbcc4d17c4ebc12f3c8f11d
68,0,106260004,0,3,98,BankScope 시니어 우대예금,4e8ba278bdfcc224bc7b17a6
30,0,6439371,1,18,106,BankScope 전세자금대출,ab0df4383dcbd098078d33f1
24,0,3184666,0,18,101,BankScope 청년 희망적금,0b3f3a9345bdec3f54113bc7
67,0,70247435,0,0,98,BankScope 시니어 우대예금,15e1aa2b0c2a3dbef5c6e500
37,0,11606474,0,29,100,BankScope 자유적금,d7321227a788f37750304390
30,0,5425981,1,19,104,BankScope 신용대출,93cb55869f0b2c3ac43cc44f
57,0,84767445,1,5,98,BankScope 시니어 우대예금,f792321584bfac2bb57873c9
22,0,781055,0,20,101,BankScope 청년 희망적금,26d47036b02b0479d3bd5ef7
29,0,2536772,0,18,101,BankScope 청년 희망적금,9fa8aa332d98ebe59d5ebe78
36,0,5441307,1,33,104,BankScope 신용대출,597aa213126c95cc9921cac2
32,0,757091,0,16,101,BankScope 청년 희망적금,58013843a207aa6af7a5a48c
20,0,3033673,0,19,101,BankScope 청년 희망적금,29c66895fc4c5e7dbf8da10e
31,0,2895911,1,16,101,BankScope 청년 희망적금,cde2ae33831c16f299f05027
41,1,58081113,1,8,103,BankScope 기업 정기적금,c12813b6402954b16c90ba16
27,0,3962657,1,22,104,BankScope 신용대출,26eb370e5b5d2496b69e20fb
41,0,13679303,0,9,97,BankScope 정기예금,e2a21946630c0f88df55537f
43,0,14114349,0,22,102,BankScope 주택 마련 적금,98232ae5a85cb36dcb3e7991
40,0,55357438,0,10,97,BankScope 정기예금,d90c57c45a3cb6b8d802e7a3
42,0,26505291,1,13,105,BankScope 주택담보대출,f61365000d239388ce7d52a9
34,0,3730923,1,38,100,BankScope 자유적금,564e6ae4257c17b82d29317e
31,0,11184785,0,33,100,BankScope 자유적금,07167e0a125a8127be5bba8d
23,0,4755822,0,20,101,BankScope 청년 희망적금,5b505636d6fecf93da4bb7dc
34,0,7215383,1,30,104,BankScope 신용대출,8df64b5d97606234bc9f318c
27,0,15811445,0,22,102,BankScope 주택 마련 적금,bd79dff9953d705993526fe4
19,0,4201907,0,17,101,BankScope 청년 희망적금,b7d28179f89e0e357e6aca96
27,0,2925668,0,26,101,BankScope 청년 희망적금,d5122c770033f145ffe8f3a0
43,1,78818561,0,5,103,BankScope 기업 정기적금,b8b06603e82e29dc12bc7f2d
40,0,8398347,0,20,102,BankScope 주택 마련 적금,2a4ec7a5aa4ff45a67f10b52
30,0,6396517,1,20,104,BankScope 신용대출,d8be357027f77da3ea079006
48,0,67467137,0,9,97,BankScope 정기예금,8a82a95997d807eb6d92359b
33,0,8791901,0,45,100,BankScope 자유적금,c02d4810e2975395c97b208c
30,0,7765292,0,37,100,BankScope 자유적금,c824d4c3c5ccf3de4ee16bc1
39,0,16205365,1,13,105,BankScope 주택담보대출,311ec03583996813ae84f0bf
69,0,69938951,0,6,98,BankScope 시니어 우대예금,f44c47945e492e0d1e6bf31a
26,0,2807690,0,17,101,BankScope 청년 희망적금,caf186e7ccc438a7f7d1fa28
41,1,42107519,0,7,103,BankScope 기업 정기적금,a2736c88f879fc3108ffde34
32,0,19096498,1,9,105,BankScope 주택담보대출,ab1d3dcbebf84d19723d4915
34,0,21981199,0,11,102,BankScope 주택 마련 적금,380fcbf5da6b5dfca6bdc08e
36,1,45056907,0,8,107,BankScope 소상공인 대출,d42524ae7a39a20a374ef22b
36,0,3355062,1,20,104,BankScope 신용대출,113956bc212480d63e6065b7
33,0,16340583,1,13,105,BankScope 주택담보대출,6fcdeb7feb21dda64321d73a
25,0,8480225,0,36,100,BankScope 자유적금,5bc87686de49c16e0377b97b
45,0,58258603,0,9,97,BankScope 정기예금,648c857eb2d6994e703baeaf
43,1,165190176,0,1,99,BankScope 기업 정기예금,7bd08f1f7d2530753d337dc5
36,0,5050929,0,45,100,BankScope 자유적금,e3bc0f389d446ecd6ce3d8f7
47,0,46748119,0,9,97,BankScope 정기예금,53155a67c756ed8f3c42a7bb
56,0,44712815,0,6,97,BankScope 정기예금,8174d9a6af4c03056bee46a2
49,0,51107488,0,2,97,BankScope 정기예금,297722ca629a98b770cfe7d5
47,1,51033119,1,6,103,BankScope 기업 정기적금,2370def62796bcb1dcd1c9da
41,0,19425956,1,16,102,BankScope 주택 마련 적금,f545e129eab2d592a6366a45
42,0,11285323,0,31,100,BankScope 자유적금,6a15849b9e0ab60b3f187bf1
34,0,9146389,0,36,100,BankScope 자유적금,f0f02f2a22f34c6f11633b35
29,0,6409121,1,16,106,BankScope 전세자금대출,3c47ecd781cc570e4df7672e
31,0,22449448,0,19,102,BankScope 주택 마련 적금,b571b0cbf317d2bf16792daa
32,0,13398653,1,16,105,BankScope 주택담보대출,4a7819d8a23fe85b0da91d37
26,0,2373845,1,14,106,BankScope 전세자금대출,d1154b257a483fb21939b5a6
33,0,8969790,0,19,106,BankScope 전세자금대출,a7a793151001ffb1bd9b637c
38,1,224310352,0,2,99,BankScope 기업 정기예금,17abfa171e6dd233d3e16c59
42,0,7096963,1,16,102,BankScope 주택 마련 적금,ccf4b1e309c6224c5a440f67
37,0,3756261,1,24,104,BankScope 신용대출,1db726fd906db896a1fa1d3f
66,0,60892843,0,5,98,BankScope 시니어 우대예금,0a98d58a8e4a8b9e99ed2dcd
24,0,3618643,1,27,106,BankScope 전세자금대출,96fab9e6ddb540dba3b1e6b9
29,0,4415356,0,18,104,BankScope 신용대출,737d9e995457c1d68e17ee0d
36,0,18706583,1,6,105,BankScope 주택담보대출,0999db26f7ffc88fb5309291
44,0,10723818,0,31,100,BankScope 자유적금,40d090509797906df907d823
40,1,26301584,1,10,107,BankScope 소상공인 대출,b0126a824e0ab38ff5c2043b
41,1,250716818,0,6,99,BankScope 기업 정기예금,8902d4aad56d2ebc532d6d0b
23,0,3202673,1,25,101,BankScope 청년 희망적금,e0938e4bc56b77279d89aeae
40,0,11605266,0,28,100,BankScope 자유적금,9d57ad507c82436b0887a3c2
28,0,7095918,0,44,100,BankScope 자유적금,8e37c2f180dc0ed0087618b1
31,0,6245550,1,27,104,BankScope 신용대출,98ac4ad9d14d6702ab83092d
44,0,26588141,0,10,105,BankScope 주택담보대출,a54b97716f7ac77a96620848
37,0,13004786,0,37,100,BankScope 자유적금,1a07be8d05dc1fbe0af9ed70
58,0,86078206,0,2,98,BankScope 시니어 우대예금,3b4b018d25ca2db9bb9dd522
25,0,10210435,1,19,106,BankScope 전세자금대출,f856113d8790173b84d7ed1e
25,0,3558122,1,26,104,BankScope 신용대출,13e6b89b8892219d6f77c48b
36,0,16469533,0,16,102,BankScope 주택 마련 적금,81b00151cddd91179ca9de0f
36,0,7446575,1,19,106,BankScope 전세자금대출,f5c80ecccff69c7825d0d0f1
38,0,5301600,0,25,104,BankScope 신용대출,dfc0496814ca4e851ee2691a
33,0,12549379,0,44,100,BankScope 자유적금,f4cdba9945dd8142a8f9e100
63,0,102717164,0,3,98,BankScope 시니어 우대예금,be93188dd3c1b42ad61014c0
26,0,2161207,0,23,101,BankScope 청년 희망적금,923413ae1a911bb79193b930
37,0,21664465,1,18,102,BankScope 주택 마련 적금,9b936fa89df3bc5172e956f7
33,0,5142107,1,22,104,BankScope 신용대출,a3c7b1c324bad389e73de21f
41,1,279066068,1,5,108,BankScope 기업대출,a8ba325d50da97ff2bedd619
30,0,3609327,1,23,101,BankScope 청년 희망적금,9eacea44c7a9a945218c6456
46,0,47620384,1,3,97,BankScope 정기예금,ac0c62892f2af725ba5af786
35,0,24390033,1,12,105,BankScope 주택담보대출,570aa5778575325aff2b3713
30,0,5359960,0,29,100,BankScope 자유적금,cf577b2e9184ba94c91fc1f7
26,0,4483481,1,18,104,BankScope 신용대출,9fb65190989ac7831d6bd6d8
37,0,9377795,0,36,100,BankScope 자유적금,0dd4043ec6f43a1436133516
37,0,56780080,0,7,97,BankScope 정기예금,5aab1a9dcf2a55c7214c5410
39,0,14020829,1,10,105,BankScope 주택담보대출,bd70ba2981c0ef560eb8e56a
20,0,3135780,0,15,101,BankScope 청년 희망적금,6f905ba370ee57cd6984c140
39,0,6907877,0,26,104,BankScope 신용대출,4e2aa444ee9986de605c0bd7
30,0,4917093,0,23,101,BankScope 청년 희망적금,39afb8ecac357d3fcae744d1
38,0,4932936,1,17,104,BankScope 신용대출,f4bcb06dbaf8d7499430e31d
29,0,10462433,0,26,100,BankScope 자유적금,b17729615de812802a25cb1b
41,1,67272727,0,9,103,BankScope 기업 정기적금,a2e8f8ca3ebaa10fc1e08bd5
43,0,57066206,0,8,97,BankScope 정기예금,b64071e52a12d19ea080d031
50,0,70304759,0,4,97,BankScope 정기예금,b26ae8029e522184900aade4
30,0,5676599,0,47,100,BankScope 자유적금,ad6c09db1140afdace0c30ca
32,0,9582514,0,17,102,BankScope 주택 마련 적금,73699e301f88d8df53507110
32,0,6369070,1,22,106,BankScope 전세자금대출,1d95e9df7c558ca61c4f68c0
52,1,350964363,0,7,108,BankScope 기업대출,0dd5d132eb9def96d4f7fc92
40,0,28047453,1,12,97,BankScope 정기예금,0ce900116aee62f784d190dd
66,0,91137552,0,2,98,BankScope 시니어 우대예금,3f2c15fee340cee31157750f
31,0,2237651,1,26,104,BankScope 신용대출,b17d54e86f9efd768073bd8d
31,0,5661082,1,21,106,BankScope 전세자금대출,ec815765d91cb85ea67f7a71
43,0,46459487,0,7,97,BankScope 정기예금,52dfe70ce7a4a03b0f161849
45,0,40926884,0,4,97,BankScope 정기예금,1cac2c0425c4021d72f4e34b
34,0,4806345,1,23,104,BankScope 신용대출,abc937a4a828d0dbc03a046c
22,0,4250986,0,19,101,BankScope 청년 희망적금,04ba9a6d74d627a32f0c43ec
54,0,55161416,0,7,97,BankScope 정기예금,a1089bfa3a79e9684b78db26
46,0,10852212,1,14,105,BankScope 주택담보대출,b2e612da4629a4747ead3de7
20,0,2600249,0,16,101,BankScope 청년 희망적금,ee902afa7b1d10f3ab7d31f4
62,0,107756674,0,5,98,BankScope 시니어 우대예금,a0f3a911324de8c8ec80eab4
27,0,3363644,0,11,101,BankScope 청년 희망적금,a4260138b54a4dee91bc5532
44,0,25078108,0,5,105,BankScope 주택담보대출,4eae44b257f585398054c89e
27,0,16096290,0,17,102,BankScope 주택 마련 적금,3fa4c41005d55ee6147447db
32,0,15295330,1,11,105,BankScope 주택담보대출,187dc06e7f974684d4e6bab5
62,0,122954978,0,5,98,BankScope 시니어 우대예금,f317f7f836c959a6f575cf6d
20,0,3925989,1,20,101,BankScope 청년 희망적금,790a6a45cce8b3fc25c876e7
28,0,3307907,0,24,101,BankScope 청년 희망적금,de1539fc9b9b88d37869e07b
40,0,49664230,0,5,97,BankScope 정기예금,a56c22c17c119342df0b0749
38,0,24457972,1,11,105,BankScope 주택담보대출,81216386a3129e9d4e98dbda
33,0,5875594,1,16,104,BankScope 신용대출,61a555b8efeb40381796e1e6
41,0,12120366,1,9,105,BankScope 주택담보대출,97eae4736cc0fdc5b4316b8a
66,0,93405395,0,7,98,BankScope 시니어 우대예금,533ab0f1867ccdcc2c5a7634
63,0,48830199,0,7,98,BankScope 시니어 우대예금,b7d42654120654c11ed78b70
24,0,5579526,0,38,100,BankScope 자유적금,1dd24babaaf940cb74f7ad6f
42,0,69194211,0,12,97,BankScope 정기예금,a507694f35beb761c889c029
51,0,54545756,1,8,97,BankScope 정기예금,f5511ba990060bda7e437aa7
25,0,2452661,1,29,101,BankScope 청년 희망적금,3c3ff376fb8da9bc905b8bfc
26,0,8192099,0,39,100,BankScope 자유적금,ba0ef05159538c5eccbd28d6
28,0,6047863,1,26,104,BankScope 신용대출,ae6c80eba08a1763b0b324df
50,1,280495648,1,9,108,BankScope 기업대출,3740cc11a4b9716f6673b541
48,1,174488422,0,8,99,BankScope 기업 정기예금,56e048dc9b7e82a1cefb2559
53,0,71328396,0,4,97,BankScope 정기예금,e2251070d9390593491380ad
37,0,20508786,1,10,105,BankScope 주택담보대출,379710f9dbd0f890981e69c3
19,0,1901144,0,16,101,BankScope 청년 희망적금,8834d627e2888becbebe825d
48,0,53335817,0,11,97,BankScope 정기예금,ef9d93b44f6118942b1786b7
40,0,29927808,1,9,105,BankScope 주택담보대출,46a1bb825d63138dee187076
60,0,26459654,1,6,97,BankScope 정기예금,ba989b01adf14f3b46c74c5f
27,0,9962713,0,31,100,BankScope 자유적금,229af89a02020d51cb6907a2
41,0,54924607,0,3,97,BankScope 정기예금,030e7e21a755effa928f529f
47,0,64824846,0,9,97,BankScope 정기예금,611532f02e0e9bbad0c5f6e8
29,0,3843866,0,23,101,BankScope 청년 희망적금,0176ab268ccae66e7921b1a2
19,0,4142352,0,18,101,BankScope 청년 희망적금,35e35fcf691a9ea5df289630
36,0,14200547,1,15,105,BankScope 주택담보대출,f80eb2cc21ac6ae9761b8ed5
39,0,16292369,1,11,102,BankScope 주택 마련 적금,3b1d9b688e5f64da70e02a95
66,0,75222809,0,4,98,BankScope 시니어 우대예금,6b903511b92be2c2601b6d27
42,0,19100680,0,19,102,BankScope 주택 마련 적금,01007119c7634be502bdbdf5
41,1,44079804,0,6,103,BankScope 기업 정기적금,651ee42ad1b553cb23ad167c
45,0,18885104,1,16,102,BankScope 주택 마련 적금,191a71227bef683b11bdd899
51,0,19040923,0,11,97,BankScope 정기예금,50af5a648c7c875326cede30
31,0,5619060,0,23,106,BankScope 전세자금대출,85a5e196e8bf2e421ed2fc98
28,0,10066222,1,16,106,BankScope 전세자금대출,dd52ac6e3500fa381e390cd0
28,0,12626451,0,30,100,BankScope 자유적금,9b7d1f4ccc038267cbdf5261
47,0,15052888,1,11,105,BankScope 주택담보대출,fe0c55eb65a893a24a122665
75,0,107233304,0,8,98,BankScope 시니어 우대예금,993ab197a7ce49c0e7b94105
58,0,41318790,0,1,98,BankScope 시니어 우대예금,cb0059942f8738aa24b5384f
32,0,5329366,0,39,100,BankScope 자유적금,a811c542fe3566fbcb5e02a3
19,0,2839275,0,21,101,BankScope 청년 희망적금,44bd29eb965c9c082a4646aa
32,0,5322297,1,27,104,BankScope 신용대출,a65cea16cd57904c43210f37
65,0,104210300,0,4,98,BankScope 시니어 우대예금,b436cb676312c229aa0eb6f7
47,0,44721767,0,8,97,BankScope 정기예금,997f4b1d414e28c5726c2391
32,0,4677958,0,25,104,BankScope 신용대출,1feed8a057e542087308efc3
32,0,5362872,0,25,104,BankScope 신용대출,1806abfadb214768a2f1208c
27,0,6050072,0,25,100,BankScope 자유적금,e252ef1c86773de05691ceab
29,0,8605355,0,37,100,BankScope 자유적금,644a501b4eff9266ffeb53b0
22,0,4994963,1,22,104,BankScope 신용대출,cccec7ef7b40159f2a80b859
30,1,30776998,1,10,103,BankScope 기업 정기적금,84793e434599962015cbcc39
31,0,1795502,0,26,101,BankScope 청년 희망적금,267b27eb4d82685ac27aa08b
22,0,3858748,0,22,101,BankScope 청년 희망적금,6f71b2bf8f74846a0dab88e2
30,0,22245342,0,17,102,BankScope 주택 마련 적금,42b94382e0d8115bf1f2d4b2
35,0,16160377,1,17,102,BankScope 주택 마련 적금,87a1d57d99b9829d220c0dab
36,0,17552875,1,24,102,BankScope 주택 마련 적금,616597e0aaffde18b3568b16
40,1,188744070,1,5,99,BankScope 기업 정기예금,ccc92977786373d88a429028
24,0,11421712,1,15,102,BankScope 주택 마련 적금,cde40e74134b248c13bfff91
40,0,12210580,1,14,102,BankScope 주택 마련 적금,96766f8a2948f130efa6929d
28,0,2685766,0,27,104,BankScope 신용대출,bf21f6c05c89365bd58f9f0a
71,0,97288579,0,7,98,BankScope 시니어 우대예금,2d827982d5f15abd03cdd792
36,0,22576104,1,16,105,BankScope 주택담보대출,3e6da8f2f6ce98fef20bdd58
19,0,4446664,0,23,101,BankScope 청년 희망적금,441e39c6ef0cceac1c6387dd
67,0,98026173,0,8,98,BankScope 시니어 우대예금,cc82cf488c7be8420e4d5520
19,0,2677224,0,22,101,BankScope 청년 희망적금,8ac69de50a24da604c619aa9
19,0,1875176,0,20,101,BankScope 청년 희망적금,53be58e86504bd1f83445d4f
43,1,209378761,0,7,99,BankScope 기업 정기예금,0f46527e964ae15f28732dc6
33,0,4350205,1,41,100,BankScope 자유적금,fc0661a33604cb1db54adff9
71,0,124329613,0,8,98,BankScope 시니어 우대예금,4943d57692b983b960d07118
37,0,50454030,0,6,97,BankScope 정기예금,75339d7a73486b9fa0df9836
56,0,51096231,0,9,97,BankScope 정기예금,afc2a0ef3fcbe986ff08260c
28,0,4858318,0,14,106,BankScope 전세자금대출,679ef63cd98c1852bfc342ef
21,0,2910047,0,25,101,BankScope 청년 희망적금,4301c49b648bb3777c1bc6f6
41,1,49016541,0,10,103,BankScope 기업 정기적금,678838efedc5bae86303dd09
46,1,216788711,1,4,99,BankScope 기업 정기예금,89cf1580e6795d8707ee2937
29,0,3813214,0,18,101,BankScope 청년 희망적금,88deccfb48ee0e871bd91cd2
39,0,42282828,0,6,97,BankScope 정기예금,14a4c2c53f968c57e13f9eca
33,0,11381380,0,15,102,BankScope 주택 마련 적금,5703dbd7db380d8840978d4b
36,0,5814477,0,22,104,BankScope 신용대출,40a9173fab7d1efc62d6a74e
35,1,28966900,1,15,107,BankScope 소상공인 대출,5f57ddc545cabcd609f31de9
28,0,15930673,1,17,102,BankScope 주택 마련 적금,228ef5d1f89368b32bf5f98e
39,0,9821213,1,36,100,BankScope 자유적금,d68d55fff0ebf2081380ff14
69,0,70891066,0,4,98,BankScope 시니어 우대예금,fa33fb2e33d1ec669be15386
38,1,26465928,1,15,107,BankScope 소상공인 대출,4d4e890aad5c7ec3bbf0bfce
41,0,63680355,0,10,97,BankScope 정기예금,0102beb782ebce8a979b0e83
19,0,1286499,0,14,101,BankScope 청년 희망적금,edf65ebc7212db6f63c18392
37,0,11988631,0,47,100,BankScope 자유적금,93c01a50d957991f527d1694
30,0,9508714,0,33,100,BankScope 자유적금,e620498ae4e5338a91f73aa2
31,0,16203693,0,11,102,BankScope 주택 마련 적금,eefaade5fdc21bd3a8e9da90
30,0,8986031,1,15,106,BankScope 전세자금대출,053db387641f7af2fce1c38a
68,0,108663069,0,3,98,BankScope 시니어 우대예금,b679639892f7c2d53cfd96a1
21,0,2707356,0,21,101,BankScope 청년 희망적금,42b9533846e737ec78c6b4e1
28,0,4810723,1,21,106,BankScope 전세자금대출,fa9c0d7100a882b8e2f75403
28,0,5397510,1,28,104,BankScope 신용대출,90bb525e614904a1faadf3b6
27,0,4189792,0,23,101,BankScope 청년 희망적금,3d465c4a4b305cea149c74f4
33,0,3730800,1,21,104,BankScope 신용대출,4e20220cdbe6d3ca17d0d6ff
22,0,4001889,0,12,101,BankScope 청년 희망적금,6bea6b71ddf1471cd15ad4b0
70,0,64574832,0,7,98,BankScope 시니어 우대예금,d107d28d2feaee09613c9676
59,0,51888689,0,4,98,BankScope 시니어 우대예금,54b114c8210651b559ba438f
37,0,8672699,0,27,100,BankScope 자유적금,6236f6423707d1d7bde3f8b4
44,1,23877625,0,10,103,BankScope 기업 정기적금,be0b72c2b898b920f7c3ad70
21,0,6728743,0,15,106,BankScope 전세자금대출,7a4c89b1e32e72cb7a145bf8
71,0,83260201,0,9,98,BankScope 시니어 우대예금,953f34f66c78d3d534b17f0b
45,0,47369304,0,4,97,BankScope 정기예금,3fda468301ddad1352a0a915
19,0,3207148,0,16,101,BankScope 청년 희망적금,bd729f4f67951006a0c783bf
58,0,72694377,0,2,98,BankScope 시니어 우대예금,01f6c38e510d1f0d99ca51ac
44,0,16319746,1,7,105,BankScope 주택담보대출,8b09ea8d3146702c583d27b4
63,0,53872934,0,5,98,BankScope 시니어 우대예금,5bc8e6fe9b17e48d97d1c361
29,0,3440315,0,20,101,BankScope 청년 희망적금,cc4a71c2d24037f7652060c1
41,0,19043848,1,11,105,BankScope 주택담보대출,25a7dfba08c118f99379018e
31,0,5735672,0,30,100,BankScope 자유적금,da3a5262f3c062763b48021e
49,0,19853933,0,8,102,BankScope 주택 마련 적금,3d0909b390a40d807b9182e8
29,0,8179235,0,38,100,BankScope 자유적금,53e0e4bcdeab657305805390
52,0,41996819,0,11,97,BankScope 정기예금,89c4c8cc873b3c13dc456241
32,0,6893416,0,24,104,BankScope 신용대출,276d568df62136fff24c4808
73,0,66342526,0,4,98,BankScope 시니어 우대예금,bcc33df1e5a0ff389a410653
38,0,9162855,0,32,100,BankScope 자유적금,0beea475d53c4410c4ee96e4
31,0,6274309,1,10,106,BankScope 전세자금대출,3245445d3393c90420e3849b
35,0,8970914,1,16,106,BankScope 전세자금대출,45b6eed6bc1635568f637a03
25,0,6459722,1,24,106,BankScope 전세자금대출,8b50ab2e75bc68cea03d6a84
30,0,7053233,1,36,100,BankScope 자유적금,516606756c0b1137b17e56e8
63,0,106683603,0,6,98,BankScope 시니어 우대예금,df58ca97e0dc701bd8085c9a
42,1,32771653,1,12,107,BankScope 소상공인 대출,33f6237bcd2337b926c3c43c
41,0,22740624,1,8,105,BankScope 주택담보대출,4f39470e5d60ef5c68c31f59
24,0,3366676,0,15,101,BankScope 청년 희망적금,c3645022d0374d5da820efbd
21,0,3805914,0,25,101,BankScope 청년 희망적금,19645f3679a80eeedf2e198b
59,0,105856635,0,3,98,BankScope 시니어 우대예금,9c46955521c839c8d89c748c
45,1,158175265,0,3,99,BankScope 기업 정기예금,df15f843015d8e801db40938
60,0,61563338,0,3,98,BankScope 시니어 우대예금,29e0902187d23debb5b7ccaa
63,0,133475706,0,6,98,BankScope 시니어 우대예금,b913c927eb168fa3625a74e9
27,0,1616590,0,18,101,BankScope 청년 희망적금,84249aba11553b1e6e650634
37,0,24218331,1,7,105,BankScope 주택담보대출,b112da94387f099a8ecfbda4
50,0,42410538,0,14,97,BankScope 정기예금,3f7a8bc009ba64ef5798623e
37,0,25413954,1,7,105,BankScope 주택담보대출,38842b90f9f72e0a53b88969
41,1,36827955,0,6,103,BankScope 기업 정기적금,ecdffa48d6317e354e97f77a
33,0,10593053,0,41,100,BankScope 자유적금,0bfb00b4e2fd82b6a8f052cf
67,0,116094481,0,5,98,BankScope 시니어 우대예금,ff9e47c2764d1555469f71c6
38,0,14787087,1,12,102,BankScope 주택 마련 적금,547d06d85a886a57407f3b55
49,0,18634524,1,8,105,BankScope 주택담보대출,a920db7d43b3ff0e46dfbfda
42,0,11117336,1,12,105,BankScope 주택담보대출,5b5815734dc4d61219ff570c
47,0,42747311,0,11,97,BankScope 정기예금,67e410526c179407161c4282
49,1,209865091,0,3,99,BankScope 기업 정기예금,136a6e76ca7682aaa62ae82e
55,0,106202272,0,3,98,BankScope 시니어 우대예금,8b503293f94f9206964ec4ea
25,0,8922960,0,37,100,BankScope 자유적금,ce7af3bea9646debb249417f
28,0,5721223,0,29,104,BankScope 신용대출,42de8e7577c2fa3ec88f47dc
42,0,20539274,1,4,105,BankScope 주택담보대출,296aa0c3ff80c990c7787efb
34,0,16410354,1,12,102,BankScope 주택 마련 적금,404bf8c58c85b0a0637d5f67
31,0,8136996,1,17,106,BankScope 전세자금대출,27286ced2b27776ae7118c3a
44,1,125105564,0,7,99,BankScope 기업 정기예금,0a2deea49889f29bbf02d885
38,0,13827104,0,17,102,BankScope 주택 마련 적금,70258559db7cd26ccc2f74a0
41,1,35286201,1,6,107,BankScope 소상공인 대출,26751a721ab7628cb41f98c5
35,0,9371431,0,35,100,BankScope 자유적금,44dd0930b3cb34008e16673a
33,0,7932999,0,23,100,BankScope 자유적금,f9443bbbc0d4ff7719cccce6
28,0,8940902,0,36,100,BankScope 자유적금,38d49917a4587d466130af75
35,0,6239190,0,27,106,BankScope 전세자금대출,15d2b079bde7660b47d084f8
30,0,6599734,0,33,100,BankScope 자유적금,db14467c6b4d298c1ac0949c
63,0,40979809,0,4,98,BankScope 시니어 우대예금,8f73ca61cbae7ad247728534
19,0,2251810,0,28,101,BankScope 청년 희망적금,44115bc1dee260cdca9a4b54
30,0,10789342,1,21,106,BankScope 전세자금대출,7b9834ad2b10b69529174344
27,0,25575137,1,10,105,BankScope 주택담보대출,5776271334e309e763b3386e
65,0,48727953,0,6,98,BankScope 시니어 우대예금,4ae2879698925ec4ddfb7aa8
52,1,39735530,0,3,103,BankScope 기업 정기적금,cf1d883266f0a719461abfe3
41,0,38570341,0,14,97,BankScope 정기예금,4625bea27942d3ac79f503e1
45,1,19804054,1,11,107,BankScope 소상공인 대출,0a8eacc07fcfcd5222dd1242
36,0,7979807,0,35,100,BankScope 자유적금,5b53f92357e9d6f4eb2d8360
26,0,6601521,1,14,106,BankScope 전세자금대출,5ee4172379536c564021604e
35,0,55453764,0,6,97,BankScope 정기예금,b5571f504fdf18b569caf8d3
39,0,11439715,0,45,100,BankScope 자유적금,bb17b471ccc57b60f178e950
19,0,1109007,0,24,101,BankScope 청년 희망적금,34a2919d03c6cb45ff07d366
68,0,132206405,0,6,98,BankScope 시니어 우대예금,92b1fdf9c638b20f11125a02
31,0,3305167,1,29,104,BankScope 신용대출,73f7384774ee5ed386dbaeee
19,0,6518910,0,17,106,BankScope 전세자금대출,5626762b5e5aac3b944dc63b
31,0,3049190,0,24,101,BankScope 청년 희망적금,1a5934e1c50c80a35d359d32
30,0,4878557,1,27,104,BankScope 신용대출,13d011dbf80c38669ce522ca
25,0,8237329,0,35,100,BankScope 자유적금,60186a6d9bc3197e563da0bc
19,0,7815251,1,24,106,BankScope 전세자금대출,1ee5501805ba24264da1c6de
29,0,25850642,1,9,105,BankScope 주택담보대출,606b73fa557b51d5dd5de118
29,0,6166324,1,17,104,BankScope 신용대출,822b10d13cf8106224427a9f
35,0,14918249,0,19,102,BankScope 주택 마련 적금,c8bb58a17d929c1684481b35
62,0,73006247,0,4,98,BankScope 시니어 우대예금,ead9b8f12e429449ca796853
36,0,16195505,1,8,105,BankScope 주택담보대출,b34335b00d78e31556de17f4
68,0,98233699,1,5,98,BankScope 시니어 우대예금,4d829acda2a48adf5ec28cab
42,0,44006534,0,8,97,BankScope 정기예금,4241e57a10fa2bf4992919e1
64,0,78105759,0,3,98,BankScope 시니어 우대예금,758b076f6301411d182b0268
41,0,13500789,1,14,105,BankScope 주택담보대출,c82c5f2675722879b9760002
42,0,34232545,0,10,97,BankScope 정기예금,c89c17c952b54face9a03735
26,0,7598895,0,34,100,BankScope 자유적금,36230850a3c3b2d6d9b17f7d
27,0,5922129,1,24,104,BankScope 신용대출,8ec1a5e8d511144c774b8113
30,0,25794079,1,11,105,BankScope 주택담보대출,df9b2af2e4e41da9ae0cc256
27,0,4456457,0,16,101,BankScope 청년 희망적금,39427acb1ea44a98722644fa
40,0,16103921,0,48,100,BankScope 자유적금,143ea7933e0021e7a1db8125
38,0,5256580,0,40,100,BankScope 자유적금,8e43a9c03716bba9c4dc1f79
47,0,59118372,0,5,97,BankScope 정기예금,686eebefe8596f10a1e11b1b
56,0,98598439,0,5,98,BankScope 시니어 우대예금,5b4670e9dd72264ce3812521
26,0,3359839,1,22,104,BankScope 신용대출,8d536b702f561168870a2d04
41,0,29275263,0,13,97,BankScope 정기예금,132309ec4283824cc852e008
30,0,4957226,1,17,106,BankScope 전세자금대출,a84c8c89225576dba40dd2e6
59,0,64091105,0,6,98,BankScope 시니어 우대예금,1a7e1fe707900a73f896396d
38,1,26291529,1,13,107,BankScope 소상공인 대출,d764326e41f6b19633313a24
37,0,7427319,0,30,100,BankScope 자유적금,fafda0a6c9808b0d8241c7bb
40,0,35714024,1,4,97,BankScope 정기예금,7af064242888b87d4ddba3bd
22,0,4842886,0,19,101,BankScope 청년 희망적금,2626ca93a7095f03f3dabc67
32,0,10567260,0,38,100,BankScope 자유적금,53f6478e267c73faff468e4e
29,0,7572866,1,15,106,BankScope 전세자금대출,9552e319b94b1e5c32b18fba
38,0,8802938,0,39,100,BankScope 자유적금,7207deff23c4eb65a4ac1aae
35,0,13201960,1,8,105,BankScope 주택담보대출,d3d51e0fe21796ac5f8c1951
32,0,8986506,1,14,102,BankScope 주택 마련 적금,84002c171cffc252f6a86edb
29,0,4657842,1,32,104,BankScope 신용대출,540d98f0614a0d27a0a31072
67,0,64562037,0,5,98,BankScope 시니어 우대예금,0ce30b036969e96cb9a94db4
33,0,10040586,0,8,102,BankScope 주택 마련 적금,fdde209b9132246edcbd2cef
35,0,7954032,0,33,100,BankScope 자유적금,58f6ea21015c610801302fa6
25,0,1736699,0,15,101,BankScope 청년 희망적금,29748d886d4b8821c6831de2
31,0,15062260,1,15,102,BankScope 주택 마련 적금,136f987db7ce88aa0f1a6b30
47,1,189992362,1,2,99,BankScope 기업 정기예금,86665c71e1116aea999d84f3
25,0,7439644,0,21,106,BankScope 전세자금대출,f5f1b8fd3c76b42495671621
31,0,4357367,0,22,104,BankScope 신용대출,278aa7c79c3883b251ce83db
37,0,11571408,1,8,105,BankScope 주택담보대출,043fd6f7d503e289df2c3fe2
41,0,18254606,0,26,102,BankScope 주택 마련 적금,d8d542f8bdec5641582d98b9
41,1,160865760,1,6,99,BankScope 기업 정기예금,856fe4064ba0128146db3c06
24,0,3771216,0,19,101,BankScope 청년 희망적금,96043d92de5dc742334b6fb2
65,0,58213839,0,4,98,BankScope 시니어 우대예금,76d8880883819ca0b1371769
64,0,92152723,1,1,98,BankScope 시니어 우대예금,1a9147fa74cb73308bbd84ed
24,0,7189175,1,18,106,BankScope 전세자금대출,c771ae1e9331552da741d4a4
51,0,29201599,0,9,97,BankScope 정기예금,a01bd70168dc788c31ed7a17
41,1,34631762,1,15,107,BankScope 소상공인 대출,b074bc023637701450ac2b6d
50,0,52209782,0,13,97,BankScope 정기예금,f71e339d2e018f9c0a0c6a37
22,0,1845223,0,24,101,BankScope 청년 희망적금,a21aa806db81cfe207fd8737
32,0,5653123,1,24,104,BankScope 신용대출,46f729d06d26c9c33c8e70a0
47,1,59465187,0,9,99,BankScope 기업 정기예금,1580b321f83fd9199106694d
25,0,18161263,0,21,102,BankScope 주택 마련 적금,17277106fc3abf1b32683ea3
29,0,7346709,0,21,106,BankScope 전세자금대출,a0d5c88d11738df38da96f17
29,0,14702901,1,14,102,BankScope 주택 마련 적금,bbeebf29c76a752d500ae9d7
41,1,119699490,0,3,99,BankScope 기업 정기예금,c343be969a6abe949477d8b6
35,0,2103749,1,30,104,BankScope 신용대출,b595e7ffb5401250f5205ee4
38,0,34351240,1,10,105,BankScope 주택담보대출,a4ab398da48130aa7a927dd9
30,0,3530432,0,26,101,BankScope 청년 희망적금,0d6ac63a3cf2151dd0d61e5a
32,1,52355587,0,9,103,BankScope 기업 정기적금,011c489bad0359e24d0b9ab0
33,0,3981064,1,19,104,BankScope 신용대출,8692313fcc2817eda39b4106
36,0,15920003,0,17,102,BankScope 주택 마련 적금,777dca73d1acc5c40997fc9c
33,0,16366582,1,11,105,BankScope 주택담보대출,0f34bdebde0c461fc7bb315b
33,0,8065351,0,19,102,BankScope 주택 마련 적금,3e0cbfddea6d3f83e646e766
27,0,10152681,1,27,106,BankScope 전세자금대출,8d349e9f0f168f79955ec70f
28,0,4617790,0,24,101,BankScope 청년 희망적금,a155a79122df718ac66e27a5
27,0,6265983,1,31,104,BankScope 신용대출,0dd8b7a6030a2b63bc573166
25,0,3312359,0,16,101,BankScope 청년 희망적금,311719920e518c009c7087da
45,0,4698477,1,19,102,BankScope 주택 마련 적금,6dfe0c72f0521f4129735c70
21,0,3269276,0,14,101,BankScope 청년 희망적금,d78f29076dbfcb06c56aaae3
68,0,66455349,0,6,98,BankScope 시니어 우대예금,d265556718d86e606f228552
42,0,15748097,0,19,102,BankScope 주택 마련 적금,07d76f3ef5bbd05d8f4db7ea
28,0,14168459,0,9,102,BankScope 주택 마련 적금,ce7a2ce95baa9b35cdc5ab9d
32,0,15493772,0,10,102,BankScope 주택 마련 적금,ffbcc1793fa6fd538a324cb6
30,0,7038581,0,22,104,BankScope 신용대출,044418ef366418582fe967a4
19,0,2627984,0,19,101,BankScope 청년 희망적금,7dcd5be308c1d0965677f7af
50,1,258868869,0,5,99,BankScope 기업 정기예금,5b371eb85fc8d524d2bd27ee
23,0,10066479,1,17,106,BankScope 전세자금대출,108824e221cbe6ef5d8f9faa
25,0,8488833,1,20,106,BankScope 전세자금대출,cf4621e8c949f7b802cd9f3f
34,0,9752728,1,27,100,BankScope 자유적금,0e665dec1db15fe6ff9ac28c
26,0,3257414,0,22,101,BankScope 청년 희망적금,21d9db6a0ac0d1cd573e585a
32,0,4143875,0,47,100,BankScope 자유적금,2a1103153aad0edd4024d6be
43,0,16905575,1,12,105,BankScope 주택담보대출,bf091fa836dd5d0a02e3e964
24,0,3468150,0,22,101,BankScope 청년 희망적금,9f58d31da309b690ec684513
42,1,391639838,1,3,108,BankScope 기업대출,b4dc9811ec7110c2859c150e
32,0,9575973,1,8,106,BankScope 전세자금대출,d4511e2be67f41eceedcbb4b
71,0,73490126,0,5,98,BankScope 시니어 우대예금,171e715e6b3e419d6e65b84d
21,0,1635007,0,27,101,BankScope 청년 희망적금,ea2ea09c74eef5b62bd54a04
38,0,16451983,1,15,105,BankScope 주택담보대출,d6eb300682d1c547b5aef2a5
29,0,3215974,0,23,101,BankScope 청년 희망적금,f5fd71c453bb150c98810282
24,0,4515435,0,20,101,BankScope 청년 희망적금,1766faa05fe472699484ab2f
35,1,75515850,0,7,99,BankScope 기업 정기예금,dd3632cd8364f6eaf0990bbb
31,0,19530980,0,9,105,BankScope 주택담보대출,67f8323355492c3d7f4f8714
25,0,6530635,1,13,106,BankScope 전세자금대출,92ba5513e971acf7a1d1b3a8
60,0,86689898,0,3,98,BankScope 시니어 우대예금,598edb10b6c8f4627b65f2cb
44,0,52530391,0,10,97,BankScope 정기예금,5cfde2650475df7013110033
37,0,2169744,0,14,102,BankScope 주택 마련 적금,e319f92c873af9a7f3641c0e
50,0,60858063,0,11,97,BankScope 정기예금,e5ef7490768720a4b79f7604
39,0,15855872,1,11,105,BankScope 주택담보대출,786984848eb675019200122f
33,0,9930425,1,12,106,BankScope 전세자금대출,21b9a2cbfa8bdc6c5d76b438
61,0,45358053,0,2,98,BankScope 시니어 우대예금,5a07c1b5eb02c89249ab93d2
33,0,4212661,1,26,104,BankScope 신용대출,5801056282982a9500b62511
27,0,6996778,0,29,100,BankScope 자유적금,07e77758144c8ac8c4ac17d9
61,0,51251510,0,6,98,BankScope 시니어 우대예금,5b0ad04f093561558ab90046
25,0,2787226,0,23,101,BankScope 청년 희망적금,e7ec0b4a31f074427b6bf5ad
54,0,43444515,0,8,97,BankScope 정기예금,c350bde6ded5e654f047f562
61,0,63351248,0,12,98,BankScope 시니어 우대예금,a15d4cf8ca14abfa0d17ef13
31,1,33580001,0,7,103,BankScope 기업 정기적금,645574b0515c88c35a8d0b2d
34,0,7231706,1,21,104,BankScope 신용대출,edb6bc54fffb22a4eb7bc256
69,0,70767401,0,6,98,BankScope 시니어 우대예금,cc0020c2482f6bdd0e6fd499
23,0,2871707,1,13,101,BankScope 청년 희망적금,75bf4ced381aec7da5235a25
33,0,13803956,1,9,102,BankScope 주택 마련 적금,b4e3c8ae5bc67032757f4265
52,0,59977484,0,6,97,BankScope 정기예금,d06badfa17108f5bce63588f
68,0,100603012,0,6,98,BankScope 시니어 우대예금,a386cfbefcab6c00195bfec9
26,0,2590948,0,26,101,BankScope 청년 희망적금,a306300337a96458ae089f05
34,0,7935965,0,36,100,BankScope 자유적금,40b62fd7b49a92c0d6cf565f
49,0,15795107,0,18,102,BankScope 주택 마련 적금,4c6a19762f54209d0fa919f3
34,1,23448169,1,17,107,BankScope 소상공인 대출,d5be36f0df6b899c419c3977
45,0,31499457,0,5,97,BankScope 정기예금,c01dab796dbb6e235ba6314f
64,0,33786511,0,5,98,BankScope 시니어 우대예금,75bf3e684fcff825a89e9002
31,0,10157623,0,30,100,BankScope 자유적금,ac2d43c03c1209b6398617dc
35,0,27941054,0,12,102,BankScope 주택 마련 적금,32cb052f7b24e8ba207d54c1
22,0,8073404,0,33,100,BankScope 자유적금,eb21af896a1ead3c92ea588f
65,0,99709730,0,1,98,BankScope 시니어 우대예금,e9972f2757888d41b69d043e
30,0,2183579,0,30,101,BankScope 청년 희망적금,6ecad4ac015e9e86ebf8240e
25,0,2440160,0,10,101,BankScope 청년 희망적금,fdb755b2f2a47d8ae9020d69
29,0,5126626,1,35,100,BankScope 자유적금,291202c18dff7ed69ae74bcf
29,0,3188546,0,25,101,BankScope 청년 희망적금,17cbd9de93e464ecfa3f9e96
27,0,2001422,0,19,101,BankScope 청년 희망적금,d0917f688456236a38e20081
46,0,23459578,0,10,97,BankScope 정기예금,109a3b2c8b0fcf1e78300b2f
37,0,16451070,1,10,105,BankScope 주택담보대출,33259b65071b3e26ed6ce2ef
60,0,80768608,0,4,98,BankScope 시니어 우대예금,ed771956012a06f139b3250f
26,0,15441178,1,11,102,BankScope 주택 마련 적금,ea28fa14b1fc5ee5d26c82cc
37,1,123433659,1,11,99,BankScope 기업 정기예금,812be41a4408ef7917b5c8d8
43,0,28454068,0,9,97,BankScope 정기예금,347f91d5dbb74c392dbdfa0f
28,0,3142702,0,20,101,BankScope 청년 희망적금,0aa01f88c3f78b49f946cf53
19,0,2142425,1,26,101,BankScope 청년 희망적금,90643dfb2dc50dc75bf5c409
36,0,39918275,0,9,97,BankScope 정기예금,c0bf152273585f53a99ff625
72,0,119461849,0,3,98,BankScope 시니어 우대예금,a64af765f6b8cdfe03184819
29,0,5860336,1,27,106,BankScope 전세자금대출,c288312c088c60aef12e42de
65,0,87325871,0,4,98,BankScope 시니어 우대예금,31f7d93ed1c436d90de757fc
36,0,5832300,1,37,104,BankScope 신용대출,e2d238aa31dcd163c1fca935
41,1,224603249,1,13,108,BankScope 기업대출,11c8f07bb6a1ba55a3d38958
37,0,3413651,1,30,100,BankScope 자유적금,ae4a5fb1a763ab9004c85ca1
30,0,22838651,0,15,102,BankScope 주택 마련 적금,5857b637f8626a39e0373f25
37,0,56004591,0,5,97,BankScope 정기예금,39035af1a263575e3b27b9c6
48,0,29968020,0,15,97,BankScope 정기예금,e43bd29ba7791f68b6cd7040
44,0,34961870,0,8,97,BankScope 정기예금,1df24f24f8c95910ef3ea48b
41,1,118986914,0,7,99,BankScope 기업 정기예금,70b77b13001e9fc26011ad4a
35,0,8638644,1,26,104,BankScope 신용대출,498d98bb629b37904cab181a
24,0,11179224,0,25,102,BankScope 주택 마련 적금,02cc5b54c63328a8de4cdf00
33,0,25212374,1,8,105,BankScope 주택담보대출,766b0b5db6ac364e3946cc85
43,1,35210802,0,6,103,BankScope 기업 정기적금,2eec7a25e7319afa044a5c03
35,0,23429652,1,11,105,BankScope 주택담보대출,118fbd49116cf418a47650e0
24,0,3227603,0,21,101,BankScope 청년 희망적금,998f57cf1182949b401cc23c
25,0,2134629,0,19,101,BankScope 청년 희망적금,0d05b08ed046c6914e4345cd
43,0,17500790,0,7,102,BankScope 주택 마련 적금,f847c9c362b4d5144b386d7e
19,0,2344324,0,19,101,BankScope 청년 희망적금,6b529a5c4990c26f62e7dd2c
19,0,3547123,0,22,101,BankScope 청년 희망적금,453824f003a5b9af00f93d7c
48,0,62028618,1,12,97,BankScope 정기예금,ea3603d27faa69bfbe043598
57,0,64299576,0,5,98,BankScope 시니어 우대예금,b6e8c891175c6d97fa5dc031
47,0,48927289,0,10,97,BankScope 정기예금,13df493156dc08ab7595f9e6
32,0,9953452,0,33,100,BankScope 자유적금,9f09fc4882037183f2696129
52,0,25918495,0,8,97,BankScope 정기예금,ac3c121805534c319d54e715
38,0,2716692,0,25,104,BankScope 신용대출,a84b04c4f32927c5ca3c086e
20,0,3853385,0,17,101,BankScope 청년 희망적금,fad06b1ca291e3b1f92c11b6
19,0,2674566,0,34,101,BankScope 청년 희망적금,e145b86c6e33ac04d0648510
47,0,63139607,1,8,97,BankScope 정기예금,ef026beae07758cbb9ee33cf
43,1,62325531,0,10,103,BankScope 기업 정기적금,9464990e0a89bf0cdfa13886
41,0,48098250,0,10,97,BankScope 정기예금,b8972671ec96873d9b440425
25,0,3462726,0,20,101,BankScope 청년 희망적금,c1e7ff320f05c586fce664df
37,1,286528055,0,9,99,BankScope 기업 정기예금,2fa33a78a9d52e66e032ac41
27,0,9935629,1,19,106,BankScope 전세자금대출,7a2d1f70bd55f4fa5bb5f2ff
30,0,4231731,1,25,104,BankScope 신용대출,f32e6ec1f2a36ec25d3cc182
22,0,5920361,0,38,100,BankScope 자유적금,9b4aac7c9c9657fb5ef91a74
43,1,169027632,0,4,99,BankScope 기업 정기예금,788b660cdc2bef9035d1f6b5
28,0,3238795,0,13,101,BankScope 청년 희망적금,0e8e4fc53f101d7c24091e0b
65,0,82050528,0,4,98,BankScope 시니어 우대예금,d3392cb54b57e78100f5e939
40,0,11728720,0,36,100,BankScope 자유적금,cb673867069aa23b3970896e
20,0,3775734,0,20,101,BankScope 청년 희망적금,0e4eb97a12cfecad8e23ace6
44,0,34025696,0,9,97,BankScope 정기예금,e91e5ff00f2ba3215c1816d4
20,0,17402185,0,21,102,BankScope 주택 마련 적금,9431fd932434765885bb987a
62,0,40491726,0,7,98,BankScope 시니어 우대예금,887d93fb0804cef1f9ad0495
22,0,2155490,0,23,101,BankScope 청년 희망적금,476df854b0ca97b84ef588c0
20,0,3547831,0,35,100,BankScope 자유적금,71ce28c5add15fdc3414a60b
40,0,31888164,0,7,97,BankScope 정기예금,7db24d6c8c5c96322d97ca7b
35,0,3567527,1,29,104,BankScope 신용대출,012ef504d664b8cdeabcecee
27,0,6392847,1,14,106,BankScope 전세자금대출,33f8bf72d5130f6f50d20602
37,0,3992753,0,26,104,BankScope 신용대출,ebf7605bef90c727af26c967
41,0,42110708,0,8,97,BankScope 정기예금,8e36bebaf385115457e9770f
36,0,18399772,0,19,102,BankScope 주택 마련 적금,a56970b287741657d2bb107b
30,0,5850154,0,9,102,BankScope 주택 마련 적금,9dd99e2c989e9f947725b3e7
30,0,12938480,1,7,105,BankScope 주택담보대출,a571270daa06febe3ae6021d
63,0,108684449,0,2,98,BankScope 시니어 우대예금,80bcb865c419999c26f96b77
36,0,22323338,1,7,105,BankScope 주택담보대출,045a3fc147838b45b276ac9d
26,0,19769385,1,8,105,BankScope 주택담보대출,6f8f1248e660f9dfa6a815ae
24,0,5679141,1,18,106,BankScope 전세자금대출,809c14d69ba1fb53ea400361
45,1,315903980,1,6,99,BankScope 기업 정기예금,10e22fb63e49d8b8c6d1547b
43,0,65981221,0,6,97,BankScope 정기예금,930cb74f7cbff39e456e5b87
27,0,15999261,0,12,102,BankScope 주택 마련 적금,f5b23cfb5ecc51605804e8cb
49,0,43051071,1,6,97,BankScope 정기예금,163f1bc8c83e53eaa43c6ed4
20,0,6155720,1,24,104,BankScope 신용대출,808181e586f63800e8ba369c
47,0,18206722,0,7,97,BankScope 정기예금,b19d5c54cb4a99b9695565fb
34,0,7910072,0,39,100,BankScope 자유적금,0b71de1efdacaa6a26e45c6b
43,0,62362449,0,4,97,BankScope 정기예금,85987ec96e025f384ab02944
28,0,8834061,0,35,100,BankScope 자유적금,999c3d4596b8af49da07a3f3
23,0,7843078,1,19,106,BankScope 전세자금대출,93844ea53b06d119c837d2ce
49,0,47557489,0,8,97,BankScope 정기예금,51d0a8143ac94daf4f716bfc
40,0,9698759,0,37,100,BankScope 자유적금,bffe543114956c7223417474
23,0,1934005,1,25,101,BankScope 청년 희망적금,daca3fd2dc56f9d230d63a2f
41,0,71004587,0,14,97,BankScope 정기예금,ab4a8456d1b7af29cebaf54f
19,0,2265542,0,25,101,BankScope 청년 희망적금,f5aa4ebcda8e7a0f0679ac0f
50,0,45606637,0,9,97,BankScope 정기예금,4b090643c24389ccf3924536
40,0,13620966,0,17,102,BankScope 주택 마련 적금,ea1a01a9bd26c5405a253660
51,0,47762690,0,7,97,BankScope 정기예금,63b3da02bf254d5537dca892
44,0,12141244,0,36,100,BankScope 자유적금,f1f9cb5fc4dd86fac6127e74
37,1,23565847,1,12,107,BankScope 소상공인 대출,a78624ebbf7bb96691453030
67,0,83492539,0,6,98,BankScope 시니어 우대예금,c70c18872481b6d476ae1370
30,0,8751737,1,41,100,BankScope 자유적금,842644ec895bcbf2fe7f0f5f
70,0,62975386,1,5,98,BankScope 시니어 우대예금,fb932537eb01146708992b71
29,0,2610574,0,21,101,BankScope 청년 희망적금,2f0d7a0b01144ab5454c2bd0
72,0,98466975,0,3,98,BankScope 시니어 우대예금,d05879419e6734854697fa80
39,1,34333457,0,6,103,BankScope 기업 정기적금,5ec9fb0e9592b7ebc16e930d
45,0,41409309,0,8,97,BankScope 정기예금,3d338f7397b6d45239c0660f
19,0,2627051,0,17,101,BankScope 청년 희망적금,f7c5c9bb1c67e8180e24fa4d
22,0,2749381,0,16,101,BankScope 청년 희망적금,91be24fe1014111440c53c0c
42,0,42814250,0,11,97,BankScope 정기예금,9e5ac5fd29ce7c6f7ca25352
35,0,5724502,0,39,100,BankScope 자유적금,a8660bb01785d3c999f55135
33,0,3374756,0,23,101,BankScope 청년 희망적금,588433de4856a7072f8bc961
27,0,6407587,1,31,104,BankScope 신용대출,78dc8f1b02d5f94ffa6da710
70,0,93674800,0,5,98,BankScope 시니어 우대예금,7d29ef00b152833234bf24ba
35,0,7747357,0,17,102,BankScope 주택 마련 적금,b31694bf9acc86d64f35bff6
50,1,224089889,0,3,99,BankScope 기업 정기예금,ed3ca3e88c8c0d25c83ab91f
21,0,3955018,0,20,101,BankScope 청년 희망적금,ac35f620a9fbe82c82fa14bd
37,1,70441112,1,7,103,BankScope 기업 정기적금,f1dfbe55220ada920e217a00
38,0,8219392,1,9,102,BankScope 주택 마련 적금,1c0835bc4579f6b5f2a174c6
31,0,8938622,1,14,106,BankScope 전세자금대출,d9b8f4184bc660fad6073229
29,0,22305391,1,4,105,BankScope 주택담보대출,c8d6281d4f714e1234c4a899
37,1,26999186,1,15,107,BankScope 소상공인 대출,f40c4b4054ffba09a398b1ff
34,0,17874909,0,13,102,BankScope 주택 마련 적금,2dedf1b14624f086ad0a29b6
43,1,40412911,0,10,103,BankScope 기업 정기적금,9e15cf7101c08b10bdb42811
42,0,44823272,0,12,97,BankScope 정기예금,0dff778bced67508b13af369
44,0,31004620,0,8,97,BankScope 정기예금,5b5d9b60187c02a7b732ac88
45,0,39921991,0,9,97,BankScope 정기예금,8563704a5cf2f37ff7cc3b21
32,0,7225505,0,35,100,BankScope 자유적금,65e8fd143dad0316b214f366
33,0,7397431,1,22,104,BankScope 신용대출,1d796eeec4e3787b9ae13f73
36,0,26980349,1,7,105,BankScope 주택담보대출,e21b8869e07a0b6d435e20c9
76,0,85154545,0,7,98,BankScope 시니어 우대예금,07bfcf28df9b36d389f4e718
40,0,23354862,1,9,102,BankScope 주택 마련 적금,5316075c245812da86534c99
33,0,21181414,0,12,102,BankScope 주택 마련 적금,715a1b2f42cc1427203d6d2d
38,0,9047998,0,54,100,BankScope 자유적금,974d23288328c3266498e9e4
19,0,2662024,0,21,101,BankScope 청년 희망적금,f62b946e1d442f6109b9cf8e
57,0,58011782,1,7,97,BankScope 정기예금,aaded95c3973cfc243b7987e
34,0,17861942,1,9,102,BankScope 주택 마련 적금,44cc6e6382fe6edbbd4ee592
36,1,53364174,0,5,103,BankScope 기업 정기적금,8595756df9725d787e9532cb
38,0,71463711,0,10,97,BankScope 정기예금,dceba3e9e08e53ccc474b812
33,0,6242110,0,33,100,BankScope 자유적금,3fa784c22d5bcf161e4eec60
72,0,62681067,0,3,98,BankScope 시니어 우대예금,fc2bb2881877ec66f7ff58be
65,0,76812648,0,4,98,BankScope 시니어 우대예금,3f82627dc4b322f9b62dfaf5
42,0,48208431,0,10,97,BankScope 정기예금,c721784a69a2147749823271
33,1,419479918,1,4,108,BankScope 기업대출,1bc0535a85d6daf5ea120237
29,0,6109598,1,21,106,BankScope 전세자금대출,707631b77da04588d3bb1fd6
32,0,8336432,0,35,100,BankScope 자유적금,ad375fd1157e55f23e4e2153
43,0,60038788,0,9,97,BankScope 정기예금,362d6f717561cbd7e3dca238
67,0,116015860,0,3,98,BankScope 시니어 우대예금,a7d18f860078a159aae494a7
40,0,10788580,1,38,100,BankScope 자유적금,f445e7697814e65b9eb09381
41,1,16450322,0,10,103,BankScope 기업 정기적금,3631c0dc9947fd6ca6170e16
46,1,243218865,0,7,99,BankScope 기업 정기예금,9e568fd95402154c9c5702d2
36,0,4905544,1,18,104,BankScope 신용대출,77a24e26074feceafac7d9f3
65,0,77197037,0,3,98,BankScope 시니어 우대예금,7151429c59330cfb782a16db
35,0,9667836,1,16,106,BankScope 전세자금대출,aab841586b151df324f84b8e
34,0,11164895,1,22,100,BankScope 자유적금,f3b1be88b7006a2fffd536e4
29,0,17758372,1,7,105,BankScope 주택담보대출,cc30755045dc009c6f83e8cd
24,0,6215088,0,38,100,BankScope 자유적금,ba3ea99f5bb74f5b3121c292
38,0,24376922,1,13,105,BankScope 주택담보대출,65e0654afbf362e75f9e0a34
21,0,13631682,1,23,102,BankScope 주택 마련 적금,83c029f1d477d98690b1a36d
32,0,5743411,1,21,106,BankScope 전세자금대출,9e3987c626eea5e574cf0a8a
40,1,56243587,0,9,103,BankScope 기업 정기적금,45a8fd175e0b60893c0f8aae
32,0,12078374,0,25,100,BankScope 자유적금,725e86174471f59c3399cae9
38,1,27641683,1,13,107,BankScope 소상공인 대출,27c861aaa11b22abb2fda8ea
71,0,50631937,0,4,98,BankScope 시니어 우대예금,291bf2067259de0061b4d6cc
38,0,3957742,1,12,106,BankScope 전세자금대출,5b60fa49b179c421785eea0f
39,0,53661950,0,11,97,BankScope 정기예금,c52970ce6d8cdd9c40031a73
41,0,23288201,1,8,102,BankScope 주택 마련 적금,7be856feef6061c3d8f5ea7f
28,0,10341485,1,24,100,BankScope 자유적금,a8864ad1756e5ccc25e65ef7
38,0,5886575,0,24,104,BankScope 신용대출,9eb6306a0238a4d9c1da52de
41,0,60836137,1,6,97,BankScope 정기예금,431d65d61f9aada5b4890325
55,0,75645827,0,4,98,BankScope 시니어 우대예금,54525c8c7874b0db9230f671
70,0,97351010,0,0,98,BankScope 시니어 우대예금,2dc396eee05f4982acc9c610
22,0,6042312,1,20,106,BankScope 전세자금대출,3f224ae39ec2c6e429945708
48,1,42983324,1,13,107,BankScope 소상공인 대출,dcf1b0700c8ea4bc23509e69
52,0,67488301,0,7,97,BankScope 정기예금,92dbf03567fdf3dab78ae6ad
31,0,16014314,1,7,105,BankScope 주택담보대출,338db74506edfcb970587d40
36,0,2360072,1,26,104,BankScope 신용대출,3031ce990b5bb586fa0a38b1
35,1,34350836,0,5,103,BankScope 기업 정기적금,91453ed63a6251e19deba6ff
30,0,8171915,0,39,100,BankScope 자유적금,df3d56235d594bd9007f1c3e
30,0,2926558,0,14,101,BankScope 청년 희망적금,eb10e6521a37498bf667f656
26,0,6058596,0,8,106,BankScope 전세자금대출,0c6cb4b8adce2b3f2a2e2511
37,0,54545244,0,9,97,BankScope 정기예금,505a78b642ae357386f3924a
26,0,4616554,0,19,106,BankScope 전세자금대출,0f3c2b98c5802b080853ad04
35,0,9045648,1,16,106,BankScope 전세자금대출,a92e2200621afc387394aa17
25,0,2621442,0,22,101,BankScope 청년 희망적금,475c771a56d6619e6c323528
32,0,7888979,0,23,106,BankScope 전세자금대출,3fb161f1685220adc2261623
57,0,54142664,0,3,98,BankScope 시니어 우대예금,55df87ce77ff06ca3c300441
63,0,93390506,0,6,98,BankScope 시니어 우대예금,c2c09c8153b6e03b3926ae28
52,1,137713580,0,5,99,BankScope 기업 정기예금,2facdfd2a4edffab61425f88
61,0,75885009,0,3,98,BankScope 시니어 우대예금,3555173ef6a34da5e3d18af3
42,0,4835946,1,27,104,BankScope 신용대출,8a170161d0fc9ff8dd5a7a5c
42,0,3057539,1,22,104,BankScope 신용대출,828aa4b8c9dc20994bbc32c3
30,0,8747348,1,41,100,BankScope 자유적금,c0b67a13445f74ae23a86ba2
36,0,17611898,0,14,102,BankScope 주택 마련 적금,5fdc9ea94edad6b4ce2e18d0
44,0,68808976,0,19,97,BankScope 정기예금,bc4fb348d28befbd1845a533
43,0,15690826,1,11,105,BankScope 주택담보대출,c1327eb8cf98ac701d65f9e7
35,0,17283807,0,19,102,BankScope 주택 마련 적금,b890422a7ece68d6d5417124
38,0,10916782,0,36,100,BankScope 자유적금,557b2cc27eb61b1a0ec17dff
29,1,19315656,0,9,103,BankScope 기업 정기적금,16e697cd23dbe6872ee62a40
30,0,3103421,0,19,101,BankScope 청년 희망적금,d00b571baec5a525c75908fc
42,1,218487396,1,9,108,BankScope 기업대출,7e69df4d07100eeebf7afdf0
29,0,21892769,1,15,105,BankScope 주택담보대출,09a5771027b2a438c0bcd087
37,0,14374206,0,14,102,BankScope 주택 마련 적금,f05b9e8fc037ef0f0d62e2ed
24,0,2052448,0,11,101,BankScope 청년 희망적금,808c9eff968406787051b072
30,0,5002968,1,18,104,BankScope 신용대출,5b9475ed0e59f4dd3ba7eeab
36,0,20939122,1,13,105,BankScope 주택담보대출,586db17e59f1b8cae0730e5b
34,0,6484118,1,39,104,BankScope 신용대출,10f17e3c7877685602b92767
44,0,7978876,0,34,100,BankScope 자유적금,cd4e1efb7f484b7ad3799c35
30,0,3771943,1,23,104,BankScope 신용대출,c8ffa9d7edde520479619fcf
30,0,3385087,0,28,104,BankScope 신용대출,298143b3b33c24690a67609d
33,0,4225243,1,19,104,BankScope 신용대출,07cc452308ffbb7ddf1967ff
25,0,9197465,0,10,106,BankScope 전세자금대출,196269d578bd9279060c74a6
22,0,3014932,0,21,101,BankScope 청년 희망적금,d460803918ec66927d10fada
65,0,60622723,1,6,98,BankScope 시니어 우대예금,f89b3df3cb39869b8004d8ed
26,0,2273770,0,23,101,BankScope 청년 희망적금,56a1f2b48294aa70b70fb54f
46,0,59016241,0,8,97,BankScope 정기예금,7bb30f39ee9d71c6d5a045da
49,0,51038541,0,6,97,BankScope 정기예금,dc7a5edda1f1c17f11c6f41c
29,0,2977129,0,18,101,BankScope 청년 희망적금,a4d8d72bcf00f8fb2f9f9332
46,0,25007161,0,6,97,BankScope 정기예금,b9ed021cd2ca40aca75f4eb5
19,0,4397753,0,23,101,BankScope 청년 희망적금,fcd72574510749c66a587cff
38,0,23460578,1,11,105,BankScope 주택담보대출,227e491bb5913ddf73ba149f
37,1,48678426,0,9,103,BankScope 기업 정기적금,6428c9675890ee796a3a51be
19,0,4853233,0,29,101,BankScope 청년 희망적금,21eda44cd1d039775466ebb6
38,1,49268838,0,9,103,BankScope 기업 정기적금,b17628ad0393989d59603b07
69,0,35536152,0,2,98,BankScope 시니어 우대예금,442aaef741ca4cdab33c6d4a
35,0,21800135,1,10,102,BankScope 주택 마련 적금,27f4d0eefbf64e75166e6655
26,0,1207141,0,22,101,BankScope 청년 희망적금,dcb5bafafbdd750d190934e9
63,0,83737215,0,2,98,BankScope 시니어 우대예금,8d7960896fc4be89863f0167
42,0,17349749,1,14,105,BankScope 주택담보대출,a851e553c94fd9a55856b1da
34,0,5024393,1,24,104,BankScope 신용대출,43cfef45e523d86101d35b2f
24,0,2882949,0,22,101,BankScope 청년 희망적금,e64a46bcd3137eb1cebeef1c
25,0,4333184,0,26,101,BankScope 청년 희망적금,e7118a3202d78d7df38a55e9
43,0,41359243,0,9,97,BankScope 정기예금,49d0eca6854cfa892f802feb
31,0,22364896,1,19,102,BankScope 주택 마련 적금,b672517f7c5b7438bbf7fd04
32,0,7298580,0,36,100,BankScope 자유적금,7750ef4368a1a2ec77159972
35,0,21376981,0,20,102,BankScope 주택 마련 적금,25278c72cabb45c6bd21521c
34,0,17713623,1,8,105,BankScope 주택담보대출,f89363ff57b3e6551f13996a
46,1,52462662,0,5,99,BankScope 기업 정기예금,85d689bf7aa118bdcfb5c6b4
36,0,44188660,0,10,97,BankScope 정기예금,a64e4e505d0f5539a318f993
47,1,120816280,0,6,99,BankScope 기업 정기예금,10f0587ca31205b3a1be7f38
44,0,77020871,0,8,97,BankScope 정기예금,6b3a707f50399f92ce84d9df
62,0,87209986,0,2,98,BankScope 시니어 우대예금,989998ee50e3c56a23fe561c
35,0,4838673,0,30,100,BankScope 자유적금,dbc00c918bac1ea175ea08d0
36,1,36370960,1,12,107,BankScope 소상공인 대출,ff2bc4aaa5a6b6256667aa0a
47,0,61325416,0,9,97,BankScope 정기예금,b6cfa1cb38cc0bcdfd7c2c7d
30,0,6685952,0,31,100,BankScope 자유적금,d4d5e51ce4942ba404ff0c08
25,0,7440263,1,16,106,BankScope 전세자금대출,d7ce9eee674e873d80556cd7
61,0,69503921,1,3,98,BankScope 시니어 우대예금,fc81d0398dee59e3a3ca6f94
68,0,67775433,0,3,98,BankScope 시니어 우대예금,e6b596fc0510969717c6488c
25,0,3619416,0,18,101,BankScope 청년 희망적금,8c022a56981399e40d209090
33,0,9656672,0,11,102,BankScope 주택 마련 적금,e79b8da5809c072077e084f9
35,0,5025371,0,28,104,BankScope 신용대출,8762284ab094b87d7fb1559d
34,0,13160412,1,11,105,BankScope 주택담보대출,cd3d8a2c65723160f5d06152
34,0,17755372,1,13,105,BankScope 주택담보대출,f38fe1e31549ce4b4b8dd8a5
71,0,113866520,0,3,98,BankScope 시니어 우대예금,d851d95c2cc3f8913443955c
44,0,9293825,0,41,100,BankScope 자유적금,04ba9589946f0ddba23cbe9d
34,0,15067984,1,8,105,BankScope 주택담보대출,4cec9f06336419d8048f9ac1
29,0,14288576,0,20,102,BankScope 주택 마련 적금,6d235f46e9a3193bbbd66e66
66,0,73879478,0,1,98,BankScope 시니어 우대예금,c523a3185d70a4ed462607bd
34,0,14864042,0,17,102,BankScope 주택 마련 적금,43f6a11f93f7ba29bbef2070
27,0,6429871,0,32,100,BankScope 자유적금,612ef62ad3171f61f86edbf9
20,0,4685203,1,21,101,BankScope 청년 희망적금,dbc6e8685d8fd0abf3fa5e5e
32,0,4009753,1,26,104,BankScope 신용대출,26b8a8a0703efa5ff96ccc8e
39,0,17455247,0,19,102,BankScope 주택 마련 적금,88fba1ad7231f60120a30a1c
25,0,2771286,0,19,101,BankScope 청년 희망적금,8acf4c7abfe3a808b79dab4c
60,0,67823715,0,7,98,BankScope 시니어 우대예금,85989b933ca79296ddaba8e7
30,0,4209695,0,15,101,BankScope 청년 희망적금,229b2e5625fc799709d0f7b9
40,0,17194279,0,8,102,BankScope 주택 마련 적금,c5a063dc64df847c2ecb8c85
30,0,4503764,1,28,104,BankScope 신용대출,e448ea55b3e68102149c74da
31,0,2139179,0,23,101,BankScope 청년 희망적금,4753f47d371f3fb178c38848
36,0,33257771,1,13,105,BankScope 주택담보대출,33e80ae986c7790cdb8e72ac
20,0,3175146,0,24,101,BankScope 청년 희망적금,eaf83f23edbe8749a6adaefa
32,0,14755090,0,15,102,BankScope 주택 마련 적금,e49cf337e17c12437d33f473
32,0,3519839,1,31,104,BankScope 신용대출,6ec210aece4de19cd574b7c8
35,0,15131326,0,11,102,BankScope 주택 마련 적금,4d508e3e0d2f1eaed208b442
20,0,2055706,0,13,101,BankScope 청년 희망적금,0ceffa8684efa48fbd632c3c
50,0,62510413,0,8,97,BankScope 정기예금,e9d824f0965bd986d15411a2
34,0,14858002,0,14,102,BankScope 주택 마련 적금,c34dfaf209b57d98c752d3da
34,0,7911425,1,20,106,BankScope 전세자금대출,42c9c50ccb8ddcc316d4a3b9
33,0,13376788,1,11,102,BankScope 주택 마련 적금,61646668da9a2fac09a0925b
41,0,18909902,1,7,105,BankScope 주택담보대출,20f66a7b3bae4aec68654b77
26,0,8664676,1,15,106,BankScope 전세자금대출,ae99604c59b9fc212f034796
52,0,61696038,0,7,97,BankScope 정기예금,e2949bb0bd8aa5b81067d7ee
48,1,159372325,0,4,99,BankScope 기업 정기예금,77cbc31e4b0528091f1d911f
38,0,48169104,0,15,97,BankScope 정기예금,fef1b0abfd6443d250ca1b15
40,1,30598242,1,9,103,BankScope 기업 정기적금,d2a2131c03d2dbc76aaa32f8
20,0,3796712,0,18,101,BankScope 청년 희망적금,520ac98dfa9afd01e544d005
69,0,76935027,0,7,98,BankScope 시니어 우대예금,c9e3996c5a36ba6726ed3b18
43,0,49864156,0,9,97,BankScope 정기예금,192c1587d1ab81dbf6814954
37,0,5561469,1,22,104,BankScope 신용대출,dacdad85e38a16b93fe8ab50
19,0,3227203,0,13,101,BankScope 청년 희망적금,37a9deb90ed1395450db6410
40,0,9456592,1,49,100,BankScope 자유적금,cd43c183aaae27ea55020bb9
32,0,7402851,1,21,104,BankScope 신용대출,a8aa92f41925523321606714
42,1,44737040,0,7,103,BankScope 기업 정기적금,2e71f1d10dc20f12aea97418
29,0,5432855,1,24,104,BankScope 신용대출,07cfffc14601d4d64155f19c
45,1,32758767,0,11,103,BankScope 기업 정기적금,45cd2a06bb72ba259a366f75
30,0,5311187,1,23,104,BankScope 신용대출,f4bf23ba2d28ea70c411bf5d
37,0,9684616,0,6,102,BankScope 주택 마련 적금,cc77a39e53ee05ffdf04e095
19,0,1439085,0,21,101,BankScope 청년 희망적금,e74286f4d1559ab1365899a5
29,0,17553767,1,6,105,BankScope 주택담보대출,d4d12fadab92f9b362918360
24,0,2613366,1,22,101,BankScope 청년 희망적금,fe01e38b2ce876809d065249
41,0,41352599,0,9,97,BankScope 정기예금,b1b2d6c9a839e3a53617825e
41,1,49833544,0,7,103,BankScope 기업 정기적금,9b9862e97da6ac8fb29d896d
61,0,99674528,0,0,98,BankScope 시니어 우대예금,c69488370434c48939e95092
41,0,45151145,0,4,97,BankScope 정기예금,dbe0f3cfcc6ed59223eb2937
74,0,46650714,0,4,98,BankScope 시니어 우대예금,9f92077993972a0dad4d9ee8
30,0,6110696,0,34,100,BankScope 자유적금,457ab7e4fbbfc74c6872826d
44,0,51416408,0,9,97,BankScope 정기예금,a2070514d171e7960502d9a2
38,0,51850321,1,6,97,BankScope 정기예금,e711d604d2f30aa93f965614
22,0,2146565,0,15,101,BankScope 청년 희망적금,9be5b6078dcf0323b6caf6cd
30,0,1778224,1,31,104,BankScope 신용대출,39b169028c3c2fb2d8296bae
48,0,33337870,0,6,97,BankScope 정기예금,128bb90e5e43be3ff746f1d9
37,0,6735802,1,12,105,BankScope 주택담보대출,a86a0ca676bbed7934099643
26,0,9034109,0,21,106,BankScope 전세자금대출,285a45ef6c0aaf4597ecc594
25,0,8754926,0,28,100,BankScope 자유적금,ca46b737de16c925dfb85829
72,0,120824297,0,5,98,BankScope 시니어 우대예금,2f2ccf2d18a90f013d60be02
28,0,7611862,1,12,106,BankScope 전세자금대출,39543ab580d3f37219abb662
33,0,7705878,0,29,100,BankScope 자유적금,55ddac92edd2281cd21f0086
35,0,17133188,0,19,102,BankScope 주택 마련 적금,d4a665b571a9c78640a1a77d
29,0,6548715,1,37,100,BankScope 자유적금,60808b8a4ea124ac6f2e476a
25,0,3439429,1,24,104,BankScope 신용대출,b77b98ed02e98ba539659086
28,0,17224984,0,13,102,BankScope 주택 마련 적금,991271eb65d23a9f40a75d14
36,0,58109168,0,6,97,BankScope 정기예금,d009536ff96339d9aa7a2683
30,0,2416167,0,22,104,BankScope 신용대출,71074a27c8a547463c60ef38
30,0,10608363,0,38,100,BankScope 자유적금,3105cac4df8d97e683c0ff1d
33,0,3338054,1,13,106,BankScope 전세자금대출,7ed11dd7819e695819175a20
39,0,14190907,1,9,102,BankScope 주택 마련 적금,5c0d29c2b501a2684f83c29b
54,0,28049095,0,11,97,BankScope 정기예금,ad72507ea8daf2d9e58295e7
30,0,2891062,0,21,101,BankScope 청년 희망적금,ed1ea64f38ee527c02c9fbd5
19,0,1608640,0,27,101,BankScope 청년 희망적금,afcac67a7c77ff6d2f2bd3f3
67,0,78412650,0,5,98,BankScope 시니어 우대예금,d58f66be10579e0c09e4114c
45,0,12730421,0,10,102,BankScope 주택 마련 적금,3a96e33daff0a47f77fc8b6a
35,0,28592058,1,11,105,BankScope 주택담보대출,cdc7649d080b0b0550da0099
23,0,3391120,0,18,101,BankScope 청년 희망적금,8662f2bfe875eee45d5eec64
47,0,28913805,0,6,97,BankScope 정기예금,a577ad39e4eec2724cd0e342
44,0,71588033,1,6,97,BankScope 정기예금,37b404f57ebc5dc9059d0324
30,0,3615842,0,14,101,BankScope 청년 희망적금,31d4bb6d72cd1410f00ce9bd
22,0,8759445,0,23,100,BankScope 자유적금,b1ea2c6e58bc03bb5dbb9aca
53,0,58646697,0,5,97,BankScope 정기예금,c6d553d3a3971336e96a3acd
66,0,105868953,0,3,98,BankScope 시니어 우대예금,196f9c257909df799c04b701
35,0,65842460,0,4,97,BankScope 정기예금,597ee1d3977efe4d4c47b289
68,0,129106740,0,3,98,BankScope 시니어 우대예금,a7710909ebaa6f7f88a4f670
27,0,4058232,0,25,101,BankScope 청년 희망적금,4c155d6d9e0662c4fa617caa
75,0,68280061,0,6,98,BankScope 시니어 우대예금,95a9f501f9b2e671ca0a38e5
41,1,42922330,1,8,103,BankScope 기업 정기적금,87c78ac0cd20d3b03dae4901
65,0,68141776,0,2,98,BankScope 시니어 우대예금,f0604c39e7ba37e31c3ec5de
37,0,16355833,0,14,102,BankScope 주택 마련 적금,3a9739e8bc5c63c73119afa1
40,0,24040718,1,9,105,BankScope 주택담보대출,4f5d761aeeca9eb42eb4a542
43,0,18492126,1,10,105,BankScope 주택담보대출,4e809e74e4ed6c46c4ea1b3f
67,0,85749310,0,4,98,BankScope 시니어 우대예금,b1a537d0d394534fe21dfd08
43,1,33960455,1,9,107,BankScope 소상공인 대출,73eb652257f16a6b46e6aa25
29,0,10483851,0,35,100,BankScope 자유적금,fb0f69397cceb399be63c9eb
19,0,3761410,0,22,101,BankScope 청년 희망적금,fbcae1734fd5ec390f7b570b
45,0,19987416,1,8,105,BankScope 주택담보대출,4e5d0a09d39ae3cea9b02c34
36,0,14424052,0,8,105,BankScope 주택담보대출,460ceeab14b5ecc5039e6543
34,0,4582447,1,40,100,BankScope 자유적금,426f01f1a6d1c1420bbfcd97
32,0,17763664,0,17,102,BankScope 주택 마련 적금,22dbf09948ea254d2b2b0fa2
24,0,2084794,0,20,101,BankScope 청년 희망적금,63fec01a50c4aa464c53dae2
30,0,21191587,1,18,102,BankScope 주택 마련 적금,df10584e77227520a1bbdddc
36,0,17210521,1,7,105,BankScope 주택담보대출,679b1baca48a6215b2bc7792
65,0,24707720,0,1,98,BankScope 시니어 우대예금,de05fd5e4c5afc55b5c50d41
38,0,74246383,0,9,97,BankScope 정기예금,9b8831c105f752ac3a201f91
41,0,59663842,0,5,97,BankScope 정기예금,6621a12065359dfc2bb014c6
22,0,2708847,0,21,101,BankScope 청년 희망적금,cd075d08b47975b648aab466
36,0,16478967,1,16,102,BankScope 주택 마련 적금,206d8c6c102e49c0eec6682a
29,1,20413487,1,11,107,BankScope 소상공인 대출,5780a0e1ce6770e50b9922df
30,0,7706371,0,20,106,BankScope 전세자금대출,b01196e03fded39628fcd5c0
19,0,2185571,0,21,101,BankScope 청년 희망적금,3a079cb0c55c796b9584b584
32,0,10996957,0,14,106,BankScope 전세자금대출,2cf653e85918d00e49d6a19b
32,0,17476450,1,3,105,BankScope 주택담보대출,84c012de39b26c2eb7d5f5ed
38,0,28276765,1,11,105,BankScope 주택담보대출,4af177752448fc009225dcc3
67,0,102976578,0,4,98,BankScope 시니어 우대예금,cca8ca8b6b4d521c51bf7956
39,0,25037255,0,6,97,BankScope 정기예금,5f0b30a2875d7025e1ffb2e3
37,0,6330094,0,16,102,BankScope 주택 마련 적금,6a5da34c5d3fe2d2dc025712
26,0,2410424,0,23,101,BankScope 청년 희망적금,884e55ec357990950eeeb9dc
20,0,9372764,1,31,100,BankScope 자유적금,084ccff3d4715209df151832
33,0,8876328,0,14,102,BankScope 주택 마련 적금,90e9d03e56e20a89ba5fd1c7
56,0,89031459,0,1,98,BankScope 시니어 우대예금,302e82a2709cf2de90ab0edb
20,0,6630814,1,25,104,BankScope 신용대출,380442fc24ff8bea167dc969
64,0,72911060,0,3,98,BankScope 시니어 우대예금,52589a44bc5d7268b0b3ce6b
20,0,4927571,0,24,101,BankScope 청년 희망적금,def8104854b97b6b801b2554
39,1,73446246,1,4,103,BankScope 기업 정기적금,86f59b0c5e9f4046710a735c
42,1,75748104,0,7,103,BankScope 기업 정기적금,f77603501aba8f5174650a8e
28,0,23355178,1,11,105,BankScope 주택담보대출,80650a70a14349ef8313c640
56,1,279706199,0,4,108,BankScope 기업대출,3dfc56f45375148a0c7335d7
43,1,69429751,0,6,103,BankScope 기업 정기적금,172f11a10a10ac9eda6f59e3
28,0,3496416,0,13,101,BankScope 청년 희망적금,886d737b1d4bce4a956074f8
50,0,68566947,0,5,97,BankScope 정기예금,bc5e4fdfa2c474c55396b50e
42,0,8676070,0,33,100,BankScope 자유적금,069c9e44ce4d1a27cf69af4f
32,0,6143237,0,36,100,BankScope 자유적금,e707a0a895db4a483186ca22
30,0,7153626,0,30,100,BankScope 자유적금,47cd85fb6be0dd5bfa6f2845
42,0,33271989,1,10,105,BankScope 주택담보대출,af63f6679b98bba644c9e2cb
36,0,4875804,0,31,100,BankScope 자유적금,adb8c0d99ae727d7cc4aa0d7
39,0,21900077,1,13,105,BankScope 주택담보대출,347725693b74b2913a6613e8
37,0,68593066,0,9,97,BankScope 정기예금,1a2167f679ceea820c6ae7cf
34,0,8872635,1,20,102,BankScope 주택 마련 적금,6454ac1f298527343d98388c
45,0,66670641,0,5,97,BankScope 정기예금,4e01134fc946d26e93c8a974
40,1,252372736,0,2,99,BankScope 기업 정기예금,d43b2a4fc4bef6ad1d267006
34,0,17523776,0,11,102,BankScope 주택 마련 적금,8a2421431e6639cd7cb94916
65,0,83686166,0,6,98,BankScope 시니어 우대예금,06190ee922d6eaae508d1233
39,0,7721046,1,17,106,BankScope 전세자금대출,d3bf184b34f2b8d458209ba5
31,0,4408100,1,17,104,BankScope 신용대출,246387b6f9e37c646efea9ed
28,0,4489537,0,13,101,BankScope 청년 희망적금,67fb286dc7fab8aa5d5f20e3
38,0,5049932,0,36,100,BankScope 자유적금,5ff1b124c7bc8ea57636a58d
22,0,1809955,0,21,101,BankScope 청년 희망적금,8116c45ef9f6b77e93796c67
62,0,105573906,0,5,98,BankScope 시니어 우대예금,99115998317920f246e8f467
28,0,7177682,0,38,100,BankScope 자유적금,da9f2eb538c6500171aee994
39,1,39921090,1,6,103,BankScope 기업 정기적금,8a9a775b297e5f68156df157
64,0,63567658,0,4,98,BankScope 시니어 우대예금,39aea531cce72c4a742c5ce2
45,0,8854471,0,10,102,BankScope 주택 마련 적금,f029853bf3d5e821b8fcabcf
62,0,21400433,0,3,98,BankScope 시니어 우대예금,86aa4e460aea1a5cb6cfc98f
28,0,2106957,0,16,101,BankScope 청년 희망적금,4529e8fa0b6e2e36d52b78bb
31,0,19246200,1,15,102,BankScope 주택 마련 적금,5abfc3b5d5ebe2c94ebd1d47
38,0,18603359,1,7,105,BankScope 주택담보대출,fcc3a6631b4d179fb748026d
71,0,117201891,0,1,98,BankScope 시니어 우대예금,b406b81c492fefaa9938fd7c
45,0,40837429,1,3,97,BankScope 정기예금,82d37a354167b84edc50c13e
20,0,3253995,0,18,101,BankScope 청년 희망적금,25593adae7850d597979e930
36,0,3072429,0,42,100,BankScope 자유적금,efbfb0eac4ab328bfe35ad2a
75,0,82794847,0,1,98,BankScope 시니어 우대예금,169bb37175f0d45a776a8471
35,0,2659092,0,38,100,BankScope 자유적금,f14e660d9933cb326e57a0b7
19,0,4136363,0,26,101,BankScope 청년 희망적금,b68f7f455a4533169024fcb3
22,0,9892912,0,21,106,BankScope 전세자금대출,664c742c07e88cf60bfe12e3
39,1,19534646,1,10,107,BankScope 소상공인 대출,b581fc397d0dbd9045184353
39,0,16098601,1,7,105,BankScope 주택담보대출,49a3910a07435881040d439c
32,0,7239956,0,20,106,BankScope 전세자금대출,12b1aa5999d81a0dee93796d
37,0,7420988,1,9,102,BankScope 주택 마련 적금,0238fb0a04ad355a76b2dce5
39,1,41631616,1,6,103,BankScope 기업 정기적금,ffcea4a76c5527ffc79b8b64
28,0,8839834,0,47,100,BankScope 자유적금,f9458d9667fcfefcd99b8a14
29,1,49113034,0,8,103,BankScope 기업 정기적금,364baaa46770fb78bcae03c2
49,1,67047675,1,8,108,BankScope 기업대출,54ad01156f95723b4e904534
29,0,4691790,1,26,104,BankScope 신용대출,67b14ba010bc37245544a14d
48,1,18564964,1,12,107,BankScope 소상공인 대출,992b666b13a0767ce9e48ece
35,0,17504045,0,13,102,BankScope 주택 마련 적금,6d828003e2eea92ef86c507f
34,0,26539220,0,4,97,BankScope 정기예금,1ffb1e965f230f506b36b0f3
19,0,4273270,0,20,101,BankScope 청년 희망적금,13ee5d5b9e10d4e81e4ff433
41,1,10595084,1,14,107,BankScope 소상공인 대출,02f20a8ea78a3df2481ca9cd
28,0,9986573,0,38,100,BankScope 자유적금,dda2d55384504c2c39fa90b5
39,0,26199062,1,12,105,BankScope 주택담보대출,78564dd2bddc184812a2b615
39,1,163522387,0,4,99,BankScope 기업 정기예금,4f053187395c2b1e7fcfe80d
48,1,48057444,0,11,103,BankScope 기업 정기적금,8b18fffebea1a28a3c812cf2
41,1,66205337,0,14,103,BankScope 기업 정기적금,92237cf553c56cbb1bb246f6
70,0,54880293,0,4,98,BankScope 시니어 우대예금,c329c280a2ca470046d85d31
43,1,16826815,1,9,107,BankScope 소상공인 대출,afda837a71c12b15e1e8e148
38,0,4725448,1,30,104,BankScope 신용대출,971a06dfdc2aca318b3156d7
27,0,10117418,1,44,100,BankScope 자유적금,6aa98af41427204c75b75af1
57,0,47116694,0,8,98,BankScope 시니어 우대예금,98b11769208413eb86d8fbf2
33,0,4994788,1,18,104,BankScope 신용대출,95116dc3d651bcae81d8053c
33,0,18212259,0,26,102,BankScope 주택 마련 적금,190d38e83e02df76888ef364
39,0,9770688,0,37,100,BankScope 자유적금,c8f367451f469188a39d8c46
43,0,18069798,1,11,105,BankScope 주택담보대출,17c754bb3d47f573de87171d
71,0,71564293,0,7,98,BankScope 시니어 우대예금,d1ab7b705a602159ea98954e
29,0,1648356,1,19,101,BankScope 청년 희망적금,81ccad3335f7624e7e398b38
20,0,2011148,0,18,101,BankScope 청년 희망적금,c59f40f7dc5f482108f2982e
42,0,48616682,0,11,97,BankScope 정기예금,29f700b44dffbfb19de85780
43,1,239479209,1,4,99,BankScope 기업 정기예금,c706696c9cf9c12166ce2838
39,0,8060664,0,30,100,BankScope 자유적금,b99847ccb694b1f06bb55bc3
34,0,9982708,0,33,100,BankScope 자유적금,935f6f1965ae89d0784f5074
49,0,49381688,0,9,97,BankScope 정기예금,86e5e5453772a677679f4a2c
31,0,12197635,0,19,106,BankScope 전세자금대출,defbb7c2dbd2260d99a8346b
33,0,5421815,0,14,104,BankScope 신용대출,d3905b427cd9d156a53e9205
20,0,2662343,0,13,101,BankScope 청년 희망적금,d81a056835b51dc6b48993ac
44,0,81374981,0,9,97,BankScope 정기예금,175c3aeb27b8ff7e9192067c
25,0,3680680,0,17,101,BankScope 청년 희망적금,39fcb127fe6bf99a300fb5d7
64,0,96669093,0,6,98,BankScope 시니어 우대예금,c1081fe89b2e823992a611b6
21,0,3009638,0,25,101,BankScope 청년 희망적금,508e3cd5a24a8b531903677c
39,0,14639602,1,15,102,BankScope 주택 마련 적금,fbfad6fdf130b0810d4b8486
45,0,50476583,0,5,97,BankScope 정기예금,196ee64dd4cc697113e2486e
45,1,212232351,1,5,99,BankScope 기업 정기예금,63910817a48b6189de5f49a6
43,1,350572584,1,5,108,BankScope 기업대출,d1846cc33e08bcef6754d0e3
26,0,1084900,0,19,101,BankScope 청년 희망적금,3c33487d318cc221cae174ae
31,0,5116064,1,21,104,BankScope 신용대출,de7c7d60534c923d30f434ec
48,0,43800176,0,6,97,BankScope 정기예금,216a652bb3c646c8b73875af
43,0,44121852,0,4,97,BankScope 정기예금,0a6932d42d5a2913e5f74b09
32,0,4370215,1,18,104,BankScope 신용대출,35cc5e8f6bf1198ca13444d9
37,1,240594825,0,7,99,BankScope 기업 정기예금,bf2fab56190888bb35f080d2
35,1,42020578,1,8,103,BankScope 기업 정기적금,eb37acf45ed5986b2ba24212
43,0,68252895,0,7,97,BankScope 정기예금,5df739ada6fe2fde579c5f87
35,0,22087295,1,10,105,BankScope 주택담보대출,f4fd230ef4775287f983b681
36,0,15859534,0,14,102,BankScope 주택 마련 적금,03a8c9edb42145f3acfab742
46,0,67840870,0,6,97,BankScope 정기예금,28b09bd31882b68d6c6b58b5
32,0,15764457,0,16,102,BankScope 주택 마련 적금,f2982d86ec0490ed94a77f37
32,0,7608345,0,30,100,BankScope 자유적금,8fec48520df4ff2ec8dd316c
42,1,240453907,0,4,99,BankScope 기업 정기예금,f31122e3b071739238af0f74
22,0,1802488,0,15,101,BankScope 청년 희망적금,1be5f77f694f729679b0d100
61,0,85623535,0,3,98,BankScope 시니어 우대예금,f0255cc3c8f7071522a81da2
25,0,6542217,0,51,100,BankScope 자유적금,8f3080dd4377739590116bf1
33,0,3657841,0,23,101,BankScope 청년 희망적금,ec7f3ea3716ede6faa656d73
29,0,2863788,0,18,101,BankScope 청년 희망적금,b5fb3698d4fc9873cdf4edaf
26,0,10347116,0,34,100,BankScope 자유적금,75442708f1053d8eca3ec215
28,0,10296232,1,16,106,BankScope 전세자금대출,6663befa009a396b2c2d088e
31,0,16068066,0,27,102,BankScope 주택 마련 적금,ba66d1f00d53bf25a0c2737e
35,1,48937491,0,10,103,BankScope 기업 정기적금,1a199f51fb7145dd12714c0e
45,0,44069886,0,5,97,BankScope 정기예금,bfa13c5677e7c0b02f3c2209
61,0,44022446,0,5,98,BankScope 시니어 우대예금,0d6a7d269179a8ad06d47d8c
36,0,5304141,1,28,104,BankScope 신용대출,e3cbb555c4fa353d67821e7b
37,0,15999964,1,17,102,BankScope 주택 마련 적금,eb504988fdccdd34b7a54a75
44,0,48116934,0,4,97,BankScope 정기예금,63b2c29658c6d85958e02914
26,0,7511013,0,14,106,BankScope 전세자금대출,3424a174950c1ff8dcbc0383
33,1,32344694,0,7,103,BankScope 기업 정기적금,9ff1ad19c10d977eb22510eb
28,0,7788804,0,25,106,BankScope 전세자금대출,a4f4aaae6a3ad1c7e9d0bf9f
40,0,23451629,0,5,97,BankScope 정기예금,fd39b442f57938cdf3373290
35,0,22670583,1,10,105,BankScope 주택담보대출,ef17e02a01e0823f2c6c63ce
64,0,43227622,0,7,98,BankScope 시니어 우대예금,2cf458ee3355fed73147ecf1
30,0,9154868,0,33,100,BankScope 자유적금,cdc9a86db6cdadf4364fdbc3
34,0,9948001,0,34,100,BankScope 자유적금,58a7f0a20f6e059ed09a1a8b
49,0,54679064,0,8,97,BankScope 정기예금,b546192e429eb074883a9bbf
24,0,5272708,1,22,106,BankScope 전세자금대출,17ce1995338ee2deca1dd074
22,0,7590857,0,43,100,BankScope 자유적금,226195664aa077dd97be8092
26,0,4585262,0,20,101,BankScope 청년 희망적금,c4ac993965300e3d653df658
19,0,3810777,0,31,101,BankScope 청년 희망적금,99f0913e59e624002814eaf3
38,1,58796427,0,10,103,BankScope 기업 정기적금,ad31f8cd13a04f5f3f956c4f
74,0,63504261,0,4,98,BankScope 시니어 우대예금,8d22db1af9fbfaf86430ec47
41,0,29400135,1,6,97,BankScope 정기예금,6d56d42b34c676839bf02e03
30,0,25392588,1,7,105,BankScope 주택담보대출,275a011cd55d6fddbf248b88
37,0,27296431,1,9,105,BankScope 주택담보대출,3d0fd251011e91c615566bf6
44,0,53245923,0,9,97,BankScope 정기예금,63f2f016eb07cf68063c5bc7
35,0,2951961,0,27,104,BankScope 신용대출,ac9c6658a6ba35cbef8a5e5b
29,0,21093635,1,16,105,BankScope 주택담보대출,4e3f5f11c2296fda5db54d70
26,0,10501135,0,34,100,BankScope 자유적금,87ba41e2ed56aec3cf8e6051
33,0,6765921,1,18,106,BankScope 전세자금대출,71f51adfe3f95580360d5a80
66,0,27392352,0,6,98,BankScope 시니어 우대예금,212b988e05d5dc5d13f33963
38,0,10824433,0,10,102,BankScope 주택 마련 적금,9a4fd27f977f9b2813a474bb
44,0,47903818,0,11,97,BankScope 정기예금,9dd0a0ef561922d9bb6e7a77
20,0,2360293,0,28,101,BankScope 청년 희망적금,014c2bc8f82ee5b1940ed33a
33,0,10236869,0,37,100,BankScope 자유적금,140b539f20730c72e5adbfd9
34,0,2908289,1,20,104,BankScope 신용대출,aa4d241678d94e5b74c81dbd
26,0,2178168,0,16,101,BankScope 청년 희망적금,6bfa738f46c7d50b8dc16c6a
50,0,56223722,1,6,97,BankScope 정기예금,16c3146db371c9ea046bf915
68,0,63678424,0,2,98,BankScope 시니어 우대예금,0ef90dfd362f4120f732b485
19,0,2406546,0,19,101,BankScope 청년 희망적금,d1551b9f91a9f774ebf15d96
50,1,40606021,1,10,107,BankScope 소상공인 대출,b8094ef0cb6c0795e6106ba5
36,0,8078829,0,28,100,BankScope 자유적금,772c9b58117771953337bae7
43,0,15076451,0,9,102,BankScope 주택 마련 적금,b132c9cd7c58419447b308fb
35,0,18720087,0,10,102,BankScope 주택 마련 적금,37e66aa27a1961b331b68da4
26,0,8014678,0,41,100,BankScope 자유적금,83d8907e98d4ca07cc4b0fef
33,0,3442099,0,14,101,BankScope 청년 희망적금,39fa9aed49a0e7e1e1296faf
30,0,7343923,1,23,104,BankScope 신용대출,7ee773aa3ffb175dc432c8b8
29,1,35432163,1,5,103,BankScope 기업 정기적금,6906477d5a9d8aaf73390a1c
37,0,4434426,0,34,100,BankScope 자유적금,1d826a2ff1c1e94dca541580
31,0,3793186,1,25,104,BankScope 신용대출,db446a11c241f2b3a4509a07
24,0,3870021,0,22,106,BankScope 전세자금대출,5c7569fd6f8dff269e5f66f4
45,0,23626675,0,10,97,BankScope 정기예금,8b127ddbb93b91650973e75a
34,0,18064029,0,18,102,BankScope 주택 마련 적금,55afb3bb20f6807d25dfa462
53,0,49636669,0,8,97,BankScope 정기예금,619f0c3fde7d06ddc8aa29b0
39,0,5853542,1,28,104,BankScope 신용대출,0017260d1af2e2f7c298ec41
45,0,21077485,0,13,105,BankScope 주택담보대출,ee87583328c6520338c9675f
36,0,7692393,1,46,100,BankScope 자유적금,973b6c68773272d0f6653e3b
48,0,67523488,0,9,97,BankScope 정기예금,a46ae31491b73f80d90e9306
49,1,197810043,0,5,99,BankScope 기업 정기예금,d797b7e88a5da8782c9de905
36,0,22713722,1,11,105,BankScope 주택담보대출,e3c1ae3224464bf5822502b6
36,1,32440657,0,12,107,BankScope 소상공인 대출,7c4aa557a3ad2b176abe861b
23,0,6475859,1,28,104,BankScope 신용대출,01e25164b72bfb6c1f649124
46,0,36656352,0,5,97,BankScope 정기예금,22b969a971329e8f8bf227c2
21,0,3338052,0,29,101,BankScope 청년 희망적금,50207530288a070610155bbf
35,0,2360446,1,21,104,BankScope 신용대출,57e6ccfa7381cbff7b4de934
33,0,8823162,0,40,100,BankScope 자유적금,a12a89646c69eda286e77035
37,0,23084881,1,16,105,BankScope 주택담보대출,4971d617bd2ea4729ee8e98c
40,1,41477826,1,9,103,BankScope 기업 정기적금,655965ffa5520635a1a28924
19,0,3474926,0,16,101,BankScope 청년 희망적금,7aecb0960dc3fa6639b158d2
27,0,16695126,1,19,102,BankScope 주택 마련 적금,6f462e31f3565dc1bb52eb88
34,0,22934184,0,18,102,BankScope 주택 마련 적금,2c2ebb9ddfeb4e6bd621a43f
35,0,2750605,1,25,104,BankScope 신용대출,c6e1270fae270bb4ab049b01
34,0,5227412,0,31,104,BankScope 신용대출,7d3f05c4dd20f548777e2eb8
24,0,2702473,0,20,101,BankScope 청년 희망적금,d38ddb49dd85d73714cdb3f1
60,0,78838422,0,3,98,BankScope 시니어 우대예금,77d3961f0847ed6b07287e05
58,0,65708230,0,3,98,BankScope 시니어 우대예금,18661960285664919ec2dd54
55,0,20329037,0,5,97,BankScope 정기예금,92338a6f4a43aa4fbebb62bc
38,1,237328458,1,5,99,BankScope 기업 정기예금,1f76d030b3a24625a67cd951
40,0,21855501,1,9,105,BankScope 주택담보대출,c70df442fd13a34ea8af8a87
31,0,3022016,1,27,104,BankScope 신용대출,962853af14edd67807966bd5
35,0,7342911,1,19,104,BankScope 신용대출,71f11e908fa34af35b2cddfd
69,0,102825688,0,3,98,BankScope 시니어 우대예금,ec16fbc058db15e26735d799
32,1,190393855,1,7,99,BankScope 기업 정기예금,de535e9bf06415665e9d0571
33,0,5472757,1,28,104,BankScope 신용대출,9eb3042129905e8656a5245f
29,0,5437590,1,26,104,BankScope 신용대출,bed5072dd4dc1e0be3e45389
25,0,3769605,0,24,106,BankScope 전세자금대출,fe005139164d92c6b38bd6ea
34,0,21913429,0,16,102,BankScope 주택 마련 적금,5b14704873d475f06abac9e8
35,0,16207996,0,12,105,BankScope 주택담보대출,efd0620a8a1348eaed99a648
28,0,7110568,0,38,100,BankScope 자유적금,46beca0c7e793d20273c3fd7
36,0,59107265,0,13,97,BankScope 정기예금,1ca48a64dbffaec857df1b10
41,0,12245066,0,7,97,BankScope 정기예금,f6b254bebae76ffbc467cda1
42,1,30458709,1,7,107,BankScope 소상공인 대출,26a3630b0f5de984b6ccb6e1
31,0,5066759,1,19,106,BankScope 전세자금대출,ffd38fe38360c0582db60be3
27,0,7256169,1,26,104,BankScope 신용대출,882b00b102befb79a52173df
39,0,5227693,1,28,104,BankScope 신용대출,a3f50fe15e3d84bb2f56e69a
35,1,36885695,0,7,103,BankScope 기업 정기적금,609451a50a09dbb6f251a84b
45,0,50957940,0,5,97,BankScope 정기예금,3ee99a04fb1860e9c04774f5
35,0,6421520,0,28,100,BankScope 자유적금,22515da113ef2724f63260ac
33,0,28131417,1,12,105,BankScope 주택담보대출,09bc00f4530684ae1f2d2452
30,0,4359206,0,22,104,BankScope 신용대출,b6d7e41926a4e8882fdca652
48,0,60157909,0,7,97,BankScope 정기예금,dfe0a87aa710990b1f7914df
26,0,2786850,0,13,101,BankScope 청년 희망적금,97035029af3cc96c358f74db
34,0,13055448,1,9,105,BankScope 주택담보대출,9ef2c459f123a88d5cf79d42
31,0,1709293,0,27,101,BankScope 청년 희망적금,6172058a00869ce31d14ef52
34,0,5820769,1,33,104,BankScope 신용대출,8bff549bd01323e54b6037f8
36,1,47001447,1,10,107,BankScope 소상공인 대출,a476419d8122bd21bc19f43e
52,0,65133042,1,6,97,BankScope 정기예금,daa84e66313696b6bd5ec08a
30,0,5382228,0,31,100,BankScope 자유적금,2cba8421ac809dfd8fce0903
33,0,2706477,1,24,104,BankScope 신용대출,45e7dbfda1d12845334f3d39
44,0,9777011,1,6,105,BankScope 주택담보대출,827677e999d8af188b83f176
40,1,62085372,0,9,103,BankScope 기업 정기적금,bad81844b4a0f959b8eeecf4
23,0,3375829,0,22,101,BankScope 청년 희망적금,d628041701d76de69cc13b92
70,0,66374042,0,8,98,BankScope 시니어 우대예금,8b0513c531c7e55514f86be4
30,0,5308991,1,30,104,BankScope 신용대출,0c10298ee091eb761ea9c545
36,0,4308601,1,25,106,BankScope 전세자금대출,7fa0f15a14913c5d0927c088
30,0,11266509,0,38,100,BankScope 자유적금,d8ffcdd9ddb3159ae79dd05f
42,0,21846503,1,5,105,BankScope 주택담보대출,6aac495049493c8c27f02305
49,0,54729111,0,8,97,BankScope 정기예금,b235a493ee19dd5c69a41036
25,0,0,0,29,100,BankScope 자유적금,5a28f68464d3c6994f1adabb
28,0,6415845,1,19,106,BankScope 전세자금대출,c276ca6e587700a44d5a17d7
38,0,8915459,0,31,100,BankScope 자유적금,c94ac4cf30f6b308faabe72d
28,0,19293195,1,16,102,BankScope 주택 마련 적금,b18d7588222918aad8b25325
32,0,7990272,0,15,102,BankScope 주택 마련 적금,6f2b2c9248288b2d2757868a
25,0,7725150,1,17,106,BankScope 전세자금대출,8bdf3ae9342a31906704c22a
37,0,24122246,1,8,105,BankScope 주택담보대출,9f61678b0106c53c368755a7
29,0,9358051,0,13,102,BankScope 주택 마련 적금,5245aed5c9590860fb350423
44,0,26440847,1,17,105,BankScope 주택담보대출,fc89ad904391e707de047874
37,1,180792082,0,8,99,BankScope 기업 정기예금,7ef9de9cb0a06b5aed6d33b8
31,0,2327708,0,23,101,BankScope 청년 희망적금,ac941f20ce2cf833b970c45c
23,0,2257247,0,26,101,BankScope 청년 희망적금,e5a87fc3bd5817ddded4b968
41,0,14883091,0,18,102,BankScope 주택 마련 적금,2ebbbf41147a7eae65cee8cf
33,0,15643459,0,10,102,BankScope 주택 마련 적금,437a888212b7f304543d97b4
45,0,47526693,0,6,97,BankScope 정기예금,b95c97fff845a00f458211c6
40,0,58984976,0,12,97,BankScope 정기예금,739c209845862e61d1be6ae6
32,0,6302985,1,18,104,BankScope 신용대출,ce29094daeb4fc406dad1227
50,0,50779575,0,4,97,BankScope 정기예금,c03b3ab238017eb06a07919b
29,0,3483629,0,14,101,BankScope 청년 희망적금,7c8154e343b983b583a03da7
45,0,24609968,1,6,105,BankScope 주택담보대출,c26afae22d47b6ff0497e988
33,0,20968982,0,15,102,BankScope 주택 마련 적금,3189569d7f1bb0fe195ac4d8
40,0,51699658,1,7,97,BankScope 정기예금,dbd488aa0fdb059cd11582db
41,0,49854676,0,3,97,BankScope 정기예금,9912e69f7387520b87e5e970
19,0,2736800,0,22,101,BankScope 청년 희망적금,2f9272e7ba386f534d0dcadb
44,0,32980524,0,7,97,BankScope 정기예금,b8ccedd5128bd67810421f8d
49,1,54446410,0,13,103,BankScope 기업 정기적금,0d60717b61192765d8e912e8
31,0,10233968,0,33,100,BankScope 자유적금,e7a42d1b5d33359aad98de23
42,0,49658215,0,11,97,BankScope 정기예금,f32a60ff8bdfce437b2b530e
34,0,1895841,1,32,104,BankScope 신용대출,3a7884edf72d84d96b29f9de
32,0,3273053,0,19,101,BankScope 청년 희망적금,64d3985b6fc95a52cc15d2f6
39,0,5655227,1,20,102,BankScope 주택 마련 적금,b98b255d03661be74e0fd6f2
36,0,11794071,0,17,102,BankScope 주택 마련 적금,85145bbe7d454aa14d8d1b70
43,0,22596345,0,9,97,BankScope 정기예금,973335ed69da3c1276ca72f6
41,1,33847098,1,12,107,BankScope 소상공인 대출,643cfce160f5f60594c6f46c
28,0,4309796,0,30,101,BankScope 청년 희망적금,8046337e2a4d305ac1a1da09
70,0,85970507,0,7,98,BankScope 시니어 우대예금,929959006c97e0c4697b9875
41,0,9146066,0,32,100,BankScope 자유적금,771beef0b48c8ce591e71059
34,1,17323957,1,14,107,BankScope 소상공인 대출,9ebacd57adc5c97ae1fde81b
24,0,2673062,0,20,101,BankScope 청년 희망적금,efdb42e02a7b2bd65ca8d497
36,0,44458742,1,8,97,BankScope 정기예금,e808667c7d492b1c1460547e
34,0,3865009,1,22,104,BankScope 신용대출,5f521de782d0b8a32686d9c7
30,0,3029744,1,18,104,BankScope 신용대출,b06fc71cbacca4f337924cf2
49,0,70562593,0,3,97,BankScope 정기예금,d3fdce1f9850340b3b3eee0e
38,0,45661143,0,8,97,BankScope 정기예금,0f4ad6716afc9ba437b8e9a2
47,0,48107568,0,4,97,BankScope 정기예금,0d53bd3bb8c11c34dcd6e8a9
27,0,12971294,0,20,102,BankScope 주택 마련 적금,c0f3d8c8e0e004b7fa9aedd2
25,0,6012121,0,35,100,BankScope 자유적금,6fbc2ca692b8893192c7c04f
63,0,88677508,0,3,98,BankScope 시니어 우대예금,1d7be824165d77e0143ed9f5
23,0,11532018,0,21,102,BankScope 주택 마련 적금,c016bda6b62d52714fcaac41
31,0,18679405,0,13,102,BankScope 주택 마련 적금,a84059bb6b9131bfad788935
49,1,76848264,1,10,103,BankScope 기업 정기적금,5b2dfdfc3e987b03a9637dd9
20,0,1594474,0,16,101,BankScope 청년 희망적금,88658be58659192f19946dc9
19,0,2149284,1,30,101,BankScope 청년 희망적금,2ce1fbe443f2cdea737f099e
41,1,55802627,0,6,103,BankScope 기업 정기적금,b5210b9489cd54d56b028f41
35,0,16705407,0,17,102,BankScope 주택 마련 적금,7d5d5192c0858dceb074bd24
20,0,3874396,0,22,101,BankScope 청년 희망적금,2419464acc321461c20b5f43
35,0,21908974,0,15,102,BankScope 주택 마련 적금,9b3376dbf2bf90cbbca4513e
22,0,2304535,0,20,101,BankScope 청년 희망적금,82431e3b320f1e6a9cee86e3
45,1,49267409,0,8,103,BankScope 기업 정기적금,62fa53de342e04235384aaf0
38,0,16287341,0,9,102,BankScope 주택 마련 적금,4f8f0a3d4655d5528743fb7a
31,0,7119972,1,22,104,BankScope 신용대출,15460b678cfe88b4f1c290d5
32,0,15829649,0,15,102,BankScope 주택 마련 적금,b23a07339b58bc32e5e9926e
26,0,23773468,1,16,102,BankScope 주택 마련 적금,4acb89d9a5f288ba23a8ab1b
28,0,8119858,1,17,106,BankScope 전세자금대출,6cea888211727200af537414
42,1,45317904,0,4,103,BankScope 기업 정기적금,894d16b1dd36dc2a890c62bc
24,0,2512947,0,12,101,BankScope 청년 희망적금,ef705004adc9241d0fa8f153
30,0,8713499,0,30,100,BankScope 자유적금,4772417f5cb9e7af3db154b5
47,1,60311845,1,8,103,BankScope 기업 정기적금,af9d0f45c4b7c07d77cb7f1d
31,0,3458422,1,24,104,BankScope 신용대출,748e9ab519acd96b65c95760
30,0,8877061,1,18,106,BankScope 전세자금대출,ce55e324db0e3eeddabfc554
41,0,7629507,1,34,100,BankScope 자유적금,2f9d258766392a7394ee35c0
34,0,5988451,1,27,104,BankScope 신용대출,10b12f89b76a4cdaad41b917
50,0,19526340,1,5,97,BankScope 정기예금,200d7c4c6a6e90504206c0da
29,0,2600528,1,17,101,BankScope 청년 희망적금,8e25bb881f669e9c39ae0d42
29,0,10919570,0,10,102,BankScope 주택 마련 적금,0233b7431bb0e699d8f71e18
68,0,105692805,0,8,98,BankScope 시니어 우대예금,514be8bbe0593cbbf18bdb5a
32,1,45264416,0,5,103,BankScope 기업 정기적금,2183d468c7d95f72d80b977c
45,0,39642079,0,8,97,BankScope 정기예금,9e918ca2cca7cc009906d139
43,0,21332426,1,9,105,BankScope 주택담보대출,b87a5fa70d243586cbd1163c
38,0,4032698,1,33,100,BankScope 자유적금,6868f4001b9d368dbb179273
43,1,49563834,0,7,107,BankScope 소상공인 대출,3fd2f6719f61d7c4ac6ba8d6
23,0,2914597,0,24,101,BankScope 청년 희망적금,a5855f6089509441bfafcc8f
19,0,2096293,0,13,101,BankScope 청년 희망적금,d213c76469a10b6997646e02
39,0,12557299,0,5,97,BankScope 정기예금,45387b03e453cd57be11fe09
19,0,2309186,0,18,101,BankScope 청년 희망적금,0eea8e6f20f25bc445cc4f8b
28,0,6274596,1,29,104,BankScope 신용대출,899903d3534b42334f315a37
48,1,226501464,0,7,99,BankScope 기업 정기예금,40599378247d0425794bd4ff
48,0,50513349,0,6,97,BankScope 정기예금,903960c2dbc26fd5653245fe
29,0,22063738,0,12,102,BankScope 주택 마련 적금,1b786495d7d7d0c837e6be8d
51,0,57551213,0,9,97,BankScope 정기예금,5f9e0b4256ceaa2d4acd443e
23,0,2833421,0,22,104,BankScope 신용대출,4f9c34fdcd3431b7c382375e
24,0,3686549,0,16,101,BankScope 청년 희망적금,7e0951b27300b4c69f993982
27,0,8997353,0,11,102,BankScope 주택 마련 적금,71632360b4372e44362c4856
31,0,4636639,1,27,104,BankScope 신용대출,6159a8d896be74073823f98b
27,0,2127934,0,16,101,BankScope 청년 희망적금,a561df25dec4cfa969dca0e3
33,0,7135467,0,39,100,BankScope 자유적금,38ecab6825e17d649625a968
35,0,4073010,0,11,106,BankScope 전세자금대출,bef4a5b4e86521a9fcc3c36b
30,0,4510909,1,26,104,BankScope 신용대출,57f87d9ff00c6d18b1e26da4
34,0,4196330,0,16,101,BankScope 청년 희망적금,fdf884e12295af9ac30c1ed7
38,0,24035946,0,11,102,BankScope 주택 마련 적금,a1a10bcc02abd5a018769fb2
33,0,8719593,0,39,100,BankScope 자유적금,a6d965904b38627a1a01f2e6
38,0,19151289,0,16,102,BankScope 주택 마련 적금,90528c3779811e4533bf63f4
32,0,12224618,0,21,102,BankScope 주택 마련 적금,7c7c56412c0267c0456f6107
28,0,4596976,1,18,101,BankScope 청년 희망적금,81c7202717b7c878da326ea0
69,0,70781817,0,0,98,BankScope 시니어 우대예금,ba7b6f2005cbbe0acc11a086
28,0,4387087,1,21,104,BankScope 신용대출,7908c34eedfbb6c93dd4111a
23,0,4770629,0,23,101,BankScope 청년 희망적금,17d5fb128213ce52ffdbb032
47,1,50681997,0,8,103,BankScope 기업 정기적금,12d9c18fb192d4116bb6d894
33,0,15389469,1,11,105,BankScope 주택담보대출,5c041a5d76d2cacd6b3c4d2f
39,0,25189298,1,8,105,BankScope 주택담보대출,465bfadea49b441881028751
46,0,39301901,1,10,105,BankScope 주택담보대출,6a24db0aa8b3ef6964042bce
47,1,198775873,1,6,99,BankScope 기업 정기예금,af3707f221ef4c6a1bb0d5dc
31,0,7407769,1,37,100,BankScope 자유적금,ef4a891409de68f9ba3b3a04
38,0,5548745,1,27,104,BankScope 신용대출,90f4ce93f8f2253874618b1c
36,0,5494838,1,31,104,BankScope 신용대출,20e80f5295413f31ecfdbabb
70,0,122241982,0,5,98,BankScope 시니어 우대예금,9b99429f4fa4b6f24bca62bd
30,0,2688441,0,17,101,BankScope 청년 희망적금,a37b670306c0f9e8945858da
50,0,41765674,0,3,97,BankScope 정기예금,bd2def2abb478631ced73637
47,1,225375716,0,2,99,BankScope 기업 정기예금,adf47c13bad4aa88ecc78194
61,0,70995558,0,4,98,BankScope 시니어 우대예금,c8c740da21181b91d13e56fd
35,0,23351905,1,15,102,BankScope 주택 마련 적금,a66f0b0e6cc5bf8348631256
46,0,53533283,0,5,97,BankScope 정기예금,843c337c9825176b1ef9315b
27,0,7355558,1,11,106,BankScope 전세자금대출,5a96160a58008997c3bceb85
39,0,17679348,1,14,105,BankScope 주택담보대출,f498cf3e7eb07a46998506ad
63,0,79605738,0,4,98,BankScope 시니어 우대예금,eecef87ebc2e4f725d200d18
27,0,15440076,0,11,102,BankScope 주택 마련 적금,e3f815d35fea732563bf7bcd
25,0,3168069,1,27,104,BankScope 신용대출,1b8cad07553cb673dab3f725
46,0,41255506,1,8,97,BankScope 정기예금,636cb8e8c22a8cd4fc5e573b
67,0,92938884,0,0,98,BankScope 시니어 우대예금,a454f263803d4c118d440a27
40,1,200421907,0,6,99,BankScope 기업 정기예금,f381f98fe467aee1dff1a169
19,0,3187296,0,20,101,BankScope 청년 희망적금,55aa5b412981190c7f9951a1
40,0,6546740,1,12,105,BankScope 주택담보대출,f62c1aebb8c1539f1cc6a74f
36,0,13296777,0,10,102,BankScope 주택 마련 적금,288676bddf17b5d4bf4553a1
63,0,91955292,0,4,98,BankScope 시니어 우대예금,f447bd61d8fd953425039666
23,0,1674294,0,21,101,BankScope 청년 희망적금,30cdc6b6890df72909d72c26
35,0,13341607,0,14,102,BankScope 주택 마련 적금,7f6de5b5124787034ae496aa
72,0,106114527,0,3,98,BankScope 시니어 우대예금,8a751ef754e05efa2c0dd0ef
22,0,250213,0,23,101,BankScope 청년 희망적금,fedca80660dfad6b99a36859
58,0,107278541,0,6,98,BankScope 시니어 우대예금,85a116edd910676cd7ab313b
56,1,276269036,0,7,99,BankScope 기업 정기예금,9d53edcfb52d1aed100464d0
28,0,2313445,0,17,101,BankScope 청년 희망적금,07aefde8cb43b3512430fd5d
30,0,6825137,1,29,104,BankScope 신용대출,7a83117b1eccc03e61e55735
41,0,47549224,0,10,97,BankScope 정기예금,f11490ffde20d699ceeba478
35,0,26162995,0,17,102,BankScope 주택 마련 적금,49480653dc386ab6fc48fe7a
41,0,4236992,0,27,100,BankScope 자유적금,8ec3f5ceeeb9f23f2a44d24a
36,0,12290887,0,42,100,BankScope 자유적금,5aa686f7f539fca5fc76fdac
30,0,2572825,0,19,101,BankScope 청년 희망적금,4abcd38c0f3e896e8267cfed
27,0,9930589,0,38,100,BankScope 자유적금,e1465acc5fa87d198d2c64b4
25,0,10490654,1,24,106,BankScope 전세자금대출,5b024a75e36ed4da0d81435a
41,0,26044655,1,10,105,BankScope 주택담보대출,1e2cca3629e9b6606141f8ca
26,0,3525375,0,19,101,BankScope 청년 희망적금,d1941b8c1e193d731dfc1339
33,0,10115191,0,13,102,BankScope 주택 마련 적금,0d7c18dc0084d017d15d80c7
32,0,10165055,0,13,102,BankScope 주택 마련 적금,2f9159234c41808059e7f955
45,0,19838268,1,12,102,BankScope 주택 마련 적금,c2454be34f8a95d1235907c3
63,0,82520173,0,5,98,BankScope 시니어 우대예금,c9459a1d4ac1792cb4da8ff8
73,0,95904830,0,4,98,BankScope 시니어 우대예금,384471b3e0199749a22cdbdb
49,0,70280635,0,5,97,BankScope 정기예금,fce58346ecb300ad36c6f121
47,0,47540752,1,9,97,BankScope 정기예금,547166a99bb3033c31105243
42,0,18144294,1,10,105,BankScope 주택담보대출,e32a1a018d95730bfd2216e8
40,0,13541107,1,6,105,BankScope 주택담보대출,f0d9220ebf8f398308a98a68
29,0,17987519,1,17,102,BankScope 주택 마련 적금,b223d333f6d568e53179a228
35,1,279380556,0,7,99,BankScope 기업 정기예금,167087e9f0b03fce34ed8b92
45,1,24710761,0,10,103,BankScope 기업 정기적금,38f6ddb3cd8f7670013de6c8
40,0,71186217,0,9,97,BankScope 정기예금,e5fee45d0830e00d55d2baf6
53,0,42823604,0,13,97,BankScope 정기예금,bba56f5496551a6daef8f123
64,0,66656548,0,5,98,BankScope 시니어 우대예금,3aaef724cec1aae4e399226e
44,1,61207206,1,13,103,BankScope 기업 정기적금,c75839cf6354806dd880c6bd
29,0,8659979,1,16,106,BankScope 전세자금대출,94d6b38883b1543800f2f1e6
32,0,4611368,0,17,101,BankScope 청년 희망적금,61d495d4b68bee5ddc33f568
43,0,71061551,0,8,97,BankScope 정기예금,a46690dca3161d8ab2460af0
68,0,85244182,0,4,98,BankScope 시니어 우대예금,196ec9a284163c348aa715d1
38,0,7585093,0,29,100,BankScope 자유적금,2e9db12b959073cbc1081ea6
35,0,8471611,1,25,106,BankScope 전세자금대출,6dc3c81f32dfdf0d3b8a4acb
43,0,25534566,1,12,105,BankScope 주택담보대출,787fd4748e25e2fd490da94f
25,0,9603358,0,16,106,BankScope 전세자금대출,595831479ad22219667d6c51
35,0,6214318,0,22,104,BankScope 신용대출,682b7c4ca02ea78b1ea0230b
33,0,69524384,0,8,97,BankScope 정기예금,d26dadf840dbf2731e2e7669
39,0,10296587,0,27,100,BankScope 자유적금,80cc4870cf17c9babdeda7c0
32,0,8990974,0,30,100,BankScope 자유적금,84628cc48ebf67df9dce144e
36,0,2671847,1,25,104,BankScope 신용대출,4607e0e74e2b75f66cc8b001
33,0,10153845,0,31,100,BankScope 자유적금,4ca70f7b42e5041d7f086477
20,0,3170476,1,28,101,BankScope 청년 희망적금,820e271aaf652a0be7f02124
28,0,8311499,1,36,100,BankScope 자유적금,e20fe389d441febe6bf45307
21,0,3774305,0,19,101,BankScope 청년 희망적금,37d91b97a9709ff61e8dfbf6
31,0,5979151,1,29,104,BankScope 신용대출,5c39da3a2a0f47ee62352755
37,0,3293558,1,34,104,BankScope 신용대출,f52a79e334f46068a52be2d4
58,0,73763906,0,5,98,BankScope 시니어 우대예금,72bc2fcf2bd37f934a5caa9f
31,0,9811229,0,40,100,BankScope 자유적금,0d02de1799307fcdc130f289
22,0,2694701,0,21,101,BankScope 청년 희망적금,648f5b55e31d5ac114fab1e9
28,0,2241482,0,17,101,BankScope 청년 희망적금,b3b23217014f1f71667fa5d5
23,0,7617595,0,36,100,BankScope 자유적금,15b910461b45bec6a66d2676
24,0,6498234,1,21,106,BankScope 전세자금대출,459234e943be4691425d1bd8
35,0,16889354,0,21,102,BankScope 주택 마련 적금,33b059565ccdbf2fd2d3e560
47,0,43551019,0,8,97,BankScope 정기예금,42181eb22dfbb30d1ed359c1
32,0,1979786,0,16,101,BankScope 청년 희망적금,fc41002efdc95e757c4de647
41,0,8152272,0,34,100,BankScope 자유적금,66d59e7de396a276567bfd8e
66,0,67742439,0,3,98,BankScope 시니어 우대예금,d70fc06548098d6804728c49
31,0,7240453,0,19,102,BankScope 주택 마련 적금,095211df93a0c87197bcc0bc
22,0,2426509,0,18,101,BankScope 청년 희망적금,55ea7bbb85f8bb633fbb0e3b
49,0,69321957,1,7,97,BankScope 정기예금,0b6b531dead4bfb997ba0214
30,0,7683002,0,42,100,BankScope 자유적금,04c596067a8023f855b32a31
33,0,8725071,0,38,100,BankScope 자유적금,29d434a2fe0176596ad35714
35,1,57933115,0,10,103,BankScope 기업 정기적금,0ad740d40c8cf97376c86dc8
45,0,37265137,0,7,97,BankScope 정기예금,f8988e2ecb5ea006795c38be
54,0,58011206,0,6,97,BankScope 정기예금,7156d0f11e950c289571718c
33,0,3949969,1,20,104,BankScope 신용대출,0133f4a9c6a759ac5785b844
29,0,5309280,1,15,104,BankScope 신용대출,283f2750f693740ef6ee49e5
32,0,8075921,1,36,100,BankScope 자유적금,e54572c7059c6208ebd1bc8b
66,0,70816343,0,7,98,BankScope 시니어 우대예금,ff0b5cfff40f9ddfaf1ea8a1
43,0,55299596,0,9,97,BankScope 정기예금,9854152fc4c522b0e1b3c792
25,0,8117460,1,24,106,BankScope 전세자금대출,ed874b06ef70e59230257fbd
65,0,30971098,0,5,98,BankScope 시니어 우대예금,476bbbcfdf18503076548b2f
25,0,3544422,0,23,101,BankScope 청년 희망적금,07d0bafd0b9ed18da90b3c15
19,0,3050276,0,24,101,BankScope 청년 희망적금,7cb3e920a05eb70599c894e2
52,0,53359683,0,7,97,BankScope 정기예금,03b0d3c2f52824a1e0cd2670
30,0,6623103,1,33,100,BankScope 자유적금,d5abe69579cbbc6aba2fc5e2
29,0,3888968,1,26,104,BankScope 신용대출,2a8c9aec5a6757114de7e941
30,0,9333581,0,45,100,BankScope 자유적금,38c78314a6bd1f2e17e82849
41,0,34743913,0,4,97,BankScope 정기예금,3f306f2c29e9de48233da965
26,0,5476190,1,26,106,BankScope 전세자금대출,fb2614010bbead6982093853
31,0,7884813,0,39,100,BankScope 자유적금,5f8487f4bc020d5936ec5dbd
64,0,99893003,0,3,98,BankScope 시니어 우대예금,2670bf6f2f0b0bcfc691330d
54,0,31658548,0,10,97,BankScope 정기예금,82a90f113abd17d34f8ffc63
21,0,3928258,1,18,101,BankScope 청년 희망적금,58ba43630d3263a53b91d7a9
33,0,14233358,0,7,105,BankScope 주택담보대출,ccf1adeecc258bedda82802b
33,0,1844602,0,18,101,BankScope 청년 희망적금,8adebc958065e31ec084c3d2
75,0,109986494,0,2,98,BankScope 시니어 우대예금,17027df7d5d873d5b3d551ad
46,0,16433468,1,15,102,BankScope 주택 마련 적금,d7893ccb99dddd7eeceeae3d
25,0,2128252,0,21,101,BankScope 청년 희망적금,0d4c3d5d7c0d0e679437d5dd
34,0,5181946,1,30,104,BankScope 신용대출,06b00dfbe3e0ba3a7e827faa
64,0,51461991,0,4,98,BankScope 시니어 우대예금,308689e58c77ca9297cf8c7a
50,0,8543942,1,7,105,BankScope 주택담보대출,c374d0b763d30d9ed436913f
28,0,27314190,0,6,105,BankScope 주택담보대출,d78929daab271ea83b7a1573
31,0,6103200,1,20,106,BankScope 전세자금대출,13c0623db1d002ef58df3302
62,0,90213898,0,7,98,BankScope 시니어 우대예금,1dd6ece33bacc25ff779ddfa
43,0,32820634,0,12,97,BankScope 정기예금,3e7ca5c94bf25eeecbc1cbef
40,0,21172193,1,15,105,BankScope 주택담보대출,6db756352c15abbbd5744d77
70,0,79548327,0,1,98,BankScope 시니어 우대예금,4a457e7a578942a4ecf643b0
28,0,8548514,0,26,100,BankScope 자유적금,488f6e0713e5e05cfa3498c1
31,0,8655789,1,23,106,BankScope 전세자금대출,eda201c9a218f08f0e4bc260
32,0,3244225,1,22,106,BankScope 전세자금대출,caa733ccb75509064dd1d271
70,0,79846130,0,6,98,BankScope 시니어 우대예금,5f3360e7f636bd61dfd8141a
24,0,1265524,0,16,101,BankScope 청년 희망적금,96af193caf9c749a47b033c6
38,0,49063732,0,3,97,BankScope 정기예금,09e7c15d5c5b8cd0e555bd66
43,0,13047112,0,15,105,BankScope 주택담보대출,5cc98c8d87e04a8444590435
36,1,266669748,0,6,99,BankScope 기업 정기예금,c2df70c05717b134fbc7582e
28,0,11104224,0,41,100,BankScope 자유적금,492c3e8da4e7f5ce208242db
20,0,1380021,0,18,101,BankScope 청년 희망적금,81672ba3dfd88f72cba0ea1a
23,0,5414797,1,8,106,BankScope 전세자금대출,9425759d4ecc48bb44c429c2
38,0,38859221,0,5,97,BankScope 정기예금,a9f409e01a778b5562a07d72
37,1,67144396,0,4,103,BankScope 기업 정기적금,489b83241aee8b15cab04525
19,0,2831387,0,23,101,BankScope 청년 희망적금,355e13f09d1096a9cd9377ef
19,0,3799139,0,22,101,BankScope 청년 희망적금,f80c922a5519db4c9b33d43f
41,0,54863020,0,7,97,BankScope 정기예금,cdc9aaae5b1d3bba1152db6c
38,0,14821964,1,14,105,BankScope 주택담보대출,4cb9a3acdfacc9b8b076e40e
39,0,44538436,0,11,97,BankScope 정기예금,feeed328014d8faf91422757
39,1,356528843,1,4,108,BankScope 기업대출,a72bcdfc70aef13108742735
53,0,26578516,0,5,97,BankScope 정기예금,a6a20fc676d12ae8319aac0a
38,0,6719938,0,40,100,BankScope 자유적금,ca05a1c2864b66a8a3918a23
38,0,65474346,0,8,97,BankScope 정기예금,ea3419bcdc77038e5b81f520
50,0,64830121,1,7,97,BankScope 정기예금,ba25c5f368846463d83b440f
30,0,2443398,0,22,101,BankScope 청년 희망적금,349c4bb99ec9f92b40197bc8
47,0,53377818,1,7,97,BankScope 정기예금,fef03d7e9056c1879fa92270
63,0,96644148,0,5,98,BankScope 시니어 우대예금,6788c8544ccbfc3387d9d3e4
27,0,4114248,1,23,104,BankScope 신용대출,34b7da742c1c61e4629c1302
34,0,1319666,0,18,104,BankScope 신용대출,7f6a399fd69f4b334dc7c784
23,0,2705452,0,31,101,BankScope 청년 희망적금,a83fcf2f2fe68fa61c9eefc1
28,0,4626598,0,35,100,BankScope 자유적금,6cd12bc376e821ab9d4c99ce
67,0,92351271,0,1,98,BankScope 시니어 우대예금,bc13819f518fcb74d9ddff64
29,0,3139074,0,20,101,BankScope 청년 희망적금,4e2bde6c03bd6db09d71d282
40,0,22744061,1,7,105,BankScope 주택담보대출,8457c95e8cae0956a2573184
36,0,17802197,1,14,105,BankScope 주택담보대출,01e44306270234269a73aec5
19,0,4020419,0,27,101,BankScope 청년 희망적금,8af17d0caf10e52455c5a3c3
34,0,7592413,1,37,104,BankScope 신용대출,a788d5ef6f6b27936262f918
38,0,14033345,1,13,105,BankScope 주택담보대출,8e84b38a3d864679798c206b
21,0,4990740,1,20,104,BankScope 신용대출,51fe60105dd59741927d6c27
37,0,12654198,1,9,105,BankScope 주택담보대출,838291abaa89a23b4a7eaf7e
63,0,97601004,0,3,98,BankScope 시니어 우대예금,167b5bc6093d35aada3a8a98
38,0,8016862,1,33,100,BankScope 자유적금,521cd6e19744903536211f2a
41,0,6732742,1,18,104,BankScope 신용대출,adb5bca0daabb23680f70b4d
42,0,5518344,0,48,100,BankScope 자유적금,f16986d1d8688504da7c7c4d
29,0,3227376,0,28,100,BankScope 자유적금,9b5416e4dfe581ccc822cc84
27,0,4218805,1,16,106,BankScope 전세자금대출,7f69be63b1856ef54070befd
34,0,4365731,1,25,104,BankScope 신용대출,e740b54f0f61ddcacd5a8054
40,1,208290635,1,4,99,BankScope 기업 정기예금,16a19c680286113e9daa68ff
31,0,2488176,1,18,104,BankScope 신용대출,a3afa98ab93e4477e9bb05d7
33,0,7742488,0,17,106,BankScope 전세자금대출,f37ed9ccd0da77744410492a
28,0,9930729,1,36,100,BankScope 자유적금,9b7e0690d35e58edd733b743
62,0,113283047,0,4,98,BankScope 시니어 우대예금,922c3c41952ab2217e4a024a
34,0,7352220,1,26,104,BankScope 신용대출,998ddb11bb78768c4d4cb9bb
27,0,11104967,0,11,102,BankScope 주택 마련 적금,5d19b3c3c5b2fc7ad252ed21
25,0,6074757,0,37,100,BankScope 자유적금,cd2c9962ab044e3ed0b469c3
40,0,13360079,0,13,102,BankScope 주택 마련 적금,fda677bd7495a62e4d35d767
26,0,9017155,1,12,102,BankScope 주택 마련 적금,a2b75e60dbebce38808aa1ba
19,0,6591063,0,35,100,BankScope 자유적금,f97f5068fc12c9e1f0f67b74
44,0,50838284,0,6,97,BankScope 정기예금,20f9815123c0f144c0712d45
37,1,233395279,0,5,99,BankScope 기업 정기예금,c575b36712c88a9354f9b0b0
70,0,91857616,0,6,98,BankScope 시니어 우대예금,b2f6a4bd844c44e8475620c0
30,0,9908598,1,41,100,BankScope 자유적금,8cbf9a7512f8fc7acd99ce5e
27,0,2099918,0,12,101,BankScope 청년 희망적금,23aba7a29d3042ae3156f4ab
32,0,4591541,1,19,104,BankScope 신용대출,f1185f99df227c423d159fdc
43,0,20983503,0,11,97,BankScope 정기예금,380a2816be68f1b73efe0c5e
48,0,14187996,1,10,105,BankScope 주택담보대출,17f3ceca1cd3310b0c884a29
46,0,28670403,1,9,105,BankScope 주택담보대출,5ae6b111ec3829ef6088b867
33,0,11762638,1,19,102,BankScope 주택 마련 적금,a891329def7130ef4713f55f
29,0,4488591,1,21,104,BankScope 신용대출,9781127713cea306fe5d18a3
30,0,11680248,0,10,102,BankScope 주택 마련 적금,e730783e8d3b7f67f8050b8e
43,1,160108760,0,4,99,BankScope 기업 정기예금,6f7c890339b0aa0001a0dccf
40,0,33722505,0,7,97,BankScope 정기예금,3f6bdba3db9c5fda50779c2e
29,0,6640300,0,14,102,BankScope 주택 마련 적금,93b3ab355dcca5b4f53bd005
31,0,9443545,0,34,100,BankScope 자유적금,aacd02df46f1b2ee025c72d1
36,0,6324640,0,25,104,BankScope 신용대출,8b408753e9ba0ff3196f7e3f
31,0,8668268,0,39,100,BankScope 자유적금,4dacb9ddaf43486ca9d36bd8
39,0,16432105,0,9,102,BankScope 주택 마련 적금,7fb65c69f2cc4b03c97f3370
42,0,14643762,1,13,105,BankScope 주택담보대출,c05a8e2b5e736651e7adaae7
41,0,17502168,1,10,105,BankScope 주택담보대출,37299df681db6614878ff834
35,0,3251997,1,28,104,BankScope 신용대출,0375a86535f4a5d1109e8a7b
35,0,7294057,0,29,100,BankScope 자유적금,4c8a8976f57f238590dffa86
19,0,3224237,0,20,101,BankScope 청년 희망적금,3dd1747b3140f03c23b1d59c
31,0,5517111,1,18,104,BankScope 신용대출,a73e56c2a35e1c13fccc7b7c
49,0,25115465,1,14,97,BankScope 정기예금,abd2cf5ae65450f365dd85fb
42,0,73712223,0,7,97,BankScope 정기예금,1ab948e0be8a55025e7158f7
26,0,2261283,0,21,101,BankScope 청년 희망적금,ce669e893356f4ae39b4357c
35,0,15131107,1,4,102,BankScope 주택 마련 적금,d7b69669e0f92a2f93f5fce1
21,0,2595196,0,23,101,BankScope 청년 희망적금,dd813bdd104c9a3b5d716ca4
32,0,8813264,1,15,106,BankScope 전세자금대출,79d54fd96f2bc4a1f6e70dcd
35,0,17337589,0,16,102,BankScope 주택 마련 적금,7404bbf6f3ec692e9f85e302
19,0,2264497,0,14,101,BankScope 청년 희망적금,28d00ab62c668ddf68be7af9
42,0,38953580,0,13,97,BankScope 정기예금,ca7ab6aeea426197e3c0f086
32,0,7657212,0,16,106,BankScope 전세자금대출,ada3fe78ac1b97b78e6056f5
22,0,6296314,1,20,106,BankScope 전세자금대출,7060c5ffda079b1c8933d789
48,0,29151864,0,10,97,BankScope 정기예금,c59bf0837bf64668fdbcf345
40,1,233058779,0,6,99,BankScope 기업 정기예금,309153d4dfeba23312bb0cd7
41,1,231099771,1,5,108,BankScope 기업대출,eb171cda2392d33490713304
38,0,28916981,1,9,105,BankScope 주택담보대출,fd0a3f4f7f4c07ce3aac39ba
23,0,7036198,0,11,106,BankScope 전세자금대출,94d6a4153e2918c2a3e7ed82
33,0,14556775,0,13,102,BankScope 주택 마련 적금,0ec94a47b785ec8dbe67873e
22,0,2818382,0,23,101,BankScope 청년 희망적금,2f6a6faa050260399a9a1274
23,0,3957674,0,20,101,BankScope 청년 희망적금,95a51c9411ccd7185924f6d5
51,1,96347103,0,7,108,BankScope 기업대출,956aa4056bcab8ce4615f305
41,0,60067879,1,3,97,BankScope 정기예금,0a1b8cba0c29c14956c7b9a4
30,0,9063914,1,22,104,BankScope 신용대출,1077b0ec7436a053ff75e395
43,0,35401647,1,15,105,BankScope 주택담보대출,c8068a1bcbbd169dc2f00b14
39,0,7804052,1,18,106,BankScope 전세자금대출,1291b537689c94b1e72991bb
50,1,329541200,1,3,108,BankScope 기업대출,352e9618deb145259ac5b96e
33,0,12134653,0,13,102,BankScope 주택 마련 적금,134b90ee20425077fc8a67fc
19,0,1778444,1,17,101,BankScope 청년 희망적금,bb4b97608cab0ef1917033f0
46,0,45578187,1,4,97,BankScope 정기예금,ee1cded811990bee49de3127
36,0,6349970,0,35,100,BankScope 자유적금,97b1dc6a941f8c9d944e76e3
25,0,2562822,0,20,101,BankScope 청년 희망적금,2893ff93cc831c13d6d18437
44,0,48900677,0,11,97,BankScope 정기예금,a4c783076fb98fd43cb2e27a
43,0,17679811,1,8,105,BankScope 주택담보대출,b6b7c0f73274284b2cbcfb83
40,0,15227556,0,13,102,BankScope 주택 마련 적금,1dbc891120c1ae5694d61b2c
29,0,9549165,0,36,100,BankScope 자유적금,61c22b737dbbbacc976a8168
32,0,1948778,0,29,101,BankScope 청년 희망적금,7484250ba1f065bc655fb244
35,0,1980391,1,21,104,BankScope 신용대출,b40219fca2f503fe02a7cf32
27,0,3919580,1,30,104,BankScope 신용대출,a59169a48bfe7e74de778e5b
32,0,3422208,0,15,101,BankScope 청년 희망적금,c35a65848acc92f6c027b619
29,0,25360495,1,12,105,BankScope 주택담보대출,73d1dc3d13564039e5546100
34,0,5843964,1,20,106,BankScope 전세자금대출,bd5000bb8ae188f49d57084b
42,1,359098007,1,7,108,BankScope 기업대출,37d2a4052298604d7485bc58
30,0,4018958,1,20,104,BankScope 신용대출,bad7588ad663cab057f795c0
65,0,81634339,1,9,98,BankScope 시니어 우대예금,546608ddd941a14cb0453190
31,0,6611837,1,21,104,BankScope 신용대출,af2c35070d96c542b6d493c2
40,0,58514329,0,7,97,BankScope 정기예금,4d2c13b31370064fe349246d
30,0,4207626,0,37,100,BankScope 자유적금,0db50eb490ace4a9658c0f5a
38,1,223189686,0,3,99,BankScope 기업 정기예금,8967a0e8b9e0c8f8c81d4195
54,1,241449338,0,4,99,BankScope 기업 정기예금,c8e5e8a68b1dc4920901b5fb
46,0,47879627,0,5,97,BankScope 정기예금,115f8bad16c0e8854dd82123
58,0,79068731,0,4,98,BankScope 시니어 우대예금,7d9305b6f17e7236abd79254
29,0,7958647,0,47,100,BankScope 자유적금,01c9e193b956f06f7c5af676
42,1,290211951,1,4,108,BankScope 기업대출,201c596c83d1c55f73fb1af2
45,1,36300056,0,18,107,BankScope 소상공인 대출,959f16562bdc47f0749b8430
34,0,9392081,1,7,105,BankScope 주택담보대출,a3af5569ace18e8ac515f13e
29,0,5478867,1,27,104,BankScope 신용대출,76e3fd51acca252e6985075a
25,0,2982638,0,18,101,BankScope 청년 희망적금,3596044f07beb9b338ab3378
65,0,79831389,0,2,98,BankScope 시니어 우대예금,a631d15dcf5428ae2c552cb4
47,0,58012682,1,6,97,BankScope 정기예금,83b631ddc53f45306d02ab5a
33,1,72625545,1,14,103,BankScope 기업 정기적금,f35808ef469831719807aebb
33,0,10793249,1,30,100,BankScope 자유적금,eb5924d1247b32a60185aa1d
68,0,85108599,0,3,98,BankScope 시니어 우대예금,3f189ad655fc668bf6dd45c2
33,0,6265325,1,27,104,BankScope 신용대출,6f97becbdcaffddc7ccf88b0
38,0,4140899,1,19,104,BankScope 신용대출,6239b9af7e16cb8ac0e5f8bd
36,0,10153139,0,17,102,BankScope 주택 마련 적금,28df9730f31ce13c1f749fb4
32,0,8453380,0,27,100,BankScope 자유적금,072146957965e6906cd795ea
36,0,7565937,0,40,100,BankScope 자유적금,8d33f8417b1685b5827fdf6d
29,0,3650552,0,24,104,BankScope 신용대출,ced454a2f8909bd8b0ba3ae9
66,0,106423257,0,3,98,BankScope 시니어 우대예금,d76609d4ce21d63174e331b8
44,0,28596173,1,12,105,BankScope 주택담보대출,9c684cf0eef49cc491b2549e
29,0,3578907,1,40,100,BankScope 자유적금,6570cd2199e3c5561041bcb3
25,0,5370622,0,21,101,BankScope 청년 희망적금,ff158ef2ff712ae0d446db63
38,0,15381328,1,12,105,BankScope 주택담보대출,9af0f5d484cfc39866bbedd4
27,0,4522080,1,34,104,BankScope 신용대출,ad6c579216493f2641d3eb4a
35,0,21210537,1,8,105,BankScope 주택담보대출,33a547457cf244c2a12f8fd3
45,0,15442327,0,9,105,BankScope 주택담보대출,2d8f82edf933d29ed5a74bff
41,1,59154451,0,7,103,BankScope 기업 정기적금,0a144e742a05f83c9f1d4d67
62,0,82989490,0,1,98,BankScope 시니어 우대예금,3bb5e0041862403bca3b59ee
62,0,97145074,0,2,98,BankScope 시니어 우대예금,bb1e22d8f4b2a397345732e8
50,0,60273566,0,10,97,BankScope 정기예금,73ee080cca1c0fc218d51ab5
34,0,9855934,0,33,100,BankScope 자유적금,8fa291142279888b6bb8efd6
33,0,17343661,1,14,102,BankScope 주택 마련 적금,e9aca50d60bb7fc4f27f4f96
56,1,198817442,1,4,99,BankScope 기업 정기예금,5fab0157cd2a4d2c90610ce9
43,0,31676367,0,9,97,BankScope 정기예금,44dc9edcc553ef1a1b0e34e8
26,0,3510097,0,12,101,BankScope 청년 희망적금,46f86d7baa88bbdab84806cf
27,0,2924195,0,22,101,BankScope 청년 희망적금,85c848680a85c9d26781ab30
36,0,52763571,0,8,97,BankScope 정기예금,8a54ff9d4e43a78a3a7461e1
20,0,1817258,1,20,101,BankScope 청년 희망적금,6d437522a6de586ef140882e
31,0,6030164,0,26,106,BankScope 전세자금대출,0eabe06d4edaf2cabc99e4ea
32,0,3733171,0,24,106,BankScope 전세자금대출,8c190ebc181e6a3400401d3b
29,0,6966318,1,23,100,BankScope 자유적금,f7e6704ad4ace4d0a468744c
33,0,10690760,1,22,106,BankScope 전세자금대출,499becf710b16d95b8f2553d
28,0,8764734,1,17,106,BankScope 전세자금대출,63d023d49f0b546874916edf
33,0,5733951,0,37,100,BankScope 자유적금,9a9f38f5e810da537728830d
33,0,4651572,1,23,104,BankScope 신용대출,771cecfdac16d6efc58ca80f
33,0,14606599,0,11,102,BankScope 주택 마련 적금,ba62f1ddb56e551cb5dce800
35,0,28605217,1,8,105,BankScope 주택담보대출,2fd3f490cd1f1d0eac50037c
52,1,99687137,0,3,108,BankScope 기업대출,6dd0a570b0ce25c457c155c7
21,0,3692483,0,36,101,BankScope 청년 희망적금,192551066c327fcae60ff69b
28,0,8153354,1,24,106,BankScope 전세자금대출,d6f77fbeedb2fec169de560a
43,1,33077653,1,12,107,BankScope 소상공인 대출,08bbfee6220e1e0996e7a963
60,0,74364312,0,4,98,BankScope 시니어 우대예금,a5c5cf9a7483dcbf1e38cdc9
33,0,7050874,1,16,106,BankScope 전세자금대출,485dcd41d6482bc57f4325ce
22,0,2320503,0,17,101,BankScope 청년 희망적금,f815f7b0e72df9aed022277e
42,0,45679257,0,3,97,BankScope 정기예금,508b3419ca876eff313d4be9
28,0,3166808,0,20,101,BankScope 청년 희망적금,158c5ffaeb2994856062534d
34,1,35720194,1,8,107,BankScope 소상공인 대출,2f6c17aa1ef9034c8a36ddce
37,0,7331358,1,12,105,BankScope 주택담보대출,c8a779ced42d1d6f626e8f05
22,0,8864892,1,10,106,BankScope 전세자금대출,b4e7e4c61cffdedd4e6522e9
49,1,56363536,0,4,99,BankScope 기업 정기예금,fdf16b7669a4abe46fe385a9
28,0,2637803,0,21,101,BankScope 청년 희망적금,5bae32171631b61f35dce254
35,0,54578177,0,9,97,BankScope 정기예금,28385aaa03fdfd82f2b90a61
27,0,2569554,0,21,101,BankScope 청년 희망적금,2a7b57dd689a2eb28d36b4f8
30,0,2863124,0,32,100,BankScope 자유적금,9b62112a3bce43a66dafe556
42,0,5366731,0,43,100,BankScope 자유적금,95f79ff93b537fa5ed2a51fe
66,0,43837848,0,4,98,BankScope 시니어 우대예금,d85294ac8806d4def92530a1
38,0,18967486,0,18,102,BankScope 주택 마련 적금,f72905c84c3caef794fb267f
25,0,3331110,0,17,101,BankScope 청년 희망적금,96c38ecbab3ac3df13d92453
38,0,6258357,0,32,100,BankScope 자유적금,b46f2a5283adee84c5d83332
41,0,9579289,0,41,100,BankScope 자유적금,b33ff5c1f205425b111a382e
53,1,39253455,1,10,107,BankScope 소상공인 대출,12ecc8f7316c2e118f7118e4
28,0,3572612,1,27,104,BankScope 신용대출,dfc577e4c84c99c20418b716
44,1,21618297,1,9,103,BankScope 기업 정기적금,a4971be14bef142df9193edc
43,0,47297519,0,7,97,BankScope 정기예금,c5d80a24a8632f21240ed2aa
33,0,14171255,0,15,102,BankScope 주택 마련 적금,b4367a8c365dcf2b7828c349
25,0,18370808,1,4,105,BankScope 주택담보대출,856633fd32cd7e2989e686d8
40,0,64572289,0,5,97,BankScope 정기예금,319537f52648832a0d03f1a0
37,0,9082744,0,15,102,BankScope 주택 마련 적금,884b556c01db642b3c1998c8
37,0,9331258,1,33,100,BankScope 자유적금,01594b0a7f88ca5711669e1f
24,0,7484510,0,25,100,BankScope 자유적금,c44c49a6a9ee9a556763e1ae
30,0,9462352,0,17,102,BankScope 주택 마련 적금,827d7130dc943ec0bb877421
43,0,57972955,0,5,97,BankScope 정기예금,45ec7fd1908574549938623d
28,0,2388277,0,23,101,BankScope 청년 희망적금,252f9ac8c2aca54db424bc6b
35,0,9311036,0,44,100,BankScope 자유적금,02325b0abb31c3fc040f7eb5
33,0,5275458,1,7,105,BankScope 주택담보대출,25aecd69ee18d644309e9eec
22,0,8124184,0,35,100,BankScope 자유적금,d597c824eb2f2cbb821e67fd
43,0,49634482,0,4,97,BankScope 정기예금,c4b8f3fab34a573d63a4dd76
22,0,8178628,1,14,106,BankScope 전세자금대출,c9791566cc3fb4b1ccdf0149
34,0,8182210,0,29,100,BankScope 자유적금,de95ebba14c687dd0adb0d8f
22,0,3984982,0,15,101,BankScope 청년 희망적금,09246f936112e80bd33fee6c
64,0,76850114,0,3,98,BankScope 시니어 우대예금,1525ba487ce0c905794f92c6
40,0,16870530,0,16,102,BankScope 주택 마련 적금,40bfe7253d8c423b112590dd
39,0,15747803,1,4,105,BankScope 주택담보대출,3749e8a7e6418244f64b4aed
35,0,8894579,0,38,100,BankScope 자유적금,f68da2c54b316e7a9951a065
64,0,84074217,0,2,98,BankScope 시니어 우대예금,0b398477c8d0dd1b28fba6cb
43,0,13824961,0,40,100,BankScope 자유적금,605bb3e536b3e6894b6f592b
30,0,18483927,1,24,102,BankScope 주택 마련 적금,ea4876539180526052bcaa4c
69,0,68232524,0,5,98,BankScope 시니어 우대예금,43b2e9e0656c5e4eb7478eee
26,0,3153127,1,13,101,BankScope 청년 희망적금,4cda456c9b4569888f826cf0
59,0,54393215,0,4,98,BankScope 시니어 우대예금,d4431da620bf87cfcf2fbb11
35,0,15588519,1,12,102,BankScope 주택 마련 적금,843070292693d82d541fb297
27,0,21057582,1,15,105,BankScope 주택담보대출,5957802763971d503bdf2504
22,0,2749223,0,17,101,BankScope 청년 희망적금,b5ef0ffc9cf21ba8b6954f98
53,0,45528265,0,12,97,BankScope 정기예금,3cef57381518323646986be0
64,0,89331769,0,3,98,BankScope 시니어 우대예금,a7ec7860fdf435174c18201a
24,0,7715713,1,22,104,BankScope 신용대출,517c721189fa0e1139d756fb
36,0,8860182,1,8,105,BankScope 주택담보대출,1f7c954be4f35eab1ae2f163
28,0,7210550,1,22,106,BankScope 전세자금대출,919ae12a41623378e1e4e6e0
37,0,11946124,1,17,102,BankScope 주택 마련 적금,4913967dda1801b9659f88dc
65,0,73252994,0,3,98,BankScope 시니어 우대예금,cecd3aa78a5a58fdc800536c
32,0,6722732,0,20,106,BankScope 전세자금대출,5921928dcd6193a63bacf3aa
45,1,26990528,1,10,107,BankScope 소상공인 대출,4b13dec07b01129f16025a5a
29,0,3902312,0,17,106,BankScope 전세자금대출,610a841f3d1f9301dc1562af
38,0,46855099,0,9,97,BankScope 정기예금,c804203994cfacd279b7fd5f
34,0,9685073,0,41,100,BankScope 자유적금,40795ab98ea435f5e20f1e94
40,0,5608360,1,28,104,BankScope 신용대출,4fb28e982eb12f1ff4ebb556
67,0,94812406,0,4,98,BankScope 시니어 우대예금,1b64bcfd11b3ae104f7b78a1
66,0,74103596,0,6,98,BankScope 시니어 우대예금,89074c1f7c2b049f9ce7b11f
37,0,10139149,1,9,105,BankScope 주택담보대출,58cf66c044477f3f6141aa54
43,0,65098469,0,9,97,BankScope 정기예금,8fc6f9f5f3a63139cedb1599
30,0,8703140,1,25,106,BankScope 전세자금대출,20be3a5f7f793fa10e84b5d9
45,0,35066187,0,10,97,BankScope 정기예금,55529bff5823447e843fcb90
37,0,35025017,0,13,97,BankScope 정기예금,317dbcca143bd57d8d2c481e
67,0,59676347,0,6,98,BankScope 시니어 우대예금,d700bfb6730df6408d6ddc7c
30,0,4467335,1,24,104,BankScope 신용대출,2ba460aae6fb0aaf8445fb8f
33,0,7083646,0,26,100,BankScope 자유적금,aa729fccf255c2c53f7c712e
30,0,9069971,0,28,100,BankScope 자유적금,9606d717f0ade2492ac755ad
39,1,56105893,0,7,103,BankScope 기업 정기적금,a2343716d5546c2285b2325a
29,0,6333716,0,39,100,BankScope 자유적금,2fef3a6f838abdd90be5e308
65,0,69449142,0,3,98,BankScope 시니어 우대예금,4d067db6be6dd8651b62e1bb
36,0,4561826,0,35,100,BankScope 자유적금,dfe45b97a201ca35e83f32b7
40,0,32587123,0,4,97,BankScope 정기예금,86fd41f1eff592a3eca3384d
31,0,6918885,0,35,100,BankScope 자유적금,216fa3fed9af4a46d969d595
24,0,7860305,0,34,100,BankScope 자유적금,4237dc4faa7ed514d48b7efa
33,0,9705938,1,15,102,BankScope 주택 마련 적금,87a08892e1baf849a9664454
30,0,4156177,0,32,100,BankScope 자유적금,522535f0d34c751b78aae4a3
36,0,8856070,0,33,100,BankScope 자유적금,69a5db30ec0a7470560c468a
46,0,22088479,0,7,105,BankScope 주택담보대출,9bc1ab517082b9c64dedde4f
28,0,13622166,1,16,102,BankScope 주택 마련 적금,1e5cd14e7fe243c6a4eb8a83
44,1,99296357,0,4,99,BankScope 기업 정기예금,2a3addeedc618ec475e32213
41,1,97735677,0,4,103,BankScope 기업 정기적금,562b4e65600d12c703c485ca
34,0,10526005,0,32,100,BankScope 자유적금,c36fa98e70541b6274a2b030
43,0,57305396,0,6,97,BankScope 정기예금,4db52309e53970db4e85dd45
41,0,21862495,1,7,105,BankScope 주택담보대출,57fcc0d741f6eb78c0341246
51,0,30616718,0,4,97,BankScope 정기예금,bb229b3e32fba88b653988d9
31,0,1964794,1,16,101,BankScope 청년 희망적금,68775757b072710848651fac
27,0,6510047,0,29,106,BankScope 전세자금대출,6bba1f25f7655876ad1bd438
41,0,11678207,0,13,105,BankScope 주택담보대출,316139ea0387bb48fcee019d
26,0,8178350,0,35,100,BankScope 자유적금,7807417de1e7c1c35ad7e4e8
37,0,9044395,0,36,100,BankScope 자유적금,deba0593d6fe90e4ca7faf44
33,0,3980316,0,34,100,BankScope 자유적금,a9aca7a735c78f2aaf924adb
24,0,8819156,1,18,106,BankScope 전세자금대출,94736a4cd58b66ebdfd3537e
33,0,15187960,1,18,102,BankScope 주택 마련 적금,984dd75754534ee4a513b867
39,0,11129637,0,15,102,BankScope 주택 마련 적금,33228f5be5283e2bcbe2946b
19,0,1444361,0,20,101,BankScope 청년 희망적금,4cfacba1fa4f74facb7db483
27,0,4323427,1,15,106,BankScope 전세자금대출,ad1fc810fe8de9da357df3c5
39,0,18519852,1,9,105,BankScope 주택담보대출,edc802083df6a21021f5df8f
33,0,4234549,1,32,104,BankScope 신용대출,73999a3a51647cdae5ba6ece
28,0,5866091,0,40,100,BankScope 자유적금,d366d9b06fe7d304caea99e8
63,0,62921801,0,5,98,BankScope 시니어 우대예금,ae335fdb1450ba1b8799e2c4
48,0,44922639,0,6,97,BankScope 정기예금,88c9dc7a0041307799ea043f
22,0,3001486,0,16,101,BankScope 청년 희망적금,e7e66e0aebec41ef42c80dab
64,0,31712000,0,5,98,BankScope 시니어 우대예금,672cabec8a11e4f680cbe6b5
46,1,128480179,1,2,99,BankScope 기업 정기예금,82c14733e31f62f2b6178173
23,0,4210762,0,14,101,BankScope 청년 희망적금,c37ff3f426f3d1af46f8dd9f
27,0,13695385,0,18,102,BankScope 주택 마련 적금,551c862e75160cc17b8b869d
29,0,9391782,0,38,100,BankScope 자유적금,f0f369ab41e0b3ef09868b18
31,0,6946884,0,30,100,BankScope 자유적금,efb62d8042ae9d437aa039a7
44,1,147123207,0,5,99,BankScope 기업 정기예금,0ce09ccfe23311b1c3f65436
70,0,80382767,0,4,98,BankScope 시니어 우대예금,aaa27c2a36f4cd9205677833
63,0,75901609,0,5,98,BankScope 시니어 우대예금,4ab3bc7a92569d8af8663e7a
28,0,6223883,1,23,104,BankScope 신용대출,dd3eb5cdb8dbcc69af79a29c
28,0,9742904,1,27,100,BankScope 자유적금,6f9cf147d26088870effe1a8
68,0,71357412,0,3,98,BankScope 시니어 우대예금,f73da9da132c6c488cfa80b4
34,0,31950968,0,5,97,BankScope 정기예금,009bb4d179085755f1ba41da
48,1,199175956,0,5,108,BankScope 기업대출,78d3c530480ca19cb49161ab
28,0,3369907,1,24,104,BankScope 신용대출,2eeac511866846ed32ed0172
46,0,42323387,0,10,97,BankScope 정기예금,40fc3171c3543b5e2cc54f7a
35,0,11358295,0,11,105,BankScope 주택담보대출,9865d6700f75c7b3f3c587ba
36,0,5866177,0,24,100,BankScope 자유적금,ab32606df6a8a53e8530f645
29,0,4092186,0,21,101,BankScope 청년 희망적금,208932c9a7396742fcdf4b61
35,0,8650439,1,29,100,BankScope 자유적금,c39884d6eef05872fa61f8bc
35,0,52899899,1,10,97,BankScope 정기예금,f599d0267e24b1488f9df6f3
60,0,77195119,0,3,98,BankScope 시니어 우대예금,f50d3cc348da31cdc687b978
37,1,199817450,1,0,99,BankScope 기업 정기예금,7f483ed1fe1eef8c4fa2d7f5
63,0,43674047,0,6,98,BankScope 시니어 우대예금,527d1f164712ee1090a75c48
60,0,83407092,0,6,98,BankScope 시니어 우대예금,31d713bd88b8a237dff0a58c
19,0,3780014,0,22,101,BankScope 청년 희망적금,09cc580406c39a9c876c109e
25,0,3590361,0,17,101,BankScope 청년 희망적금,5b9ad7ab352e33d24ad06a9c
47,0,73710403,1,8,97,BankScope 정기예금,de660144a20432bf226da021
28,0,26742563,1,5,105,BankScope 주택담보대출,bc60a5eb19e0137e3ff14f0d
32,0,7393445,0,36,100,BankScope 자유적금,5607eb8759747a6d254b5e76
20,0,3240918,0,22,101,BankScope 청년 희망적금,f6cd0f30ee5655d6ec36569f
69,0,59986431,0,7,98,BankScope 시니어 우대예금,2242c8e2b96d51c6f8fa2e2e
35,0,7302888,0,36,100,BankScope 자유적금,c7bdfeed2f2d9eec27216af3
28,0,2864225,1,12,101,BankScope 청년 희망적금,9d5385a7a419847621ddfe36
23,0,5159628,1,21,104,BankScope 신용대출,2f24f2709a78676f6f0d36f4
20,0,3950070,0,17,101,BankScope 청년 희망적금,218c6a3cc75d59c4fbfe34b0
42,0,18060453,0,17,102,BankScope 주택 마련 적금,79f08536c0727ede39fd3c8b
21,0,8824291,0,30,100,BankScope 자유적금,dfd5d642b34b89d57a83c582
37,0,45459876,0,9,97,BankScope 정기예금,3676f8a9cc3fd41131f8ae44
37,0,12335567,1,11,105,BankScope 주택담보대출,8f288092f75acfc705421b66
46,0,53799961,0,4,97,BankScope 정기예금,2fd8689342ac3555b16d9332
33,0,5245768,1,26,104,BankScope 신용대출,201b2e2658386a5905c1e0c1
34,0,7995021,1,37,100,BankScope 자유적금,fffad6612725970cf0399621
41,0,22984773,1,7,105,BankScope 주택담보대출,bd2cea3816267296a06d3fe5
31,0,6521892,0,40,100,BankScope 자유적금,7e25691b34cab9bad99bd942
38,1,247934460,1,1,99,BankScope 기업 정기예금,87a863fe528592e8d47e4777
42,0,63722158,0,7,97,BankScope 정기예금,bb6fabccc3f7fa56ceb65c2a
23,0,2408380,0,26,101,BankScope 청년 희망적금,a39d284830c60b1ca5419589
19,0,1894387,0,17,101,BankScope 청년 희망적금,5cbd89c4d7e541685a01a187
32,0,22499551,1,10,105,BankScope 주택담보대출,45ee1b80a9293c4731006f07
72,0,88153410,0,8,98,BankScope 시니어 우대예금,cc3cc745e3392097529915b0
44,0,16444540,1,11,105,BankScope 주택담보대출,5a33451ebe877e1fd1b7e570
32,0,7327867,1,32,100,BankScope 자유적금,5cf593056f201e6f342c51d3
45,0,49920875,1,10,97,BankScope 정기예금,dea6e3527df78f9e439899be
25,0,2449757,0,16,101,BankScope 청년 희망적금,a62499737a23bb39dc30bd54
36,1,66735599,0,5,103,BankScope 기업 정기적금,bfd132bc203e79b8f6c92044
49,1,179857162,0,6,99,BankScope 기업 정기예금,588be3833ce86e65293cb7a7
30,0,17253652,0,15,102,BankScope 주택 마련 적금,3a453e5f27bfc410e25ebd0a
28,0,10351117,0,15,102,BankScope 주택 마련 적금,bddcd1c34ffdaa887d1e8c52
34,0,7612406,1,10,106,BankScope 전세자금대출,755d4bb85ada21f97fd66e87
35,1,2613679,1,6,103,BankScope 기업 정기적금,bcb0456b0eaa52b96777e99f
26,0,7077165,1,23,106,BankScope 전세자금대출,bbb01d1b10d7b7826ae75046
34,0,4723481,1,26,104,BankScope 신용대출,234707a253b9e3cf59f3c62a
34,0,16973538,0,8,102,BankScope 주택 마련 적금,7f8c9997c54676de06af0471
39,0,16308532,0,9,102,BankScope 주택 마련 적금,3712d6ba6e32b4cd293e9c83
50,1,40710606,0,11,103,BankScope 기업 정기적금,86647b9d336674d86ac98cfc
28,0,2315972,0,24,101,BankScope 청년 희망적금,b4a60b0b49ceb165fe34af8b
34,0,6004087,1,26,104,BankScope 신용대출,373f0554c05b9c4b7179cb24
37,0,6673581,1,26,104,BankScope 신용대출,7f5e9e309409194112fdc9b2
50,1,319055214,1,11,108,BankScope 기업대출,3992651a07369de708295e03
31,0,19175766,1,14,102,BankScope 주택 마련 적금,9501791cb4f4d08acb606207
48,0,54601738,0,7,97,BankScope 정기예금,906a2a2b57854f12e6e67d33
22,0,1358252,0,21,101,BankScope 청년 희망적금,ea58011e30aff76fd4e384e5
64,0,93427131,0,1,98,BankScope 시니어 우대예금,af9a8a4fb92fc1c245a4d9ed
39,0,12516124,0,22,102,BankScope 주택 마련 적금,d11093b1ebee61f879c09533
37,0,67171595,0,7,97,BankScope 정기예금,a1eac6060fdfb5db07c5adad
39,0,19516940,1,13,105,BankScope 주택담보대출,48894c11e085626632b7501c
40,1,75151161,0,4,99,BankScope 기업 정기예금,61187fb2048503b8f4601447
36,0,4821468,0,35,100,BankScope 자유적금,6ef94850b4e3632f45b1d38f
35,0,17707236,0,7,97,BankScope 정기예금,aa335aed20d4a8d2b44bb9ca
41,1,207306747,0,11,99,BankScope 기업 정기예금,c656a1dda0b0134820f509be
27,0,2097815,0,24,101,BankScope 청년 희망적금,03694ef70a21791f6d42ee0f
39,0,9847236,0,38,100,BankScope 자유적금,c6f44dada5b65585feadb468
33,0,8943527,0,31,100,BankScope 자유적금,faa2c9115d165306a9605e5a
47,1,46648741,0,6,103,BankScope 기업 정기적금,b378932bc8283a7674c83870
71,0,46443883,1,3,98,BankScope 시니어 우대예금,5474280a7bcf388603f384cd
65,0,135852123,0,3,98,BankScope 시니어 우대예금,6286f203e55e7fd868c84eed
32,0,15598117,0,11,102,BankScope 주택 마련 적금,61fc58d2bfd93f59795352a6
58,0,49451863,0,3,98,BankScope 시니어 우대예금,a6aa8138a4620a1d969446dc
34,0,7382622,1,29,104,BankScope 신용대출,7d6ccadc08db8d1b06b0899d
23,0,3943531,1,27,104,BankScope 신용대출,cc0228d38dd20aa3894bdcdb
45,1,208263865,0,6,99,BankScope 기업 정기예금,0b6ab300af83a7b624c97998
42,0,13193770,1,10,105,BankScope 주택담보대출,a2a90e318a5478cbc8aeca54
30,0,6121798,1,32,104,BankScope 신용대출,d97d303823010a8c3bcea55f
19,0,3041786,0,24,101,BankScope 청년 희망적금,ecb97da93269c60968f4e219
28,0,2701361,0,27,101,BankScope 청년 희망적금,393c60d64d028743e42e72a4
43,0,7096972,0,36,100,BankScope 자유적금,6c3c1ef5ab5975f6a42afa3a
46,0,30554825,0,8,97,BankScope 정기예금,48d46bb87df9980b6928de7c
44,0,81506913,0,6,97,BankScope 정기예금,18df0287e7e5197f642f0bab
29,0,6009946,1,16,106,BankScope 전세자금대출,5b3efca38d6445f7274c5e79
36,0,9007529,1,11,106,BankScope 전세자금대출,2e6a0ea5ea35385e7213f0e0
51,1,276962837,0,5,99,BankScope 기업 정기예금,791c6fc4c9de8289cf315c74
38,0,15421519,0,22,102,BankScope 주택 마련 적금,163964f70e6894dd08880eea
40,0,2405003,1,30,104,BankScope 신용대출,aee34f7b0fb9b3c965cdfbf6
35,0,12985902,1,18,102,BankScope 주택 마련 적금,dacd8c43ad264b78ea3f36df
39,0,10404457,0,42,100,BankScope 자유적금,23642cb7c9229b9dfa882f24
31,0,8028626,0,35,100,BankScope 자유적금,ac99228e65f8b071acd2a7b5
44,0,43459417,0,5,97,BankScope 정기예금,9b0cf39e7adc596c34ae2142
46,0,49753469,0,10,97,BankScope 정기예금,6dbaa15a1a48e36b831b64fb
33,0,26021590,1,13,105,BankScope 주택담보대출,552fd36471bc3af579ef10cf
20,0,4482611,0,21,101,BankScope 청년 희망적금,5f5da0281b707e629b83e424
31,0,2994421,1,24,104,BankScope 신용대출,43007e0efea58397b27f3664
66,0,72229200,0,4,98,BankScope 시니어 우대예금,d5b86f49d3cf97ef2ecb3d5c
26,0,11244616,1,13,102,BankScope 주택 마련 적금,ae343737f0e1fbcbebcbd5cc
68,0,95638454,0,2,98,BankScope 시니어 우대예금,41bb84d41aac65d2be7c3fe9
34,0,13089779,0,16,102,BankScope 주택 마련 적금,c1eead9b3acfd2fccf27d2df
45,0,24948142,0,4,97,BankScope 정기예금,f0e5e834d57bbb6666330b53
29,0,11871393,1,40,100,BankScope 자유적금,e20e41b705179435f82b841f
24,0,3460112,0,23,101,BankScope 청년 희망적금,2078d678a0eb334007ea4d02
52,1,267877226,0,4,99,BankScope 기업 정기예금,f394993c1fa25df716feb8d6
42,0,35298291,0,6,97,BankScope 정기예금,976312b111fbdddb59452d1b
23,0,5557345,1,31,104,BankScope 신용대출,f779791451b068c97433ba7e
48,1,323153451,0,9,99,BankScope 기업 정기예금,a6984fc98001558f143a8fe7
37,0,17855396,1,9,105,BankScope 주택담보대출,91c372500ee2a815b13125fe
33,0,11736585,0,26,106,BankScope 전세자금대출,22db9e5d45e4c1eeac097542
37,0,44312255,0,5,97,BankScope 정기예금,71738e33dd1e1ea9e9237a3f
42,0,89027512,0,5,97,BankScope 정기예금,1c787640af4b4f537e03ced4
22,0,3323566,0,19,101,BankScope 청년 희망적금,efa12172e548ada22c682065
39,0,21520421,1,15,105,BankScope 주택담보대출,08270b93337be34fef61cc4d
36,0,28349314,1,14,105,BankScope 주택담보대출,183491200b62834cee951027
29,0,1425483,0,18,101,BankScope 청년 희망적금,b120cdccb46b1c20affc1fbd
60,0,86362736,0,6,98,BankScope 시니어 우대예금,b541997359cea7cae2cd4de9
30,0,2423237,0,22,101,BankScope 청년 희망적금,ca92ffde0a4b4a119838c2d3
30,1,22429123,1,8,107,BankScope 소상공인 대출,be7a0182a07a07fd1b58306c
32,0,5732794,0,27,100,BankScope 자유적금,fef208f5aa08a8300a447b1a
28,0,3655217,0,21,101,BankScope 청년 희망적금,4c8a1569453a9bbbba37ff79
31,0,7384721,1,32,104,BankScope 신용대출,7ff49ff8e20eb45e25db79d3
31,0,1604334,0,24,101,BankScope 청년 희망적금,a4c8bf2ea3c6a3c6fdc51bae
67,0,66951366,0,2,98,BankScope 시니어 우대예금,8c6e02394649429ba93ae9a5
24,0,2432500,0,20,101,BankScope 청년 희망적금,75559a7421ab4ee8521002aa
20,0,6903372,0,31,100,BankScope 자유적금,0aa555fc511ad949245f6ab0
32,0,18444962,0,11,102,BankScope 주택 마련 적금,3f996a271b031ce83a81f431
44,1,166201332,0,4,99,BankScope 기업 정기예금,bfe9ee7ae99189c23ac7bde1
39,0,25428130,1,16,105,BankScope 주택담보대출,1d5849186354578f1b50634a
44,1,32290105,1,12,107,BankScope 소상공인 대출,132f2d4a9051d863e0593205
29,0,14205526,1,17,102,BankScope 주택 마련 적금,8db3713f6df5ed002e88c171
37,1,41061432,0,6,103,BankScope 기업 정기적금,a62c0fef8b313be09e96c802
48,0,46003046,0,5,97,BankScope 정기예금,54350719705161688c5d72a3
43,0,73857125,0,8,97,BankScope 정기예금,7bd2b9fb7243baffac6a31e1
30,0,2871405,0,22,101,BankScope 청년 희망적금,01fbd68b4b52175184faeea3
23,0,3235469,1,20,101,BankScope 청년 희망적금,e43bba1cb9773b588355d6de
33,0,3696169,1,25,104,BankScope 신용대출,e16c2d9011a8f0331e0edcdf
70,0,72249487,0,6,98,BankScope 시니어 우대예금,7ad984d3249c2d6b55a16366
34,0,5616789,0,36,100,BankScope 자유적금,4ae2fee54e93536b56b27fdb
37,0,12078836,0,14,102,BankScope 주택 마련 적금,861c309e4ef25b26e1ba2491
49,0,48509655,1,10,97,BankScope 정기예금,209a58ce263c4617fbe3e8f3
39,0,26414869,1,11,105,BankScope 주택담보대출,e8cf53c9568036f804c14443
36,0,22098756,1,14,105,BankScope 주택담보대출,dd0c7e0238d210902caedd82
65,0,69627346,1,1,98,BankScope 시니어 우대예금,f7fdbf812ffc393d25e47674
45,0,90597043,0,12,97,BankScope 정기예금,18d9529f1abbb3b1e3e5eb83
45,0,46108009,0,8,97,BankScope 정기예금,d2dc0dca6db6a8d4d6fdd28d
41,0,24289160,0,5,105,BankScope 주택담보대출,ea81c30952f8ca0238550596
47,0,65568363,0,10,97,BankScope 정기예금,bbde249becc756675a90313a
39,0,7752340,0,34,100,BankScope 자유적금,7d7926c3fd44ef0c181cb6b7
31,0,2912693,0,20,101,BankScope 청년 희망적금,d93c00173b24a383bd724c5c
64,0,63543222,0,6,98,BankScope 시니어 우대예금,a60cdf970bb12fed94420859
62,0,102711037,0,9,98,BankScope 시니어 우대예금,8059c4744e0671fadc2affce
21,0,7919030,1,19,106,BankScope 전세자금대출,b024e1a243cc91b748aa4451
28,0,7999134,0,35,100,BankScope 자유적금,b63891095f1245e2a2428669
41,0,51748076,0,3,97,BankScope 정기예금,4cc4383821e81cd8ca9dd4bf
45,0,16722901,1,16,105,BankScope 주택담보대출,c6a312fc55266235709ecccd
35,0,22498583,1,11,105,BankScope 주택담보대출,34cfcf84bd634b45463918ac
43,0,75864173,0,4,97,BankScope 정기예금,63dde8e2808dd5dee5e40fa7
64,0,92367687,0,1,98,BankScope 시니어 우대예금,06711afb60605c6d69de4ea5
32,0,14234771,0,21,102,BankScope 주택 마련 적금,c99a95ff2fd3e7a2c0d3b769
47,1,231080130,0,2,99,BankScope 기업 정기예금,cac679f05141820f60a35aa2
47,1,195573628,0,2,99,BankScope 기업 정기예금,29db3a3277789c497a735bfc
69,0,96877962,0,1,98,BankScope 시니어 우대예금,b1048bbe815c5132a8e7653f
21,0,2188418,0,28,101,BankScope 청년 희망적금,c91d9b5a083185471062efed
66,0,46498529,0,6,98,BankScope 시니어 우대예금,2e9dfad2dc5efcbadc1a388a
37,0,39459220,1,12,97,BankScope 정기예금,23d8ddd2a823bf1e377b772e
33,0,3219587,0,30,100,BankScope 자유적금,98b0a0cf8c21b3a8338e2fc8
46,1,35746944,1,13,107,BankScope 소상공인 대출,dab18a3a4dd844a7b096dbe9
30,0,4030515,1,26,104,BankScope 신용대출,b9b65f1fc0715b8c3f6c0f14
29,0,1632810,0,27,101,BankScope 청년 희망적금,2fd0d36f817a0898a0f2622e
50,0,42128899,0,8,97,BankScope 정기예금,af0d1eb68f38a8b696f53534
22,0,3874564,0,24,101,BankScope 청년 희망적금,2778c1d73b37a2601ff7411f
43,1,201431901,0,7,99,BankScope 기업 정기예금,8cc701194259e60973847e4f
22,0,2684484,0,21,101,BankScope 청년 희망적금,7ffc2bac8c8d9d45c56ebe1d
52,0,47334377,0,4,97,BankScope 정기예금,922095b55718123e83ccfc7e
41,0,59163219,1,6,97,BankScope 정기예금,5e3a20420188fef0e9d7349b
38,0,15846124,1,10,105,BankScope 주택담보대출,a114fc444b06c32eb69b9a36
46,0,19083251,1,8,105,BankScope 주택담보대출,ea415b16b92aa0117593e7a1
47,0,56451283,0,4,97,BankScope 정기예금,52befc21807f10d7fd13a550
50,0,17737091,1,17,102,BankScope 주택 마련 적금,32918bef65760c4df4aa9f5a
26,0,1694329,1,24,101,BankScope 청년 희망적금,21b2f4136065aabeb38c0940
30,0,43491607,0,10,97,BankScope 정기예금,4941554507157de0480b4c12
48,0,76777396,0,9,97,BankScope 정기예금,57d6b219ed69654792beda20
21,0,2080249,1,19,101,BankScope 청년 희망적금,8b0c9d342dbbb14e413ec656
45,0,71217961,0,7,97,BankScope 정기예금,7e9ebdbd9142267a65ec607a
33,0,7067644,0,37,100,BankScope 자유적금,b72c6e926391b62e280c0269
30,0,9340165,0,35,100,BankScope 자유적금,f94a85b3b531e7dadc139c99
36,0,19262012,1,9,105,BankScope 주택담보대출,706d9ebb3dc7be69adb9b94a
25,0,3387930,0,15,101,BankScope 청년 희망적금,45e834f08d252978530f6061
47,0,62999578,0,11,97,BankScope 정기예금,74ddf84d64f9367728da5943
42,0,8199485,0,34,100,BankScope 자유적금,aa0d808de618b4405c14c92f
19,0,1410410,0,25,106,BankScope 전세자금대출,c47a0f4fe69323099e7fa8b8
38,0,4712106,0,39,100,BankScope 자유적금,78ee9ed8566dda83e73f6f0d
67,0,89977130,0,7,98,BankScope 시니어 우대예금,374d686659393e9faf9abc6c
44,0,2319860,1,25,104,BankScope 신용대출,67a8aa18c736830917fde79c
42,1,63669584,0,5,103,BankScope 기업 정기적금,f7dfd4711c6b5054b6ed7e13
36,0,13519466,0,38,100,BankScope 자유적금,383ff2c744ef6c6706dd1257
19,0,5807345,1,23,106,BankScope 전세자금대출,ba3dba306513ad7b5d2e3a4b
44,1,78059787,0,4,99,BankScope 기업 정기예금,c874e0e1a56aab9ca38b4464
42,1,191585603,0,7,99,BankScope 기업 정기예금,f3dce6009afd61cbb0a25c7d
43,0,74577686,0,12,97,BankScope 정기예금,a79b58a2d42d2d0c3de46a5d
22,0,2770707,0,28,104,BankScope 신용대출,bb1c1e45d5031570e007f980
57,0,52020937,0,6,98,BankScope 시니어 우대예금,39a11b5995902408c2b766be
49,0,36476131,0,6,97,BankScope 정기예금,e8d66e935a72a2b7a1faaba3
29,0,4631158,1,18,104,BankScope 신용대출,fecbfd4d4fd8c1869d7f3a7c
32,0,27168609,1,14,105,BankScope 주택담보대출,aea6c722d56be2f566f7473a
23,0,8013965,0,48,100,BankScope 자유적금,581f1b64105d16fcb3f08856
36,0,25967252,1,6,105,BankScope 주택담보대출,349527e7be3b7fedb74c121b
24,0,3999384,0,15,106,BankScope 전세자금대출,c7e27f1e76fdc63304ca021d
49,0,62921700,1,8,97,BankScope 정기예금,f3cf482e5a593e911e8b0f89
44,0,62252673,0,8,97,BankScope 정기예금,fb0a279443487e3672c7a432
53,1,271968720,1,5,99,BankScope 기업 정기예금,5bc35e0ca39b8074691f88d8
43,0,9335351,1,18,102,BankScope 주택 마련 적금,9ccd2cf6caa364a67692755d
29,0,8154477,1,20,106,BankScope 전세자금대출,55cec0ef2f392386573f33d5
64,0,92747058,0,1,98,BankScope 시니어 우대예금,958301e3acb5d68dade7377b
59,0,82735378,0,3,98,BankScope 시니어 우대예금,32328807dcf3f11b07e581d2
37,0,17239501,0,7,102,BankScope 주택 마련 적금,105f7161479a02c4ec4e9428
41,0,42805635,0,10,97,BankScope 정기예금,c8bfd60a27e56c041bb0bc39
21,0,3571167,0,21,101,BankScope 청년 희망적금,e59125f07f90c77468529262
42,0,15184654,0,14,102,BankScope 주택 마련 적금,76247884302f0236640f1abf
31,0,3779264,0,21,101,BankScope 청년 희망적금,02b53a99a1dc6aa322bc6ba2
40,1,26400389,0,10,107,BankScope 소상공인 대출,c2a828b8df0f4ca08b3f82fe
39,1,40602300,0,8,103,BankScope 기업 정기적금,a7b64e028734ab0abdb5a187
48,0,39731834,0,11,97,BankScope 정기예금,f53f4f7f557bf1a0d952db27
21,0,6541161,1,28,104,BankScope 신용대출,19d7a73aed3596f90d48960f
50,0,44993683,0,5,97,BankScope 정기예금,4c2bc2071c47817c97981155
39,0,26815245,0,16,105,BankScope 주택담보대출,4a7a173821ef4dc888f561a6
38,1,68292518,0,7,103,BankScope 기업 정기적금,406bef811c32b6e9c5fad085
43,0,27254664,0,6,97,BankScope 정기예금,497dccc704c011046730f424
34,0,14736951,1,7,105,BankScope 주택담보대출,b283b303cab600c909cd565d
31,0,10964083,0,15,102,BankScope 주택 마련 적금,4e871a6aff79d89722aefdcb
44,1,330717274,1,7,108,BankScope 기업대출,c60b301314ce632b1f120ad5
21,0,3168685,0,24,101,BankScope 청년 희망적금,7ffcda840a796f9c4282d8b3
33,0,6171993,0,45,100,BankScope 자유적금,6dc2b9fc7b6c254107d64cef
53,1,187597935,1,2,99,BankScope 기업 정기예금,0a2fbce11eb4ce0576bb1e8b
30,0,7752090,0,38,100,BankScope 자유적금,2876192613c64b06506690bb
37,0,8110789,0,28,100,BankScope 자유적금,2f4e3bb49fdcf21d4b931d76
29,0,7202225,1,10,102,BankScope 주택 마련 적금,4540492e3a3d97f2efb99fc5
54,0,67474051,0,11,97,BankScope 정기예금,48deb4c0f42f4fabe13fac7d
39,0,5942065,0,40,100,BankScope 자유적금,f5cb8e3db4893667b0e3ae2c
31,0,5643179,1,42,100,BankScope 자유적금,556cbc084db0f8ee6e6d986e
50,0,48757656,0,8,97,BankScope 정기예금,a6056de3bd5f60a4028a06f3
36,0,5268523,1,21,104,BankScope 신용대출,9535e2aac071428c284c1e3f
21,0,3915488,1,19,106,BankScope 전세자금대출,051e0d193a05c5b5951a8083
19,0,1780353,0,20,101,BankScope 청년 희망적금,10d0d1bc3dc7c5b9e4090874
50,0,63663331,0,11,97,BankScope 정기예금,bfa005e3dc39d4e34a6a2237
24,0,3654738,0,14,101,BankScope 청년 희망적금,03982c556d35bc07a587fa98
23,0,3058116,0,17,101,BankScope 청년 희망적금,2e81e2497a651f4fd4cf1199
31,0,8090780,0,32,100,BankScope 자유적금,27b7f6d7c59cd5ec072f6074
33,0,9298783,0,41,100,BankScope 자유적금,592b241916fde797b61a7ca8
23,0,4398535,0,26,101,BankScope 청년 희망적금,f81c8db83fb4580942d5932e
47,0,22681611,1,10,105,BankScope 주택담보대출,69d3e9b1875f76267cc294da
39,1,23092170,1,12,107,BankScope 소상공인 대출,81f403204d6aebba2ce4ee14
24,0,8511210,0,34,100,BankScope 자유적금,962a22caa70abd5c64b73f4b
36,0,9379949,0,29,100,BankScope 자유적금,1cb82b91517aeeae83bdbcb8
39,0,3732430,1,7,106,BankScope 전세자금대출,03516badedeb74d77ac9bcb2
46,1,208304343,0,1,99,BankScope 기업 정기예금,1e12229c12c5f8f859654452
50,0,45093269,0,8,97,BankScope 정기예금,d233b25411fa7a0ca38ce467
31,0,4469240,0,25,101,BankScope 청년 희망적금,4ccf59c2e9e56f992d346f5f
23,0,3232339,0,14,101,BankScope 청년 희망적금,1e762dd9b18f670a7baaa2ab
47,0,53838312,1,4,97,BankScope 정기예금,37ae559fca3e879e145fea03
25,0,4065301,0,19,101,BankScope 청년 희망적금,b2e940028d5ba6b1a6747229
22,0,3715366,0,25,101,BankScope 청년 희망적금,b9ecf7b30bd65d912e981310
39,0,15615296,1,7,105,BankScope 주택담보대출,5f69d16895f03bea295743c2
35,0,17000708,0,17,102,BankScope 주택 마련 적금,e3ba3327038b209ef7b34dcd
19,0,3746796,0,18,101,BankScope 청년 희망적금,7f9d5de59193633d5b3df08d
48,0,49897442,0,6,97,BankScope 정기예금,a3835ca5cd908ba2724dd566
44,1,45667021,1,9,107,BankScope 소상공인 대출,1f5566c99361b36375eef6ea
33,0,18773713,1,10,102,BankScope 주택 마련 적금,bd783e9c6d2a6e8cfe3e5aca
25,0,7765766,1,25,104,BankScope 신용대출,15badf07b4e3e61cc4e8bf91
33,0,22820475,1,18,102,BankScope 주택 마련 적금,d1a4a39167c95b8fa3baf086
46,1,267339450,0,6,99,BankScope 기업 정기예금,f8a523c6588c5d499027bf65
41,0,29274799,0,7,97,BankScope 정기예금,c06b3e88a35aa7d1ba9c186e
19,0,4162160,1,21,101,BankScope 청년 희망적금,842622d479758b8899c69afa
38,0,49428302,0,11,97,BankScope 정기예금,5da43c9636712c9a4d173e4b
35,0,22820712,0,6,105,BankScope 주택담보대출,2baf4d797e6b5650a8b41f37
45,0,18503860,1,3,105,BankScope 주택담보대출,ded2fc0623a929d2ef1d7145
36,0,8814036,0,31,100,BankScope 자유적금,b30e1a6225ca3f28023c6a30
19,0,10982418,0,39,100,BankScope 자유적금,4013f22c17374bb83a1ddafd
40,0,10645475,1,13,105,BankScope 주택담보대출,1943bb6aa12907a14d6e6121
43,1,253122619,0,7,99,BankScope 기업 정기예금,e22ac160ac786e3e04c9fed4
32,0,3101310,0,17,101,BankScope 청년 희망적금,b3fb419f6d557a428b273065
63,0,86688042,0,6,98,BankScope 시니어 우대예금,879c469d2853c55c0d87f496
49,0,84856836,0,6,97,BankScope 정기예금,fe411ec3e9ded1f6b627029e
21,0,4371738,1,20,106,BankScope 전세자금대출,c9ad6faa089c9fe5538fdd64
22,0,2426626,0,19,101,BankScope 청년 희망적금,28df40faad4ff18fa195e957
32,0,6370711,0,42,100,BankScope 자유적금,8ddd05b03007ca18bf121866
33,0,3690114,1,19,104,BankScope 신용대출,cbf86fe3fada552a9b3555c7
21,0,3081430,0,19,101,BankScope 청년 희망적금,09eb703c2b3646e4000915f0
62,0,54022421,0,4,98,BankScope 시니어 우대예금,99d0f89297af8fcea34ea6ac
70,0,126934051,0,2,98,BankScope 시니어 우대예금,fcea7658403b25cd7b6ad30f
53,0,59164750,0,7,97,BankScope 정기예금,3d86b4fd5dfa7d96fafa4373
44,0,23675716,1,9,97,BankScope 정기예금,c9766432981ebdbd398f44bd
64,0,34709755,0,1,98,BankScope 시니어 우대예금,42a16dd05b20530abfc5ae47
32,0,10500071,0,35,100,BankScope 자유적금,58a423e034b67a2bb3d5b992
34,0,11351974,1,12,105,BankScope 주택담보대출,6a9baec8683bc1d256172846
29,0,6065765,1,22,104,BankScope 신용대출,bc294e3a0d6fd8cd8d3e6c87
35,0,10875823,0,40,100,BankScope 자유적금,66374c816182b2da2a377f85
31,0,11175153,0,30,100,BankScope 자유적금,fbc8f35e3d5e7c300e1a3e07
37,0,13319164,1,10,102,BankScope 주택 마련 적금,ba2ca7c247ce642d517e7b52
43,0,38224485,0,3,97,BankScope 정기예금,6cf24b5bfb58cde8b823f844
50,0,61250020,0,13,97,BankScope 정기예금,c593e4c7e5ac74f4ad7799f5
26,0,3711540,0,22,101,BankScope 청년 희망적금,dce931524aa555a734db209a
23,0,2994075,0,22,101,BankScope 청년 희망적금,cefb9a0ea387a8e07e195a2b
34,0,39543577,1,9,97,BankScope 정기예금,a43e334e07dd6c6f1a361735
33,0,6245314,1,27,104,BankScope 신용대출,00624dc0aa3538c8456ea2ff
29,0,5251946,0,42,100,BankScope 자유적금,970e17015c81741961d8e9ee
34,0,8840219,0,13,102,BankScope 주택 마련 적금,a0628411be459be10fcf5e59
25,0,6580631,1,30,106,BankScope 전세자금대출,0f53ac4b317983604c787c7c
24,0,7341613,0,10,106,BankScope 전세자금대출,625d8b13532cba7531ef43d9
36,0,9583817,0,18,102,BankScope 주택 마련 적금,57601235dcb397997eb043db
30,0,1313245,0,27,100,BankScope 자유적금,8d87887fbf0d9d676480e490
41,0,38877184,0,10,97,BankScope 정기예금,1eebae3f24dbb9764f9985cd
29,0,16190878,0,12,102,BankScope 주택 마련 적금,fe3f06a96deb73b65bd0321b
43,0,22713677,1,4,105,BankScope 주택담보대출,041576df88fed72421218f21
41,0,23587743,1,8,105,BankScope 주택담보대출,e725b97fea33f1fbb406dbad
48,0,49156222,1,12,97,BankScope 정기예금,3d5bbb48436a47de8d7aed7b
41,0,7300351,0,30,100,BankScope 자유적금,dd19ffb14c4b8dca1f720bcd
32,0,4527441,0,31,104,BankScope 신용대출,4b4197b7fce2e2b4ad12965f
52,0,59760726,0,8,97,BankScope 정기예금,be90790a9f044138702d0338
34,0,11431925,1,10,102,BankScope 주택 마련 적금,11005c1340d613371a6a19ad
27,0,2973106,0,27,101,BankScope 청년 희망적금,04fc06ad6de42221d8b55ef0
49,1,409045528,1,6,108,BankScope 기업대출,3a7fd3f298ff94e8690571fb
36,0,5364744,0,43,100,BankScope 자유적금,94392c4d40082ef66e975da4
42,1,12405696,1,12,107,BankScope 소상공인 대출,084928d595be0932633d7b65
35,1,36778181,0,6,107,BankScope 소상공인 대출,fb4f704e60a2e84c3c7f0081
42,0,22751153,1,7,105,BankScope 주택담보대출,fa47c8328ef15ae3edb2cd1c
26,0,2946880,1,19,106,BankScope 전세자금대출,3e8e6cafaee81af49207dd25
41,0,13421851,1,12,102,BankScope 주택 마련 적금,acb0cf7fa90d1130a53147ea
70,0,24673301,0,5,98,BankScope 시니어 우대예금,ff4971768747780e8c4da292
37,0,54943525,1,8,97,BankScope 정기예금,1633a2e830d69274a375fa7f
48,0,62266162,0,8,97,BankScope 정기예금,92f6148bb0a1137b9d2a245f
48,0,58848215,0,5,97,BankScope 정기예금,10bc2bd0ee093b5739f3587f
37,0,3659380,1,18,106,BankScope 전세자금대출,175e8d37e7cf6c0ec868536e
28,0,1601491,0,25,100,BankScope 자유적금,3e52bc82831372f6d1737a5e
41,1,249789581,0,11,99,BankScope 기업 정기예금,10e2446885367d7329b1c9bb
43,0,22363620,1,9,105,BankScope 주택담보대출,cb5edaf6526b4d65415e344c
37,0,20802454,1,8,105,BankScope 주택담보대출,e4a76a2ca453fd5911df6fa7
24,0,2980791,0,16,101,BankScope 청년 희망적금,0db32b9600ca664a0b04edcf
36,0,32057237,1,15,105,BankScope 주택담보대출,3098002656d8758c1ac0ca5a
21,0,2718199,1,20,101,BankScope 청년 희망적금,2a8b69c75f6ccebbb6d9bd00
28,0,7016046,1,15,106,BankScope 전세자금대출,464402a8cd6f24c9c4fde667
51,1,171436698,1,9,108,BankScope 기업대출,f9f65b4e8220768c8491a712
27,0,18561337,0,12,102,BankScope 주택 마련 적금,fff42fa9457ff6a30a9373ff
33,0,8326518,0,30,100,BankScope 자유적금,eda9b36a34758fb1b410939b
35,0,6594046,1,29,104,BankScope 신용대출,c2c589990f1f05ada5bb3355
27,0,19948125,1,16,102,BankScope 주택 마련 적금,335e4fe64ffa165f5f3ee5ae
28,0,7656081,1,22,106,BankScope 전세자금대출,87e45bd3c92e3b46489da438
21,0,4437127,0,14,101,BankScope 청년 희망적금,924d3eb6bdca93cdc68be47b
43,0,8926377,0,37,100,BankScope 자유적금,1762c8d104538fab6f2b6b48
49,1,25066177,0,12,107,BankScope 소상공인 대출,b1bde200e80d0894a2656511
24,0,10251467,0,16,106,BankScope 전세자금대출,2ea77552018160aee541a90e
40,0,61196864,0,16,97,BankScope 정기예금,c6ee017382c6cb4634bb01bb
43,0,35938089,0,3,97,BankScope 정기예금,0557f84af533dc425a165430
24,0,23721901,1,15,102,BankScope 주택 마련 적금,7b58dc9a9a2f0d2efc828889
31,0,3086050,1,25,104,BankScope 신용대출,36acba7666f91f965649331b
33,0,5664289,0,39,100,BankScope 자유적금,df795333e6a0b2e74a35114e
35,0,4321620,1,24,104,BankScope 신용대출,6d71ffbbc0a9ffea226cf528
25,0,12296741,0,40,100,BankScope 자유적금,19f9e029fb86eb77b601a15a
27,0,6185048,1,14,104,BankScope 신용대출,f5a5cf7178e0d456773e8f93
36,0,4132242,0,30,100,BankScope 자유적금,2021801bc61bc9db7401eb17
25,0,1808990,0,20,101,BankScope 청년 희망적금,43e57ddaec492293922e55a0
26,0,5982608,0,29,100,BankScope 자유적금,33c1c2c2dbea652bb68cf3bd
25,0,6928235,0,17,106,BankScope 전세자금대출,4ac92200bee49e7a33b4af6b
28,0,2702011,1,26,101,BankScope 청년 희망적금,a2bafc321dde0fb5a7f7e248
30,0,3896111,1,21,104,BankScope 신용대출,e4636b28bf57307bbaf2b1b2
43,0,38706171,0,9,97,BankScope 정기예금,c2368a5d5ab63aebea8892b8
70,0,72141199,0,4,98,BankScope 시니어 우대예금,3fc97b3ecd346cdc9e9c4d72
40,1,110188192,0,9,99,BankScope 기업 정기예금,16985d8b71a74a16fff3525f
43,0,68006598,1,7,97,BankScope 정기예금,e9bf4a0dfee14e863e52f72c
62,0,87785903,0,3,98,BankScope 시니어 우대예금,4ef2cd1e8f630fb33cc062d5
23,0,3410248,0,28,101,BankScope 청년 희망적금,ef13bddb31778b40a409279a
19,0,3397976,0,24,101,BankScope 청년 희망적금,c1fa9172b6290d1dd5fe6477
31,0,13602810,0,10,102,BankScope 주택 마련 적금,7a806d2529951f85f9acc27a
25,0,1497019,0,20,101,BankScope 청년 희망적금,83beb90ba955b2f7875c38bc
52,0,59408618,0,3,97,BankScope 정기예금,1a291b148507d733accabe92
35,0,8969877,0,43,100,BankScope 자유적금,571031dad160a68c10645522
39,0,15919716,1,13,102,BankScope 주택 마련 적금,a88179a80bb3ecdebfb508ca
45,1,53302090,1,7,103,BankScope 기업 정기적금,57274b34db87b8c14697a646
22,0,2932726,0,21,101,BankScope 청년 희망적금,0dd35841775e52b854858fc9
25,0,9816171,1,13,106,BankScope 전세자금대출,32303aab8a5d8369afebfe3e
68,0,62346309,0,2,98,BankScope 시니어 우대예금,58ea33588d99805426727120
24,0,4333627,0,25,101,BankScope 청년 희망적금,86b7ff1a7a9c20ea7fd54223
32,0,2681646,0,21,101,BankScope 청년 희망적금,f80e1167aae2a8d4c32a19cc
43,0,68639732,0,6,97,BankScope 정기예금,6559864080f9f550a3498d5c
47,1,287231546,0,3,99,BankScope 기업 정기예금,b76bd3d64e5459b2c8b3dfb9
46,0,45499919,0,4,97,BankScope 정기예금,568106953abf96a1f7707e30
29,0,6075703,0,42,100,BankScope 자유적금,642db7413d33e0200ad9c5da
36,0,4984183,1,24,104,BankScope 신용대출,8e8c62464e1ed3ff49ee01cb
40,0,17836184,1,17,102,BankScope 주택 마련 적금,ec5e5aaa3c586066605c3a7b
63,0,54254624,0,5,98,BankScope 시니어 우대예금,e4995c6ccea425db9eb8aec8
36,0,3003714,1,24,104,BankScope 신용대출,82c0430bc15584c052cd695e
43,1,202928240,0,6,99,BankScope 기업 정기예금,259f305aab81ee0c9f928f06
29,0,17561625,1,14,105,BankScope 주택담보대출,50ce470b1998cbac531fb2ee
42,1,41687555,0,7,103,BankScope 기업 정기적금,7a730396dada7bd73f715e65
43,0,19399207,0,7,102,BankScope 주택 마련 적금,91074ef79694b17d2d53d4df
19,0,3771047,0,22,101,BankScope 청년 희망적금,166be034992b3a87f0fe44be
35,0,10952983,0,11,102,BankScope 주택 마련 적금,c3eed30d8fc5897392c587c1
39,0,7032800,0,42,100,BankScope 자유적금,960666555446dbcd3375cd9a
24,0,414559,0,23,101,BankScope 청년 희망적금,dc882e9e8bdd613121aecd75
39,0,5789166,1,30,104,BankScope 신용대출,67dad74675afdca6ef5f5d2a
47,0,50974225,0,10,97,BankScope 정기예금,57fd992ae2d389469fee1393
59,0,56628581,0,4,97,BankScope 정기예금,31ce317f519f29a20728044c
33,0,6364883,0,37,100,BankScope 자유적금,00ccd1976a91c7f57cd4a7e7
24,0,2483660,0,23,101,BankScope 청년 희망적금,fd5f551ace71ff157b59aae0
44,0,18082838,1,10,105,BankScope 주택담보대출,4aa25dfa79cc824cf966f997
50,1,205184918,0,4,99,BankScope 기업 정기예금,4fbcb8b834218325f901dd71
19,0,1107568,0,15,101,BankScope 청년 희망적금,0ce078e6660c3aae381f180a
49,0,32963856,0,7,97,BankScope 정기예금,6be06eb0a031d86c12ea3cac
25,0,4182960,1,15,104,BankScope 신용대출,e425cc20c2bdb5d345e35251
32,0,14621758,1,11,105,BankScope 주택담보대출,d6141ae4eabd931fb60053e6
33,0,3736261,1,20,101,BankScope 청년 희망적금,2f49d123573d3213d52ee183
19,0,3241230,0,23,101,BankScope 청년 희망적금,bb8b8718a516328b54804ac8
35,0,4712729,0,30,104,BankScope 신용대출,bb3b0e96da718dd59f91a588
47,0,94039498,0,8,97,BankScope 정기예금,e0c926666f7b8196f000e534
35,0,6976048,0,15,102,BankScope 주택 마련 적금,ee866221224d53b486dbdd30
40,0,5890919,1,14,106,BankScope 전세자금대출,46bc52e94032a6ce090ca10a
40,1,71202389,1,5,103,BankScope 기업 정기적금,91a7a704254656f6f57ff408
65,0,110725709,0,3,98,BankScope 시니어 우대예금,6100e3ebd3405f345831bc24
19,0,5092561,0,19,101,BankScope 청년 희망적금,f1b6d0ca569cfe1071421b16
45,0,49740665,0,15,97,BankScope 정기예금,b7c5dd233091d3155ad96b4d
48,0,47194997,0,6,97,BankScope 정기예금,a96717679e6319fecb3959ea
35,0,18072120,0,13,102,BankScope 주택 마련 적금,435b420674b7ca601e86cbff
26,0,3293994,0,9,101,BankScope 청년 희망적금,c137c5c7de9df20ee8428880
40,0,25788847,0,12,102,BankScope 주택 마련 적금,8c4e52e7163f1a2196f9f173
24,0,4059946,0,13,101,BankScope 청년 희망적금,8aa77a519bdca16ffc5430a5
25,0,4823036,0,35,100,BankScope 자유적금,0bd372d23fc59465a705d087
38,1,33019442,1,13,107,BankScope 소상공인 대출,abdcbd22cff24649bf3627b3
74,0,114227187,0,5,98,BankScope 시니어 우대예금,37b5b982eab424bf14dbaa2c
62,0,98186031,0,3,98,BankScope 시니어 우대예금,ecaeae19572f16d2cf571eee
30,0,7866257,1,14,106,BankScope 전세자금대출,71f00f1c67683d9ff14affb4
40,1,221381812,1,4,108,BankScope 기업대출,41194baad3e31bcb71c582dc
32,0,13445236,1,2,105,BankScope 주택담보대출,4870e079f315d1c9823c103a
43,0,30588142,0,5,97,BankScope 정기예금,f0995400d3357be6bcf56485
43,0,15775022,0,11,102,BankScope 주택 마련 적금,1e110e0eab029a016831f9d8
40,0,59463863,0,10,97,BankScope 정기예금,a2cfe035d871bcce9770bd67
34,0,11131077,0,12,102,BankScope 주택 마련 적금,b50dafe02184214943c163dc
34,0,7095215,1,36,100,BankScope 자유적금,568f6990f1291e16d95d5c57
31,0,10410430,0,37,100,BankScope 자유적금,145388b7321b584a7b3458a3
40,0,3782124,1,29,104,BankScope 신용대출,e8e928a024a776177c46247b
32,0,6403136,0,23,104,BankScope 신용대출,7e1e1a0d859ed338c88dc2da
45,0,7012289,1,24,104,BankScope 신용대출,4c628069216b5895d6df6752
33,0,6071300,1,19,106,BankScope 전세자금대출,e7cce0506e394bddef1f3adb
75,0,77947121,0,2,98,BankScope 시니어 우대예금,ec19248c93f042a761968072
37,0,7293642,1,25,104,BankScope 신용대출,7723dba843e37884e9a03ad2
33,0,8361522,0,39,100,BankScope 자유적금,4c115d2c82a2d91984b85c58
27,0,2100768,0,18,101,BankScope 청년 희망적금,c2554ed42e82a214ed6b66d4
34,0,21338892,1,19,102,BankScope 주택 마련 적금,dfd160078bd3259bc5604571
66,0,74085621,0,5,98,BankScope 시니어 우대예금,93ff8891513846a8ca157fb7
34,0,3957447,1,20,106,BankScope 전세자금대출,8a9673001445b878d123ed38
41,0,10665392,0,31,100,BankScope 자유적금,22c934d3a7efa004c6c39573
28,0,9022067,0,32,100,BankScope 자유적금,9d431e547407afcd25e8cf26
40,1,55687402,0,5,103,BankScope 기업 정기적금,fe4a03baed5f8697318fa12e
32,0,2805221,0,23,101,BankScope 청년 희망적금,1e2cf1bcabbd36398236d602
63,0,95909312,1,6,98,BankScope 시니어 우대예금,27250dd72eaf99720e4a9723
21,0,2216980,0,18,101,BankScope 청년 희망적금,27b02f1cd6d01d338dca16b6
19,0,3055236,0,15,101,BankScope 청년 희망적금,b6fd4d67ad5f9e34aba8f276
28,0,3852728,0,19,101,BankScope 청년 희망적금,6c7996a2a7a46f4ac81ac079
37,0,7659216,0,41,100,BankScope 자유적금,bb78a5f7f890db5d1541c11c
41,0,28324989,0,6,105,BankScope 주택담보대출,f904db27c771bce997842e1b
26,0,2878259,0,15,101,BankScope 청년 희망적금,cede4301e1384156a6dd2e27
63,0,101568017,0,1,98,BankScope 시니어 우대예금,9b9be63f9c3ce3453fc26bff
37,0,19729065,0,11,102,BankScope 주택 마련 적금,70e41d221d980770524d691a
34,0,9628553,1,12,102,BankScope 주택 마련 적금,063177cba5aa6ca93d8faaf4
20,0,5883586,0,32,106,BankScope 전세자금대출,99258e22ced2a678e6e65532
36,0,15689906,1,12,105,BankScope 주택담보대출,e1394d80fcbea5ad27cec8d7
32,0,5855587,1,24,104,BankScope 신용대출,9439c93ffc4f1980d15a0c94
54,0,57188413,0,7,97,BankScope 정기예금,1c83f9c8db00b362253476ba
58,0,79108677,0,3,98,BankScope 시니어 우대예금,ea3faf3002940ca3d0445565
32,0,7713252,1,46,100,BankScope 자유적금,f7214368ffdd9b7db2408e87
36,0,5608358,0,22,104,BankScope 신용대출,8f8d464377e972b5faf5e71d
37,0,66341491,0,9,97,BankScope 정기예금,c22b5fdb4c8bbed88e8f30bd
47,1,227947206,0,10,99,BankScope 기업 정기예금,2660f7a427e87801fabb62d8
25,0,3063894,0,22,101,BankScope 청년 희망적금,7289b5e015df5ff75c9f679a
38,0,17503049,1,7,102,BankScope 주택 마련 적금,376936e5101d0403445ea973
19,0,1610761,0,16,101,BankScope 청년 희망적금,f5f55cc5f2f61239e3e0e2ef
34,0,4080619,1,16,104,BankScope 신용대출,b378eee03d7712c670a986f4
37,0,4653323,0,30,104,BankScope 신용대출,a616e2df4e123bc6cdbf651f
41,0,49665927,0,9,97,BankScope 정기예금,6e05b963828a880b862fca39
42,0,63451939,0,7,97,BankScope 정기예금,332291367b79c6b971a388a4
33,0,4121366,1,31,104,BankScope 신용대출,d15b10eb13e71ef20780886d
63,0,72143600,0,2,98,BankScope 시니어 우대예금,46aa7883449e9fa7c5330ef9
40,0,56347967,0,6,97,BankScope 정기예금,2ba1bda6e052a793c78fd6bb
49,1,75964035,0,9,99,BankScope 기업 정기예금,785acc58ef8f0c94ea658edc
35,0,8462844,1,18,102,BankScope 주택 마련 적금,80dc38b8a610c9e92d9b7809
32,0,5142263,1,31,100,BankScope 자유적금,a7ef6b760fd2e86de4184564
42,1,38429239,1,8,103,BankScope 기업 정기적금,f80abf93e6051a2723ae461c
41,0,60285175,0,14,97,BankScope 정기예금,9b8fa6b918fad538b641fd64
25,0,3366206,0,20,101,BankScope 청년 희망적금,4f3e2e7200346adfe1db82fb
38,0,33504663,0,5,97,BankScope 정기예금,d169a2b06bdec212e58fb696
77,0,68377262,0,2,98,BankScope 시니어 우대예금,83250c613450d84aab2f397a
36,0,7656640,0,39,100,BankScope 자유적금,46e465c2e0d36060d292d6bc
46,1,391428834,1,4,108,BankScope 기업대출,00b66c0b3229f0ddc94d5bae
68,0,80020013,0,4,98,BankScope 시니어 우대예금,14ba90f6457b9654119b340e
53,0,56598728,0,7,97,BankScope 정기예금,768b1fcc277e04118992f768
41,0,37106663,0,19,97,BankScope 정기예금,cd2c12f89e79e34324a2224c
29,0,4777911,0,18,101,BankScope 청년 희망적금,e90640b7713c0def58ceef3d
25,0,7356891,0,20,106,BankScope 전세자금대출,5646e561abd613fd45ab55f9
46,0,74958321,0,6,97,BankScope 정기예금,ef52ce1169781f275752228b
43,0,57723959,0,7,97,BankScope 정기예금,0998ee342efb909959b0be59
69,0,106685314,0,5,98,BankScope 시니어 우대예금,177e35fa4a70345cd183141e
23,0,2652890,0,26,101,BankScope 청년 희망적금,97149df7c8c8c73928c69927
43,0,13197965,1,7,105,BankScope 주택담보대출,5d40143ae8c017f0143128c8
38,1,58073267,0,12,103,BankScope 기업 정기적금,4741a52d76a4359e20a0eb89
38,1,52401837,1,7,103,BankScope 기업 정기적금,d68b5faaf3ce821bb66f14b4
33,0,3622020,0,28,100,BankScope 자유적금,ba5597f76018998ab3bd44a8
68,0,36711563,0,5,98,BankScope 시니어 우대예금,0af23c42892a2cf2e2adf736
49,0,37901642,0,11,97,BankScope 정기예금,1d2b304301222d8ee197f40d
46,0,64392647,1,9,97,BankScope 정기예금,51a655a0caf9cfcf112a4151
39,0,8926623,1,37,100,BankScope 자유적금,4ac0b7d3c0380e452ee3fb25
49,0,61837786,0,9,97,BankScope 정기예금,9b2bf5ae98f7fa46e75c480d
31,0,11629700,1,35,100,BankScope 자유적금,7afc2e0ec26f22bb78d74809
37,0,6269619,1,19,104,BankScope 신용대출,35f28a560faeadbf1565d002
31,0,5351362,0,37,100,BankScope 자유적금,a2b004e0b8d10467e9af9449
20,0,2614072,0,23,101,BankScope 청년 희망적금,15fdd494c88ea9b58780eda2
25,0,7551093,1,17,106,BankScope 전세자금대출,e68e45acad962ad495a7486d
49,0,72337475,0,4,97,BankScope 정기예금,b17a7fbdcb88a9981ab0c6c3
39,0,19035909,1,9,105,BankScope 주택담보대출,223efd8d09e4ee09033a75eb
19,0,2529377,0,24,101,BankScope 청년 희망적금,0d9da75ee32dc77f126c8184
42,1,147506543,0,7,99,BankScope 기업 정기예금,60f002c60c26a42f95504e73
53,0,35458443,0,9,97,BankScope 정기예금,ba28ee8f34db625db9d2c500
40,0,8333031,0,18,102,BankScope 주택 마련 적금,a627f52b313a3a142b67d8f7
32,0,7747711,0,32,100,BankScope 자유적금,c4d1f7c9b0e7f6f502eec90c
22,0,7444163,0,46,100,BankScope 자유적금,fb2d5225e8fb35ada94ae5dc
38,0,59789881,0,11,97,BankScope 정기예금,3846bf0cfc524860ca4b1d35
21,0,1833943,0,17,101,BankScope 청년 희망적금,03fe70fa073a0f16ba147be9
47,1,194462657,0,6,99,BankScope 기업 정기예금,7382b28c2a685e05f8925e28
23,0,3346344,1,18,104,BankScope 신용대출,3bbd54cd5c8a2fdfec0d77c9
41,0,6846206,0,8,105,BankScope 주택담보대출,b1ac2e6537216512f2c9393a
29,0,2977953,1,23,101,BankScope 청년 희망적금,031667d8ba653608dad72e57
66,0,87019699,0,4,98,BankScope 시니어 우대예금,314193db8ac7d55d668715b6
45,0,10491594,1,14,105,BankScope 주택담보대출,62d0e400e5b405ed73795c5a
38,0,33370837,1,15,105,BankScope 주택담보대출,ef45821e3336c4945e2f5116
37,0,18969428,0,18,102,BankScope 주택 마련 적금,94b5fd4820ee882548a20deb
38,1,39693947,1,19,103,BankScope 기업 정기적금,291f6611085f9406e21c83f8
30,0,9688215,0,32,100,BankScope 자유적금,9c3a424b5f3aa105b2dd7a4d
31,0,8133877,1,19,106,BankScope 전세자금대출,eea515e1c91aca6de8816df4
41,1,34884951,1,7,107,BankScope 소상공인 대출,4ac184fa95225f783b97d821
42,0,5778243,0,36,100,BankScope 자유적금,7632025304197759a64154dd
34,0,6128590,1,22,104,BankScope 신용대출,1ab4685150f2a17b81e8186f
25,0,1584495,1,18,101,BankScope 청년 희망적금,225793c05dc5e47d4878515a
50,0,53666191,1,9,97,BankScope 정기예금,943acfc04c4b02ae3b911539
68,0,82265744,0,4,98,BankScope 시니어 우대예금,442136b319d7e570d41d6481
44,1,180754665,0,5,99,BankScope 기업 정기예금,e9cf4e096698a310da773586
62,0,62003836,0,2,98,BankScope 시니어 우대예금,7d4fbed53b6b5757edd3a5e4
34,0,13896232,1,12,105,BankScope 주택담보대출,322d6b26db4b73995476369d
46,1,49998458,0,10,103,BankScope 기업 정기적금,ae10cc24907239b4d77a8e14
24,0,4425338,0,26,101,BankScope 청년 희망적금,cda5523dd26ffed37b54dabe
49,1,40588612,0,10,107,BankScope 소상공인 대출,2af6f7138b37e5f8c56188b5
21,0,2942027,0,20,101,BankScope 청년 희망적금,e6bafccb7cb7a9a729f30a4d
44,0,27203695,1,8,105,BankScope 주택담보대출,44ac7ddfc604187d5e8e95e5
26,0,10456148,0,15,102,BankScope 주택 마련 적금,d321afce0e0fa0e8fbb592c5
37,0,8340969,0,34,100,BankScope 자유적금,cd76b23115bdf08ec555f291
48,0,41191413,0,10,97,BankScope 정기예금,75506589201486f25d89ba09
35,0,46370089,0,11,97,BankScope 정기예금,3d480e019c0864e2ae55c5e1
19,0,3038172,0,20,101,BankScope 청년 희망적금,e9ad86ba4cb07a2f2d1c2b31
52,1,145179539,1,7,99,BankScope 기업 정기예금,00677ae6947cadb8acfe1f27
46,0,37953452,0,11,97,BankScope 정기예금,132ff4a08e9de5e75100bd40
33,0,8318955,0,36,100,BankScope 자유적금,cadec99f0411baa0a76018ca
60,0,64952626,0,4,98,BankScope 시니어 우대예금,259c3ead5a3beaa1251d17fc
25,0,1280927,0,23,101,BankScope 청년 희망적금,f387ff5bfaedd9a166ef5391
42,0,25934780,1,12,105,BankScope 주택담보대출,78aae6c8460832bd519481d7
36,0,11554131,1,12,105,BankScope 주택담보대출,1718dbbbfa240a324a3836e0
43,0,42306746,0,8,97,BankScope 정기예금,5298856f9a6f16b57edca14e
36,0,6405062,1,5,105,BankScope 주택담보대출,f0dcfd6548b44547af0d3cbc
31,0,20714925,1,5,105,BankScope 주택담보대출,3e499fd3feafa4ac3813a82a
35,0,16769945,0,8,105,BankScope 주택담보대출,9902c775b4ba4ed028beb865
40,0,67029746,0,11,97,BankScope 정기예금,846886b0160542b55e87ce1b
38,1,39055229,0,5,103,BankScope 기업 정기적금,550d206a3a5c2975c7a65a0f
27,0,3660003,1,37,100,BankScope 자유적금,cecf90a05b3962ed86341376
40,0,6324823,0,36,100,BankScope 자유적금,b4662286421943aed1f61a32
28,0,4036044,1,19,101,BankScope 청년 희망적금,054129a895332517dc96ea9e
29,0,6973450,0,30,104,BankScope 신용대출,d7b5d7f5e7ccc165caa64a4a
61,0,74040816,0,3,98,BankScope 시니어 우대예금,fcfa73df60d2891af999de52
22,0,6443379,0,32,100,BankScope 자유적금,f5572b287b9bae01b673b03d
21,0,2645399,0,16,101,BankScope 청년 희망적금,fdc8616ddee2d1e678070800
65,0,119631482,0,2,98,BankScope 시니어 우대예금,ccc3a0022d3e4eab6f1ceb62
37,0,4614664,0,30,100,BankScope 자유적금,c61be55e175b0f0fd9013472
31,0,10815148,0,32,100,BankScope 자유적금,9b782d2be2ea74b84ac3bb5e
36,0,7719842,0,37,100,BankScope 자유적금,c97a8894b7d9251589e10b2a
45,0,62231063,0,10,97,BankScope 정기예금,9642eb9a7237e7fbf2d65541
25,0,3565947,0,15,101,BankScope 청년 희망적금,d6b8027fa5fb3497ca755f06
38,0,37876075,0,7,97,BankScope 정기예금,df2f42364309fa267374e99d
70,0,110399176,0,3,98,BankScope 시니어 우대예금,04002b5aa7a765a746a48d05
59,0,78902127,0,5,98,BankScope 시니어 우대예금,9bf9079386aeb7a36b0a6d10
49,0,42618987,0,8,97,BankScope 정기예금,c5821c8b0f4a7f6a2a398660
43,0,18813334,1,6,105,BankScope 주택담보대출,86b46133cc89a330c9e811ce
32,0,5372746,0,43,100,BankScope 자유적금,b4172c7dc7c6bce6a2a3532f
66,0,61287560,0,4,98,BankScope 시니어 우대예금,d6158ce3bb7829e777363eaa
26,0,4747000,0,29,101,BankScope 청년 희망적금,ad863456695fedd77d6180e8
23,0,3927762,1,14,101,BankScope 청년 희망적금,9e8ebba39bbe5ea73b55a3b1
34,0,8673558,0,15,106,BankScope 전세자금대출,22b26d60b39ee9a2622fda93
41,1,60175203,1,9,103,BankScope 기업 정기적금,3cf6264ce4abc0f307fe1c99
19,0,2323364,0,18,101,BankScope 청년 희망적금,ac60ef6b1c440b9308655c5e
28,0,2598726,0,18,101,BankScope 청년 희망적금,733c2a20e86ad18956616e27
19,0,4609394,0,18,101,BankScope 청년 희망적금,f1ec66978144ec752ce83fe2
40,0,11207715,0,32,100,BankScope 자유적금,08717b993d97b719faf9f899
26,0,2563413,0,15,101,BankScope 청년 희망적금,d49df342b7ececda2a371ec9
39,1,31646572,1,5,103,BankScope 기업 정기적금,a4cdf13124122dd70dc21533
33,0,4617009,0,17,106,BankScope 전세자금대출,6adef167d470a8a0b97694ab
36,0,16522783,1,16,102,BankScope 주택 마련 적금,14b6dc3e5b114ca9e4b46088
26,0,2619836,0,13,101,BankScope 청년 희망적금,a654088018ae148fe8177e44
36,0,8712466,1,40,100,BankScope 자유적금,eb5c8fba9dd975534da32b8b
23,0,13166175,0,39,100,BankScope 자유적금,acb3c6c15f690deb2d685ec0
29,0,9033627,0,36,100,BankScope 자유적금,89fe37b5085557ce3b6e4aad
79,0,111332816,0,5,98,BankScope 시니어 우대예금,3c3340be33ae924329dbd81a
32,0,17031254,0,14,102,BankScope 주택 마련 적금,6ff70af1de055d9c7426b4b7
39,0,23580713,0,10,97,BankScope 정기예금,b95b4d211123279b649aab0d
39,1,33497724,0,9,107,BankScope 소상공인 대출,d21bccafcc27a471af8e4172
38,1,58130568,0,10,103,BankScope 기업 정기적금,10ae111048e3622fb3c5068d
33,0,12206644,0,41,100,BankScope 자유적금,31b72d3b6960d88759f987f6
47,0,24523459,1,10,97,BankScope 정기예금,34bceb10fe2ef584b161095e
30,0,2726592,0,22,101,BankScope 청년 희망적금,4cbcd2ec595a33cf32743011
23,0,2038905,0,23,101,BankScope 청년 희망적금,43afb2f0d164329ca4092eb3
53,0,55214007,0,9,97,BankScope 정기예금,9b4613e41d4402602cc5eec6
64,0,71238332,0,3,98,BankScope 시니어 우대예금,4d9642ee659c7815fb6ff624
48,0,59292962,0,6,97,BankScope 정기예금,fa978ec39044af5e7c0af2ed
30,0,3129942,0,18,101,BankScope 청년 희망적금,2fa2eb6c80b023ddc7dce881
43,0,71659051,0,9,97,BankScope 정기예금,f921564316c7907527855f5b
34,0,9107511,0,49,100,BankScope 자유적금,ac3a7274b6c0fce987417073
31,0,3398277,0,7,101,BankScope 청년 희망적금,292139450df4bc948dae5ec7
36,1,57223317,0,8,103,BankScope 기업 정기적금,2259667953b732eea7ed7662
32,0,6210236,1,27,104,BankScope 신용대출,f3ff3c9857ec02cb330ebbc0
39,0,17951098,0,24,102,BankScope 주택 마련 적금,38ff1574cba3b5f8611e0591
43,0,48599684,0,1,97,BankScope 정기예금,351ffdef1876363c43308da8
24,0,9577743,1,36,100,BankScope 자유적금,a98f2bf349bedb5e34f0e345
23,0,3530674,0,24,101,BankScope 청년 희망적금,a5eeba1cf144b5061e3a7fcd
30,0,7791559,0,30,100,BankScope 자유적금,3ee895c4ccd45d3f511cef88
33,0,19256021,1,11,105,BankScope 주택담보대출,099bee5a5de1bbcc0be26412
58,0,55993111,0,3,98,BankScope 시니어 우대예금,8f3ca0a79ed81a6a5c0f039b
45,1,295543417,0,5,99,BankScope 기업 정기예금,d6063bde3d0a03739d46d87b
28,0,1241295,0,25,101,BankScope 청년 희망적금,8ea14375116cd2120346d127
31,0,13343202,1,16,102,BankScope 주택 마련 적금,6d06d1f37e46aa9ed91ade76
44,0,47392146,0,12,97,BankScope 정기예금,81c9cff129a0b1a12cb47301
37,0,12130271,1,6,105,BankScope 주택담보대출,cc944c46e5e5145123e2fb4e
44,1,527247335,1,7,108,BankScope 기업대출,767bc25aa24a6823c91fb8f0
40,0,18673235,0,18,102,BankScope 주택 마련 적금,187ce1b4bdba9e9da8ac9675
30,0,6209420,0,18,106,BankScope 전세자금대출,f9ec017959d6668668bb3993
45,0,27976729,1,13,105,BankScope 주택담보대출,c742a94e66d3ef1c181828f0
29,0,11062153,1,28,100,BankScope 자유적금,cc3475b7d90d4496fedea60b
42,0,62493776,0,2,97,BankScope 정기예금,cd1aa8f88b1697a5fa940557
41,0,45015093,1,10,97,BankScope 정기예금,6c450dc4d40a7e321cd34e84
37,1,27988430,1,7,107,BankScope 소상공인 대출,ece567809e4b848812767efa
30,0,9243829,0,32,100,BankScope 자유적금,680a5cbb5a0b5867b508c1fe
27,0,20177705,1,12,105,BankScope 주택담보대출,be3aa8a729340c2ce238af18
48,0,59047487,0,9,97,BankScope 정기예금,d22dc39b5a55b2ba2d975a7e
29,0,2069576,0,26,104,BankScope 신용대출,99d30fee15666cd03aa7a4d9
43,0,46037706,0,11,97,BankScope 정기예금,650ffc48d17b7b2584ba581f
37,0,20460996,0,10,105,BankScope 주택담보대출,097d16d7a0881e28176032ef
39,0,22625404,1,11,105,BankScope 주택담보대출,b4ab49ae931de80cae4c040a
36,0,3290289,0,31,106,BankScope 전세자금대출,10dc38f96c9d30fffee52d86
22,0,2960555,0,19,101,BankScope 청년 희망적금,d250b07cb97eb70e5226a894
26,0,4853699,1,24,104,BankScope 신용대출,1dd2f4d49ec3524f1de991ef
35,0,5033017,0,34,100,BankScope 자유적금,4d6f422f835d6474c0041d9b
35,0,56579131,0,3,97,BankScope 정기예금,d5da4854fb36f47b8767c9fd
48,0,26039090,0,7,97,BankScope 정기예금,999a87a0dd269e3ece98be04
66,0,56904423,0,4,98,BankScope 시니어 우대예금,cb0a572e40f8e2f60a63fa8b
42,1,250734300,1,4,108,BankScope 기업대출,91dd0c485c7a82556efbf993
33,0,7835185,0,38,100,BankScope 자유적금,19f90bf7b60eaf1c76da0be8
39,0,84855929,0,6,97,BankScope 정기예금,20bcf58e1e88d427396da51e
35,0,9609032,1,34,100,BankScope 자유적금,8b76d77ab020717c610b1b7a
29,0,8125712,0,37,100,BankScope 자유적금,dc19479b9122cd5ce305ca26
42,1,72995438,1,10,103,BankScope 기업 정기적금,55693cec8e9c2863c48f9706
42,0,8321946,1,17,106,BankScope 전세자금대출,8c726add35d8300c79148478
45,1,316633307,0,4,99,BankScope 기업 정기예금,d2fdec3a56672fbf102d4a30
51,1,280299016,1,7,108,BankScope 기업대출,9e7eeb8648320ea20b75d577
27,0,5224950,0,40,100,BankScope 자유적금,cd6da62527cc99ffc0f393c8
41,0,35566518,0,4,97,BankScope 정기예금,4b7217c6119d4a6276bbe56f
61,0,74429700,0,3,98,BankScope 시니어 우대예금,8c2767907d164ed0e83a2c55
40,0,34437511,0,6,97,BankScope 정기예금,d614ef93b96ba2b39554e616
46,0,40398115,0,6,97,BankScope 정기예금,34a08fbaeeb0e24a1633f685
23,0,3603307,0,31,100,BankScope 자유적금,3fa79b0c1538b074e6592e17
65,0,87772447,0,3,98,BankScope 시니어 우대예금,41d8de3cfd0a5de9e3607813
28,0,7376706,0,35,100,BankScope 자유적금,a18e64a9b7a559217ac95c0f
26,0,2400597,1,31,104,BankScope 신용대출,c68e07d3142befc9ea61b8a2
29,0,1841366,0,16,101,BankScope 청년 희망적금,d7fd78497c29d38485931b6c
38,0,64053942,0,5,97,BankScope 정기예금,8344bcae9ec041f5c2b7cedf
41,0,17119933,1,11,105,BankScope 주택담보대출,7dc4fb84efd9ccbe79329631
36,0,19893119,1,12,102,BankScope 주택 마련 적금,76df65260bde4dd7b8f4e311
26,0,4544931,1,18,104,BankScope 신용대출,f11039800f64651551f21556
32,0,21017949,1,4,105,BankScope 주택담보대출,7f62246f7a195ce54c3dd354
27,0,4843351,1,22,104,BankScope 신용대출,367041b200c7a60fd139810a
57,0,55630997,0,4,98,BankScope 시니어 우대예금,f2df03cef58ea60bd8b40f41
34,0,8134710,0,26,100,BankScope 자유적금,d3c567706ed4d2c9ab5d26c5
42,0,12956797,0,17,102,BankScope 주택 마련 적금,0aa5adfe6c67a3fb02e90dfa
44,0,80463223,0,13,97,BankScope 정기예금,1a571b7c7db84e6be784b910
59,0,71012015,0,2,98,BankScope 시니어 우대예금,f2533e6f0dd60190cfc98e17
39,0,14897945,1,19,102,BankScope 주택 마련 적금,9d592763fe05120a1e9c7bcc
29,0,3739107,0,19,101,BankScope 청년 희망적금,8bf057815b74c0dd370f9044
71,0,106825372,0,6,98,BankScope 시니어 우대예금,9b38ab602fff50c424e7e0c9
34,0,4284638,0,13,102,BankScope 주택 마련 적금,817557c15d71455c503d2d79
32,0,7364336,1,31,104,BankScope 신용대출,70e21147a63302ea22c09b67
26,0,1504619,0,19,101,BankScope 청년 희망적금,1fda39bcf8bc3a4eb1a04e92
39,1,41145199,0,8,103,BankScope 기업 정기적금,52259f87ccdab35aa77c9c5c
32,0,7553479,0,38,100,BankScope 자유적금,e3ba32ec41bf39c7327ec83f
65,0,65855968,0,1,98,BankScope 시니어 우대예금,2e36ba107da1a4f3ab355ade
20,0,3160341,0,15,101,BankScope 청년 희망적금,8060e86fed16c0d022e775ff
40,0,52361764,0,11,97,BankScope 정기예금,aecd533c183595c5c16bbf9a
57,0,95855146,0,2,98,BankScope 시니어 우대예금,e5dcc3bd9db4d6c7c60d2054
30,0,5237384,1,17,106,BankScope 전세자금대출,b2992a0019e31e4d246c5216
23,0,7826965,0,37,100,BankScope 자유적금,acb2322585615f93c6719cd4
27,0,2140145,0,20,101,BankScope 청년 희망적금,7e76d116b799231d0655dc38
30,0,7256501,1,25,106,BankScope 전세자금대출,746ebfaf97ce62f3f1f84beb
31,0,8335505,1,19,106,BankScope 전세자금대출,a8c8680bd681c335407409e0
34,0,17462628,1,14,105,BankScope 주택담보대출,af872bffe2fba9e591a56218
48,0,61910425,0,8,97,BankScope 정기예금,3facdb4af7ba89ab40cbbe3c
31,0,5800749,1,25,104,BankScope 신용대출,57aa7828465b207bc2168916
38,1,221566594,0,4,99,BankScope 기업 정기예금,a06b3c8b82e1260e70b6882e
34,0,5765797,0,32,100,BankScope 자유적금,e7153c94d75b59acad2ab447
32,0,16198997,0,20,102,BankScope 주택 마련 적금,c1a66647a975a232b5c4ed9f
34,0,6932600,1,27,100,BankScope 자유적금,f0e71e776ad177b36b20ef6f
42,0,21515509,1,13,102,BankScope 주택 마련 적금,ade4a51d9a93c5cf6869e6a6
30,0,18806136,0,13,102,BankScope 주택 마련 적금,af2c173a1c52b41fd178ae6d
49,0,46533477,0,8,97,BankScope 정기예금,fd74c7100bf289ce8b57ded4
26,0,2770391,0,16,101,BankScope 청년 희망적금,267654367b468097f38913d4
29,0,2618477,1,13,101,BankScope 청년 희망적금,ab17799ed38825b2a1f97e32
31,0,9540901,0,50,100,BankScope 자유적금,752e357527d485169fccb885
71,0,107661278,0,3,98,BankScope 시니어 우대예금,645f3365a9e2e2cc1958ddd2
39,0,7010704,0,34,100,BankScope 자유적금,0ffb8dc00101e4bd6bf1f123
34,0,16706722,1,10,102,BankScope 주택 마련 적금,90f509a9041ed35c4cab0905
42,0,45957442,0,8,97,BankScope 정기예금,05fa9199943eede5b0187b34
40,0,15085862,1,12,105,BankScope 주택담보대출,a145c343133f6beaa535b8b9
25,0,2058101,0,21,101,BankScope 청년 희망적금,79493735e3c94085676abae1
37,0,15966623,1,14,105,BankScope 주택담보대출,306fbe8fbf56e82b2d6af7e3
48,1,154872206,0,8,99,BankScope 기업 정기예금,ddceb10cd83e7a8854b1ba91
27,0,1768659,0,16,101,BankScope 청년 희망적금,27cc5111ef31c1c6d8623d0a
31,0,10524712,0,35,100,BankScope 자유적금,d8debec057b9ab59e1f5e980
37,0,8021986,1,13,106,BankScope 전세자금대출,1c22a5ade13cd41dfccd8f0b
64,0,96169775,0,6,98,BankScope 시니어 우대예금,114c70c0885f3906af553946
45,1,151036756,0,6,99,BankScope 기업 정기예금,392285b23672db379a6c422c
38,1,304061685,1,4,108,BankScope 기업대출,87862acaaded45d841f8e9ac
31,0,7323639,0,32,104,BankScope 신용대출,a2b6870eb9366d948f25b33a
37,0,10957871,0,16,102,BankScope 주택 마련 적금,ed72ab6f87f500b477db23f0
28,0,5435734,1,17,106,BankScope 전세자금대출,bd87f4c7eb856dd40982bd6b
19,0,2605778,0,24,101,BankScope 청년 희망적금,7fed5c0c55086b51b315376c
29,0,13033861,1,29,100,BankScope 자유적금,2b5352bbf80659d0cbbbe8ee
27,0,6572659,0,14,106,BankScope 전세자금대출,b3da3d40b00866914c1fd121
39,0,14735791,0,14,102,BankScope 주택 마련 적금,ec0dc7013be6fd31badec9dd
41,0,12820579,1,22,100,BankScope 자유적금,54e0cd58d500718807979667
35,0,11029238,0,37,100,BankScope 자유적금,ffc2f7ccdc77da920bec505f
25,0,6925733,1,26,106,BankScope 전세자금대출,1d1d57f83ee45c94ddbf4f1d
68,0,58780260,0,5,98,BankScope 시니어 우대예금,61c292fd0d72d6b542cac5b6
38,0,9774750,1,40,100,BankScope 자유적금,70deef10b8e08c63ea38c041
30,0,5633993,0,24,104,BankScope 신용대출,6e7dac5eae10e1204b834cc9
28,0,5247480,1,20,104,BankScope 신용대출,61961e49ff5c6fee9cab1d00
28,0,20326947,0,13,102,BankScope 주택 마련 적금,3619c4959d72c395ba4acf20
44,0,62689845,0,9,97,BankScope 정기예금,2198b8c4f3ebfbc384cdb524
33,0,8092472,0,34,100,BankScope 자유적금,093af8906e4320e3f765fbbc
43,1,46649744,1,16,107,BankScope 소상공인 대출,755a557552f614de92cf783e
53,1,280096758,1,8,99,BankScope 기업 정기예금,7a8b53920f7c60725ca3d098
33,0,14597035,0,13,102,BankScope 주택 마련 적금,f10690a717fc8179b337313b
41,0,15097287,1,9,105,BankScope 주택담보대출,7d9c66252e1881765777ba8a
30,0,4550947,1,19,104,BankScope 신용대출,0c1fcdf3a5704dfd0cd35c50
32,0,4878665,1,37,104,BankScope 신용대출,1e379e5bacc18b5254da5563
41,1,43676422,0,12,103,BankScope 기업 정기적금,56db48b822b7aaa2d4232f92
46,0,24140299,0,5,97,BankScope 정기예금,601dc8594cea11066a3c240d
27,0,5985479,1,31,100,BankScope 자유적금,48c51e0e848184dfa1ff3591
30,0,4633829,1,25,104,BankScope 신용대출,bc4f7c37b63078f84c662568
33,0,5031407,1,51,100,BankScope 자유적금,3873fb66512da3c68ee39e8e
59,0,47398127,0,8,98,BankScope 시니어 우대예금,89ff489bb8452bc336a4e843
41,0,17836551,1,7,102,BankScope 주택 마련 적금,31909e2279a2f241a43910f6
35,0,46406689,0,7,97,BankScope 정기예금,06c6b51eeda20a589a5a4286
35,0,3897571,1,30,104,BankScope 신용대출,da02c9bb97f01b3b876c9e52
36,0,4561323,0,28,100,BankScope 자유적금,67d12a71683aab20da1968a5
43,0,28205279,0,6,97,BankScope 정기예금,c0a6d2783a99e846e34a130e
36,0,16295377,0,9,102,BankScope 주택 마련 적금,85a25ef772b02a31c4b6de72
28,0,5184409,0,31,100,BankScope 자유적금,d0f0af6abe1e9c0be4df765d
38,0,20723528,0,13,105,BankScope 주택담보대출,bc7414ebdec66db541e11bd4
41,1,229265228,0,5,99,BankScope 기업 정기예금,6d3bf2886a2090461c34f037
44,0,46558738,0,8,97,BankScope 정기예금,5eaa617400180dc7d4021048
27,0,4203315,0,19,104,BankScope 신용대출,083c4edf325b173f9be2b825
34,0,8524669,1,16,106,BankScope 전세자금대출,1253bf3dbd28dca852ce3eb5
32,0,6003486,1,21,106,BankScope 전세자금대출,a10da5e21087f23ef0ac66af
23,0,6485920,1,44,100,BankScope 자유적금,e74acc40da14ed56956a9a28
29,1,46556312,0,6,103,BankScope 기업 정기적금,eee8249618dbf19b277ad0cc
48,0,75626448,0,9,97,BankScope 정기예금,1a6e0f7c5ba7df8b8476d182
47,0,33183495,0,13,97,BankScope 정기예금,1090dac6aafac31b2cb3c4c5
24,0,3517575,0,17,101,BankScope 청년 희망적금,424f71357fba7f88a44d0496
62,0,88000328,0,5,98,BankScope 시니어 우대예금,7cf68ce3d5bf5bef5d0e59d6
29,0,2268789,0,16,101,BankScope 청년 희망적금,8be3f9c6f141d2797160ecb6
39,0,30018218,0,22,102,BankScope 주택 마련 적금,18de5bcf1c717546bc41fd97
34,0,24878470,0,24,102,BankScope 주택 마련 적금,a8ff33b5f7f31c15f79d1621
44,0,22949909,1,12,105,BankScope 주택담보대출,7aece5eb677a1c24cfe7fa40
24,0,6172726,0,18,106,BankScope 전세자금대출,008c54658e673ae2743e476f
37,0,10919824,0,14,102,BankScope 주택 마련 적금,8acb8aaeee4c78cda7f2087d
28,0,6506107,1,19,106,BankScope 전세자금대출,2d7acf19b20fc3d1a6fd24ff
28,0,7045414,1,13,106,BankScope 전세자금대출,741c18fe01bb7bcae503cf4a
35,0,4615731,1,27,104,BankScope 신용대출,e7b3d2494505109f8878bcc1
34,0,6094977,0,29,100,BankScope 자유적금,e30a302b4d320ca8f5ccb07b
36,0,6133829,1,34,104,BankScope 신용대출,7226ff0749a34db172e745ab
44,1,41006440,0,7,103,BankScope 기업 정기적금,1c521852bd501f94d69392c5
45,0,69764992,0,11,97,BankScope 정기예금,b8c6f705f7b5fd708c745723
68,0,78252481,0,7,98,BankScope 시니어 우대예금,3c5665c47fef626fad94bce8
65,0,97235782,0,5,98,BankScope 시니어 우대예금,16037c8eb16319312ea686bc
19,0,3299292,0,21,101,BankScope 청년 희망적금,275ec8a05a08eefb12d4d4c3
39,0,20794624,0,19,102,BankScope 주택 마련 적금,d190663a224fe650e830c0ea
31,0,18741129,1,12,105,BankScope 주택담보대출,f16fc3f860ac1f44b87a4fce
30,0,6125979,0,19,106,BankScope 전세자금대출,d54e1bb0885fb7154d012f94
32,0,8375142,0,38,100,BankScope 자유적금,8b34b99d5e0b34f846dfc952
38,1,71649485,0,7,103,BankScope 기업 정기적금,aad6c2c8b0728f7df17c31e1
48,0,42102566,0,8,97,BankScope 정기예금,fe016b792d9758d6da65d58b
31,0,2348161,1,27,104,BankScope 신용대출,969a314ab4aad133368602d7
35,0,21019673,1,5,105,BankScope 주택담보대출,cb398bb810985bf7c02a369e
45,1,46956340,0,5,103,BankScope 기업 정기적금,9e6d543b75b925806eaaa81e
40,0,10998150,0,21,102,BankScope 주택 마련 적금,6b87b5b05f3eaf452b09254f
37,0,12039616,1,19,106,BankScope 전세자금대출,9ba443bad7fe520d9ef77ed9
34,0,7306244,0,35,100,BankScope 자유적금,df5d6259e87bf5e97a7474d7
38,0,5835383,1,28,104,BankScope 신용대출,0c19bbcd6a9a4294cd310968
39,0,5708409,1,30,104,BankScope 신용대출,251fb625cf1aa617b2027481
40,0,17008030,0,17,102,BankScope 주택 마련 적금,ab23b6e7d8bfd6c5b8560149
28,0,6902876,0,17,106,BankScope 전세자금대출,f46b185105fffb567182b736
30,0,4784651,0,41,100,BankScope 자유적금,8717073193a039104d648b53
29,0,3515807,0,22,101,BankScope 청년 희망적금,9662a8bb638e915db6eb39ec
38,0,4868017,1,35,104,BankScope 신용대출,1d3a4bac917bb959036e971b
65,0,63487962,0,2,98,BankScope 시니어 우대예금,41667f2ca77e6712718f085c
28,0,5967058,1,22,106,BankScope 전세자금대출,578166f22ab508754c308760
44,0,48224954,0,5,97,BankScope 정기예금,c3a220b1d9a0e005bc6b893b
33,0,6825461,0,36,100,BankScope 자유적금,3738ac4a2d88c2f00187603b
42,0,19216644,0,16,105,BankScope 주택담보대출,dc780d0df7689358ffc95945
37,0,5783283,0,38,100,BankScope 자유적금,f0dd672d3c11ae0b252939ba
29,0,5422452,1,25,104,BankScope 신용대출,55328526873f141c831a440a
63,0,86278398,0,4,98,BankScope 시니어 우대예금,7e8574c065d277d6617d2cad
71,0,89348900,0,4,98,BankScope 시니어 우대예금,8b48be93ca4f7515df8aea50
25,0,28827786,1,5,105,BankScope 주택담보대출,a53c6372e8fa06e137c448cc
37,0,21695535,1,12,105,BankScope 주택담보대출,9295868997d8997284204408
34,0,5003610,1,26,104,BankScope 신용대출,bc412d9c2d0237a163162e2f
31,0,2612961,0,22,101,BankScope 청년 희망적금,cff0b41c497afe502f363896
41,0,25872959,1,10,105,BankScope 주택담보대출,e6bafd8b5449adcb49da7f98
26,0,2407535,1,26,104,BankScope 신용대출,002db565c797623f31be13f5
36,0,51850681,0,10,97,BankScope 정기예금,3382b2dc703e38d0675dcd9b
28,0,8507652,1,12,106,BankScope 전세자금대출,552675c2c54447e6cb061a6c
32,0,3240962,1,24,104,BankScope 신용대출,7f890f5f510674aedd911b92
27,0,2753811,0,29,101,BankScope 청년 희망적금,7b37891c17a9698b21454680
46,0,57436313,0,7,97,BankScope 정기예금,0569031aed9cfd73d5720718
29,0,4643916,0,4,106,BankScope 전세자금대출,b5d561d8c79ea0943f3a8409
19,0,2374700,0,20,101,BankScope 청년 희망적금,02781a2d9c40f424fcbe5d4e
51,1,47244232,1,3,103,BankScope 기업 정기적금,321f5f64e6d7a32b9342f578
38,0,17108784,0,13,102,BankScope 주택 마련 적금,0211ba1700e61272ae64347e
38,0,11657562,0,11,102,BankScope 주택 마련 적금,c8a922057072af8f5e9ac87c
33,1,17307604,1,10,103,BankScope 기업 정기적금,b0acd57d9bd9402ad21a4f97
39,0,14787762,0,10,102,BankScope 주택 마련 적금,e6dcf4a564c54dcf55675e20
44,0,17161207,1,14,105,BankScope 주택담보대출,48a0069068afb3537fcb2e03
46,0,38730714,0,4,97,BankScope 정기예금,4abf039d1af60ee7d1d1d3f5
33,0,8115815,0,41,100,BankScope 자유적금,4abecd6bc74bdf312d6b6270
27,0,2611608,0,16,101,BankScope 청년 희망적금,de3851c7b5856c1776b08ec2
44,1,33953335,1,11,107,BankScope 소상공인 대출,acc4fc698b4ee105612a9df6
34,0,50301084,0,4,97,BankScope 정기예금,d3d8cb0169417a4f07dff303
45,0,31381775,0,6,97,BankScope 정기예금,df6619894d3635aef323eff1
40,0,68731574,0,7,97,BankScope 정기예금,b32f8b6510e64e0eb7ae9178
67,0,114818399,0,4,98,BankScope 시니어 우대예금,ee57ca211c6fcca599fddaec
75,0,86910052,0,4,98,BankScope 시니어 우대예금,207619c30f4650bcd183b178
27,0,5443462,1,17,106,BankScope 전세자금대출,4dc1fd5a8a874282f9b73cba
72,0,107147981,0,2,98,BankScope 시니어 우대예금,0d74bf2f5b9bea38da23c3d8
68,0,21007366,0,1,98,BankScope 시니어 우대예금,00cd7f2dca11299c240cf640
31,0,11980907,0,33,100,BankScope 자유적금,0b494909c6aacffdf491169c
43,1,27132695,1,9,107,BankScope 소상공인 대출,2b22d8254149efe5b146bed3
36,0,13587971,0,14,102,BankScope 주택 마련 적금,e976cb3e7ab49bbf706a3bed
27,0,2806413,0,22,101,BankScope 청년 희망적금,8a0d63d2abeecdf03a1a4962
46,0,33507051,1,12,97,BankScope 정기예금,59974371a57aee5c957f1d8d
47,0,62536742,0,3,97,BankScope 정기예금,88bf6684a7bdc7f08ba27fad
43,0,18317490,0,3,105,BankScope 주택담보대출,7dc25e6f7cef2f70e389c37c
27,0,11503733,0,21,100,BankScope 자유적금,43a89e1f9c9c7acc8a73e4c7
32,0,21183711,0,10,105,BankScope 주택담보대출,f691ee5812b2211974619006
41,0,40162402,0,7,97,BankScope 정기예금,d48eae48fd9ff01f180f636c
72,0,93630978,0,4,98,BankScope 시니어 우대예금,51c2bda27ff697fad0898333
29,0,17784515,0,13,102,BankScope 주택 마련 적금,e9d0d9170db29b06f6b4cdbc
31,0,4804469,1,24,104,BankScope 신용대출,00ccb147507a27d66bd5dd36
71,0,100036571,0,3,98,BankScope 시니어 우대예금,fea06cd262c429f7727a4de2
44,0,49232765,0,10,97,BankScope 정기예금,4ac92e70628df0bf050da925
52,1,151351179,0,4,108,BankScope 기업대출,a7735753bcc6d2c7f2d31bc9
44,0,66532296,0,5,97,BankScope 정기예금,ea4c4f839e21cabefef170cf
42,1,214409375,0,4,99,BankScope 기업 정기예금,d4b319ce798e9a603384b1ec
49,0,57012930,0,11,97,BankScope 정기예금,81887376dbb8a3ce735d18c2
19,0,1827681,0,21,101,BankScope 청년 희망적금,4695db4967f7a1df5c22aadc
35,0,6742885,1,31,100,BankScope 자유적금,e9643d8aa9d4c798afa388c4
50,0,20755844,1,13,97,BankScope 정기예금,486cb8e4849add5dcc6d3a57
24,0,10788969,0,46,100,BankScope 자유적금,9b4696bae1fe69c7a37fb224
28,0,3500065,0,28,101,BankScope 청년 희망적금,d1ea05b72e2587da2d09265d
37,1,182090256,0,1,99,BankScope 기업 정기예금,921077ccedf9aed7f47bc7fe
30,0,3314311,0,16,106,BankScope 전세자금대출,2fb5f66a6934a411118dfb71
32,0,7120682,1,12,104,BankScope 신용대출,b728da80ad7ccf9580a0eab7
30,0,8809919,1,33,100,BankScope 자유적금,29950dfc44588e7c29094573
33,0,10388610,1,33,100,BankScope 자유적금,25739ee42199b33b1a620e4b
25,0,2073139,0,14,101,BankScope 청년 희망적금,349160ea53a3258a8027f834
44,0,4310486,1,25,104,BankScope 신용대출,21f3511c3871d57ca69134b6
49,1,164535349,1,3,99,BankScope 기업 정기예금,c3112c8248d0286e2f4cf651
49,0,46516267,0,6,97,BankScope 정기예금,68db64c7570d2a3ed3cca236
27,0,2819546,0,22,101,BankScope 청년 희망적금,0ed7a5001681a5de42ce2340
71,0,66872485,0,2,98,BankScope 시니어 우대예금,84ec8091bfd73e892146f949
38,0,48546711,0,5,97,BankScope 정기예금,0feb5b45430e7997a9bee280
52,0,76925884,0,5,97,BankScope 정기예금,16b30224adb1c1da97b61f90
42,0,3618199,1,20,104,BankScope 신용대출,e93aac63f8582ce51aa0c431
19,0,3057695,0,25,101,BankScope 청년 희망적금,ef65ac691061e4062237ab97
19,0,3248486,0,16,101,BankScope 청년 희망적금,c86a1927aa4c8544eef02632
40,1,289327742,1,7,108,BankScope 기업대출,1a772624269f206857a8f811
29,0,3677829,0,40,100,BankScope 자유적금,c7550089d51b2f1544169ce7
24,0,2211382,0,21,101,BankScope 청년 희망적금,2e3c09c92975feecb7d7c3d2
37,0,9424805,0,35,100,BankScope 자유적금,7b9ffdcd96c7041c1c1e381f
25,0,3490144,0,26,101,BankScope 청년 희망적금,b3e3e7cf148f00f7bee432bd
53,0,50302815,0,9,97,BankScope 정기예금,6e9bc9f2632acb9f09b4ba7b
27,0,22530268,1,7,105,BankScope 주택담보대출,b58002443d1627015d850c73
38,0,59977581,0,6,97,BankScope 정기예금,20b2a5822f6b7a2125d6b7ae
65,0,43692224,0,3,98,BankScope 시니어 우대예금,74c5e7f767f1c3dac9bd13f4
69,0,80412957,0,2,98,BankScope 시니어 우대예금,29c8704c0ad27d30959ca5c3
26,0,6196642,1,17,106,BankScope 전세자금대출,3737dfc116d7ef7fd4447dff
21,0,8642659,0,19,106,BankScope 전세자금대출,2fb8cf39f2bb0368525584e1
30,0,3656067,0,26,101,BankScope 청년 희망적금,4adff06ad9fc593e60f380a7
30,0,16975608,1,6,105,BankScope 주택담보대출,febe1127a129443c937ffa92
58,0,58608162,0,6,98,BankScope 시니어 우대예금,70d097e633949780b37db89b
43,1,27798958,1,20,107,BankScope 소상공인 대출,4e94ebfa3cd988039e84a8c4
36,1,23440473,1,14,107,BankScope 소상공인 대출,6b9704b7aa659c70e4df87c3
36,0,4428037,1,21,104,BankScope 신용대출,8560bc657629229d73216732
29,0,7382097,0,14,102,BankScope 주택 마련 적금,d82c01ed71c602168a33f48e
73,0,71850147,0,3,98,BankScope 시니어 우대예금,7bf81b8e32959cfbf468bcd4
59,1,181568333,1,8,108,BankScope 기업대출,1f0fa3de6f8c8c10f8ea9bd3
30,0,7837995,0,9,106,BankScope 전세자금대출,20213684025857119da3773b
19,0,3496166,0,18,101,BankScope 청년 희망적금,fea09c1c7ea180eada80ac0f
28,0,4591603,1,30,104,BankScope 신용대출,4b7bd2fb7fd172c385df8518
45,0,67429843,0,4,97,BankScope 정기예금,9026a1b39b42935b7f4fe4b3
22,0,1807322,0,29,101,BankScope 청년 희망적금,f67f71b81fa17eea69aba1dd
37,0,55850314,0,8,97,BankScope 정기예금,2973e87a939edad455cef2c0
21,0,12127015,1,42,100,BankScope 자유적금,e65d707d7688e965a8b3c019
44,0,16591584,1,10,105,BankScope 주택담보대출,2872865e2bbd07a3f99d8264
44,0,29014203,0,13,97,BankScope 정기예금,57c98ad13cdbb178e0debce0
34,0,25789895,1,10,105,BankScope 주택담보대출,5158375427bc66d7d1ab439e
26,0,3329646,0,27,101,BankScope 청년 희망적금,054fa2a07fa47ffed2fd00dd
34,0,14834193,0,14,102,BankScope 주택 마련 적금,e7a54e2a1ca199727b520630
28,0,21315517,1,13,102,BankScope 주택 마련 적금,8768efd4221f741fa2d0664d
32,0,3885923,1,21,100,BankScope 자유적금,8bb8fc4a5634bc6d2972b983
30,0,1653618,0,22,101,BankScope 청년 희망적금,e151fe53a4e085df4b26baa0
39,0,3787830,0,34,100,BankScope 자유적금,989720adf878149555b1b8ed
31,0,9804633,1,18,102,BankScope 주택 마련 적금,f5889cb21a4d44c78776596e
45,0,78687424,0,7,97,BankScope 정기예금,9e9c8636b4ba28222f1ff6a7
45,0,56308914,0,6,97,BankScope 정기예금,c17e9719c5bb875c1b59965a
28,0,6888826,1,23,106,BankScope 전세자금대출,70233e8765204e2af2aa6257
44,1,264489514,1,5,99,BankScope 기업 정기예금,5c326ce1b0b0ea6e74211e63
59,0,41882869,0,8,98,BankScope 시니어 우대예금,d53b22b65eb99f93c7caf44d
40,0,44484307,0,9,97,BankScope 정기예금,d71c8366e8e18932ff7f1c5a
28,0,2693667,0,29,101,BankScope 청년 희망적금,1e41529b4239744ad44db11a
42,1,54817954,0,6,103,BankScope 기업 정기적금,085646b00717e20cd500dbd0
26,0,3357880,0,22,101,BankScope 청년 희망적금,85d9389f46246a7f5f5ef0bc
31,0,11348135,0,12,102,BankScope 주택 마련 적금,6d1338cb017c1e3118510ae5
36,0,16541355,1,12,102,BankScope 주택 마련 적금,508c8f76bee8938dec77089f
39,0,32888458,0,7,97,BankScope 정기예금,de933b24bffd5ddd21e599fa
38,0,9508222,0,45,100,BankScope 자유적금,5aa554aa1221e11a50e742dc
27,0,25402733,1,10,105,BankScope 주택담보대출,08310186beaaec0e3adcc55c
32,0,7013971,0,36,100,BankScope 자유적금,6351d7271eed54de60bc4880
34,0,7030798,0,32,100,BankScope 자유적금,852eae82d843192a6240ea9a
23,0,2610115,0,20,101,BankScope 청년 희망적금,5f97ab09b36f9a81065c96ff
48,1,204517444,0,8,99,BankScope 기업 정기예금,93f3160482fcdd8addba1356
31,0,6908408,0,45,100,BankScope 자유적금,7a772eae888b1fce48b24b8c
41,0,22047665,1,13,105,BankScope 주택담보대출,31660e901cb4408463f9da55
22,0,4103914,0,19,101,BankScope 청년 희망적금,298f7e05a37bbea508d445a1
38,1,33103902,0,5,103,BankScope 기업 정기적금,ba47e5d8f814be1899056556
25,0,18462482,0,16,102,BankScope 주택 마련 적금,032e3ab8be64318c5e154870
27,0,6267298,1,14,106,BankScope 전세자금대출,ad0ae71147e7f85dc4b01c6e
30,0,2734009,0,30,100,BankScope 자유적금,f79373df995e5e6ba8d7915b
33,0,5500191,1,22,106,BankScope 전세자금대출,32d8a16e1db8b7555aa24677
25,0,4344996,0,23,101,BankScope 청년 희망적금,6e546028e1eff22ee3c56682
71,0,67387008,0,4,98,BankScope 시니어 우대예금,42eaab741e69627f63c52f46
34,0,6861602,1,20,104,BankScope 신용대출,e8f32d25a128ea3d1f7a3d33
40,1,286694386,0,5,99,BankScope 기업 정기예금,5ca5b067c6de328d9c316bb6
43,1,144210465,0,4,99,BankScope 기업 정기예금,b2a77cae4fc99dac25a1b662
35,0,22307161,1,13,105,BankScope 주택담보대출,f9c6e46bbe9dadcac9c06141
20,0,8512791,1,18,106,BankScope 전세자금대출,fbf63514d451ad40ae0f2c49
30,0,8065765,0,38,100,BankScope 자유적금,78cd4d37be0e65c7763ad2d7
28,0,19937262,1,10,102,BankScope 주택 마련 적금,2aa3d0e72276c3e43bb09109
28,0,16182051,0,13,102,BankScope 주택 마련 적금,e84ec039d1e8a6c4ac34a52a
47,0,60548172,0,8,97,BankScope 정기예금,f2481074afdd29c046f76d96
45,0,22546156,0,6,97,BankScope 정기예금,98de82e18ad59849e532634c
32,0,2616065,0,37,100,BankScope 자유적금,726b156ec9605f134d6b273e
27,0,4587979,1,29,104,BankScope 신용대출,dabdd2d80bd0421eed9e8983
34,0,7674889,0,39,100,BankScope 자유적금,12456898c86a93078d4f9a44
34,0,15374552,0,16,102,BankScope 주택 마련 적금,7f193fba3f7607ce42ccc03c
76,0,39157570,0,5,98,BankScope 시니어 우대예금,5ff714afddfe72696fce14bd
37,0,19836351,1,6,105,BankScope 주택담보대출,4bb1c275d0555e6be15cbe43
30,0,6088527,1,24,104,BankScope 신용대출,1a0c5b22f4ac029f33750445
31,0,7452942,0,39,100,BankScope 자유적금,24a2ddca338944dad362d062
24,0,2576475,0,25,101,BankScope 청년 희망적금,92056c8389f665ac55ee941d
43,0,22563518,0,8,97,BankScope 정기예금,4bf913af2dbee77e9484608c
43,0,62311154,0,5,97,BankScope 정기예금,31fa06113782c1300a35749e
22,0,3193490,0,19,101,BankScope 청년 희망적금,fbbafb2e2c62d96297f6c959
27,0,20231490,0,11,102,BankScope 주택 마련 적금,567e9f3e735a28313fbd97ee
42,1,73645531,0,4,103,BankScope 기업 정기적금,6ce3a101ef982ede6be95835
42,1,40152225,1,7,103,BankScope 기업 정기적금,1ae6333dcd8f9a6a56313eac
39,0,32392024,0,10,97,BankScope 정기예금,703c21d50541dd1239de6c54
33,0,3177604,0,24,101,BankScope 청년 희망적금,5666d93571461d0dcebd4273
32,0,7599485,0,28,100,BankScope 자유적금,f73ae4b6b35eca527c3fd13e
38,0,41790087,0,9,97,BankScope 정기예금,ed151a2d205e27cc5b5d388c
52,1,63227255,0,4,103,BankScope 기업 정기적금,41e2ce960f53764e3b585c00
34,0,9203198,0,35,100,BankScope 자유적금,0474dd924fe33c717c0a18da
29,0,7071557,0,23,104,BankScope 신용대출,72b8d0edbfeabf32e03d00cc
26,0,1481679,0,23,101,BankScope 청년 희망적금,4417120a45ed0b0f420bcfb6
43,1,24011121,0,10,107,BankScope 소상공인 대출,fc15d61095f61bbf85bfc8f0
41,0,47057803,0,14,97,BankScope 정기예금,3b0bb00f9e0ba36b8498dbfd
34,0,15912517,1,7,105,BankScope 주택담보대출,c8a7621e756c745f119c5752
42,0,63758653,0,12,97,BankScope 정기예금,3db3bfde0ca351bf294a6a64
27,0,7315826,1,37,100,BankScope 자유적금,a41709fa62c24deb016d0829
39,0,3122536,0,42,100,BankScope 자유적금,e46271f051c698cf093c05a7
45,1,135777167,1,6,99,BankScope 기업 정기예금,e12aa9b279ffb64a41455e69
40,1,197392454,0,5,99,BankScope 기업 정기예금,477438f88eb670764b2c57e2
31,0,4020582,0,16,106,BankScope 전세자금대출,3409f53c544fc0ab9bc46f0b
35,0,10378186,0,7,105,BankScope 주택담보대출,cfca8eca6b255944c0c81d23
28,0,1915808,0,22,101,BankScope 청년 희망적금,69c3a78d4a29c7d4be0dc587
48,0,41268877,0,8,97,BankScope 정기예금,36ddd810e044c8acebd001fa
38,0,6091903,1,15,102,BankScope 주택 마련 적금,e4ea71a9e46701f58bb174ee
45,0,21363205,0,12,97,BankScope 정기예금,f77c5a9e6f94581633657854
30,0,9027298,0,44,100,BankScope 자유적금,9a8e9df4ad18feda8b36efad
41,0,13418939,1,10,105,BankScope 주택담보대출,b3571c0947c201670489ee8a
50,0,46880689,0,6,97,BankScope 정기예금,9e7a48e625d0b2e4014adfab
33,0,7141271,0,31,100,BankScope 자유적금,33e9326a6d35e89a011e72c1
37,0,13534793,0,53,100,BankScope 자유적금,b97f7a2dd6453c98bfe49420
29,0,8530940,0,30,100,BankScope 자유적금,5fa800ca7f742f7c80836103
36,0,6926747,0,18,102,BankScope 주택 마련 적금,3171bad6a04470701f332a8a
25,0,5246403,1,26,104,BankScope 신용대출,605559268abac7805e512511
49,0,46691666,0,11,97,BankScope 정기예금,c45bd9125d5f182a538d59bc
36,0,21138145,1,13,105,BankScope 주택담보대출,f143c16b993f2532c31bea5c
35,0,13252182,0,38,100,BankScope 자유적금,ed8e6f93cbca06e553d16bfc
65,0,76979226,1,2,98,BankScope 시니어 우대예금,b53feeb94653a5f7947fdf31
34,0,14671693,1,4,105,BankScope 주택담보대출,db4c6ef03c4ef81040bd5a30
28,0,9437874,1,44,100,BankScope 자유적금,86d32d273975535da1477e13
24,0,1160760,1,15,101,BankScope 청년 희망적금,e6f4cb405713d003f8c9d83c
33,0,3096369,0,17,106,BankScope 전세자금대출,9757622b655be4f9ed4e9910
47,0,39311331,0,3,97,BankScope 정기예금,8368d3f05966bbaa2475bf3f
23,0,3800240,0,21,101,BankScope 청년 희망적금,627d9b539582b0a8eb15500c
30,0,4809797,1,25,104,BankScope 신용대출,008a50aa42549f6d78fc6c11
34,0,23536359,0,12,102,BankScope 주택 마련 적금,59a2f6eacc21ca03136c6f2f
23,0,2656050,0,23,101,BankScope 청년 희망적금,93e6018045f8379fb182126b
31,0,17648798,1,9,102,BankScope 주택 마련 적금,119e2afea8c25fa9a5ea561d
51,0,71265899,0,7,97,BankScope 정기예금,e6b363c28f813b8d787fd8c5
19,0,2092499,0,24,101,BankScope 청년 희망적금,3bc89b45c576a3ceabf386cf
24,0,9040362,0,43,100,BankScope 자유적금,dd8f942792f9c81a86d984ba
36,0,13295223,0,11,102,BankScope 주택 마련 적금,7ff908a2674776d9fdbc4e1c
29,0,2598709,0,15,101,BankScope 청년 희망적금,a046bc471cb7e32ad5843db3
43,1,160726773,0,5,99,BankScope 기업 정기예금,0eaa55f0ee81cd686cca1c26
22,0,3944334,0,22,101,BankScope 청년 희망적금,0664ae837076ba53e0dd0190
65,0,91283352,0,5,98,BankScope 시니어 우대예금,6ed1260cdb845714529311fa
30,0,6306629,0,32,100,BankScope 자유적금,4dd5a40e4351b5b571a84e96
37,0,16089738,1,13,102,BankScope 주택 마련 적금,245697eb3fba8efc291f486c
43,1,220290476,0,1,99,BankScope 기업 정기예금,a25cbd4a51851feefef864a3
34,0,10296564,1,35,100,BankScope 자유적금,7bf03e2f1e532710d274b4ad
41,1,33696998,0,13,103,BankScope 기업 정기적금,e10b8c63690aa22a7bef2665
34,0,10913694,0,35,100,BankScope 자유적금,9262dc451a4e994e9e85b641
30,0,6783270,1,31,104,BankScope 신용대출,8565abe41059d7ea00804aa5
28,0,7662897,1,16,106,BankScope 전세자금대출,bf8e1c7ae2ea230db734d6d1
61,0,114764512,0,4,98,BankScope 시니어 우대예금,e916cf3f3a1ffe6d5858a03b
27,0,8625469,0,32,100,BankScope 자유적금,8f6145bcfb1ec81a3144ad72
31,0,5988431,0,46,100,BankScope 자유적금,9d349ae64eaa1c30e003119e
49,1,262989824,0,5,99,BankScope 기업 정기예금,6b070b313aefabe083e4cfc2
46,0,46972309,0,6,97,BankScope 정기예금,e5ad90d4316e1704d601cbbe
42,0,62533599,1,7,97,BankScope 정기예금,3d609a95a14de095d03c3c24
40,0,3550508,0,23,104,BankScope 신용대출,4361e3ae6baa710680e6e7b0
46,0,51103281,1,8,97,BankScope 정기예금,08a32bb8747b4f703a8898e0
31,1,40366935,1,7,103,BankScope 기업 정기적금,bcfa8a479ecd22ac1abd6e11
29,0,6465625,1,29,104,BankScope 신용대출,b107a1601210fcb696bdb535
29,0,6624850,0,19,106,BankScope 전세자금대출,c0ae4bfa13666cd83da82112
23,0,1109360,0,12,101,BankScope 청년 희망적금,25cceac70a3dc35a8606ff50
35,0,13655852,0,12,102,BankScope 주택 마련 적금,583c68224b4f0053f4b94232
61,0,63081537,0,5,98,BankScope 시니어 우대예금,eaeed869833020d5e506a2c8
31,0,6304223,0,28,100,BankScope 자유적금,ba41883d4e1a342696d2bec1
30,0,6436391,1,21,104,BankScope 신용대출,ee9b06cc0537ec7f55767df3
51,1,226820496,0,12,99,BankScope 기업 정기예금,560a669a3f2cb2e4bf1a4f80
46,0,65406270,0,1,97,BankScope 정기예금,fe1e3dae6e36a0544084fcae
39,0,42407883,0,9,97,BankScope 정기예금,dca15b64c72bfe147223c92b
46,1,38018492,1,8,103,BankScope 기업 정기적금,99613df160fd6890c1a6fd20
60,0,80928211,0,4,98,BankScope 시니어 우대예금,77ed2d159b0c532bbca98de5
69,0,46758015,0,5,98,BankScope 시니어 우대예금,33866288e84362fcc177b8e6
38,0,38554767,0,9,97,BankScope 정기예금,747b2612b87423a354ed68c7
42,1,139764610,1,7,99,BankScope 기업 정기예금,749c4cfee67c28e209ce2cf5
36,0,7716832,1,18,104,BankScope 신용대출,07c997d04bd5a3fd4fe3615c
34,0,22795760,1,8,105,BankScope 주택담보대출,e8a201fa5720215778461fe9
40,0,21798725,0,7,97,BankScope 정기예금,36d0c32cc28b02ff77a1748d
50,0,60765831,0,7,97,BankScope 정기예금,002137f3a9ff1c59a3a58c2a
21,0,6516957,1,17,106,BankScope 전세자금대출,91df64c00e2d22a2659ee71f
41,0,59784371,1,11,97,BankScope 정기예금,7674b65241220ad7bdcce659
40,0,22313456,1,7,105,BankScope 주택담보대출,edb5d610fe51bc648ad667f1
38,1,51918087,0,4,103,BankScope 기업 정기적금,74298b1fbd42c882d72bfa68
27,0,1994984,0,24,104,BankScope 신용대출,73b44f7fe20ff2b804181c8a
34,0,12126417,1,7,105,BankScope 주택담보대출,4a4981ae38d00a16d4e20a6e
19,0,1530634,0,11,106,BankScope 전세자금대출,334e2aca68d60d3a9c826199
37,0,21659566,0,4,97,BankScope 정기예금,40453bb01f89ad360a6f35de
23,0,2570750,0,13,101,BankScope 청년 희망적금,e7a3c8bd31f605577bb77e72
44,0,60769900,0,7,97,BankScope 정기예금,c1e3c576ad65f87390b20280
68,0,135868189,0,3,98,BankScope 시니어 우대예금,440a6ac538d920311aec3a24
31,0,7111499,1,27,104,BankScope 신용대출,8bd30c438905b27b3548a10a
40,0,62808262,0,9,97,BankScope 정기예금,73fbe987df2e9fc1d240b2fd
32,0,8692795,0,30,100,BankScope 자유적금,4e869530a5b35f810f8afe25
31,0,4890072,1,30,104,BankScope 신용대출,1b8b766cfa48553a2be9fbe1
34,0,5663350,0,34,100,BankScope 자유적금,217a3cb9ababef0ce851b9b3
36,0,13518315,0,20,102,BankScope 주택 마련 적금,d3598dc0c2ddfb5f71426fff
30,0,6135053,1,22,104,BankScope 신용대출,e83707a5bedf1bed0658b526
78,0,87367345,1,5,98,BankScope 시니어 우대예금,eb6f5b201bd61f9aba8ba213
32,0,4342114,0,37,100,BankScope 자유적금,d3f2d5423a351c072882bcec
27,1,52914109,0,7,103,BankScope 기업 정기적금,b6ce496409b07511fe5be057
25,0,4492156,1,20,104,BankScope 신용대출,cec4aad968a2a8f87832cf03
37,1,26643649,1,6,103,BankScope 기업 정기적금,c859762ca11ad4e811babd1f
40,0,66438361,0,7,97,BankScope 정기예금,d120c2799412517dc45c3e08
66,0,54339248,0,6,98,BankScope 시니어 우대예금,f8d77187269d62bf7deeccec
34,0,5620618,1,16,106,BankScope 전세자금대출,14fbd5fd72ed7be8bb894b80
70,0,66254644,0,2,98,BankScope 시니어 우대예금,226927c4a455e98c4c74c53c
31,0,4498120,1,30,104,BankScope 신용대출,399bddffb3b86195422cc59a
37,0,8016469,0,10,102,BankScope 주택 마련 적금,5b50eaae5d7714c89d088c3a
74,0,87015516,0,5,98,BankScope 시니어 우대예금,cdae74df0016da2b3ff6db31
32,0,3721016,1,21,100,BankScope 자유적금,e3238ed6fef482a96ba7843b
24,0,13802918,1,43,100,BankScope 자유적금,15fb9c995e258ed289e375b6
19,0,2718566,0,23,101,BankScope 청년 희망적금,e84d9ecd00e9b05c646a7d6c
24,0,3697041,0,23,101,BankScope 청년 희망적금,26b3fbc659e8ddbbc5e4d880
32,1,30388140,1,9,107,BankScope 소상공인 대출,6782b7844f54fe055ef05aa3
30,0,12117049,0,8,102,BankScope 주택 마련 적금,12e3d1527d4b6b1738c728b4
36,0,21644774,1,7,105,BankScope 주택담보대출,8dcb7c9b481b33dd6e6c5548
37,0,3813781,0,33,100,BankScope 자유적금,8562f05d827010f09edb865e
24,0,7037927,1,30,104,BankScope 신용대출,80212dcebc1d932abb3756d8
28,0,4347734,1,25,104,BankScope 신용대출,8947ad501670e2049683414c
30,0,3955484,1,34,104,BankScope 신용대출,7a5b52883fa0f822e64f3a45
34,1,29796509,1,11,107,BankScope 소상공인 대출,228822081987450870126976
49,0,55909754,0,8,97,BankScope 정기예금,779d7950a335dc8afdcc5bc3
28,0,3225645,1,17,101,BankScope 청년 희망적금,4831fd22a71c44a84f81515a
26,0,6744594,0,21,106,BankScope 전세자금대출,3e777bad41612f4302f8246c
26,0,2917631,0,14,101,BankScope 청년 희망적금,34671b46681abd0212b15ce9
46,0,32760642,0,9,97,BankScope 정기예금,13e3a8ba0f24ed753a8bccbc
36,0,18932085,1,10,105,BankScope 주택담보대출,56f3005a14f392eb66fa87b1
26,0,7425461,0,6,111,BankScope 단기 정기예금,fc9634bf176496213883d289
60,0,4582233,0,8,111,BankScope 단기 정기예금,16ab03eb4d4605f5da210020
65,0,16009972,1,13,111,BankScope 단기 정기예금,91a623396f6c581bc169b4c6
34,0,15989622,0,10,111,BankScope 단기 정기예금,c60ef0f5c6f5fe3e01cb57b9
65,0,2269290,1,5,111,BankScope 단기 정기예금,a7777e57fb9483aeeecadf2c
43,1,39982353,0,10,111,BankScope 단기 정기예금,99f176517955a0c1b38b5bf4
29,0,1854746,0,4,111,BankScope 단기 정기예금,5596b1ae25f7f6b382c4afbc
30,0,53930752,1,11,111,BankScope 단기 정기예금,a8f6fe606c772875f4c3fca8
77,1,57395662,0,8,111,BankScope 단기 정기예금,0f5dff19763eebb76abcdb86
26,0,48973948,0,7,111,BankScope 단기 정기예금,871e480aabbdf59a857bc155
48,0,38879105,1,7,111,BankScope 단기 정기예금,e4f9300fc65ed66ac670b92f
60,0,27443696,0,8,111,BankScope 단기 정기예금,9fe68ab384b0ff484bdc36bf
74,1,32019124,0,11,111,BankScope 단기 정기예금,7f692dd3384b109834088b10
26,0,7631017,0,8,111,BankScope 단기 정기예금,e0ecc7a9a25815dd7a61be73
73,0,2202392,0,10,111,BankScope 단기 정기예금,6b39ed31e3b0c8eae680b7bf
54,0,9695573,0,9,111,BankScope 단기 정기예금,a25647ddcb9eb1ed9083eaad
63,1,2887351,0,9,111,BankScope 단기 정기예금,1d17c2f16726b7c5b3aec0e6
68,0,33516942,0,9,111,BankScope 단기 정기예금,5ae9f77f532110cb158b1533
77,0,985630,1,9,111,BankScope 단기 정기예금,9d67ec6220d573d256bb32c2
48,1,119180647,0,6,111,BankScope 단기 정기예금,37f0e42608a2ecd2ba90c35a
27,0,11634891,0,8,111,BankScope 단기 정기예금,b7c4d9335c7b4c47d340a02e
25,0,92982460,0,7,111,BankScope 단기 정기예금,d76db40b0a33c4edb47a0ae2
37,0,21994668,0,11,111,BankScope 단기 정기예금,ecb77e4f51c9c8b6124744fd
65,0,60967043,0,8,111,BankScope 단기 정기예금,ce1175babba81136e111081d
33,0,16726701,0,12,111,BankScope 단기 정기예금,7e15f52a6bd9ebc864cd8c68
45,0,21966131,0,12,111,BankScope 단기 정기예금,8661269b0c0cabf0511c31e7
64,0,43521436,0,5,111,BankScope 단기 정기예금,8ffd541bc5a18587bb531245
40,0,6127824,1,9,111,BankScope 단기 정기예금,fe545102b6444791b969b3af
72,0,3537890,0,6,111,BankScope 단기 정기예금,f9a1e78995c8ac154c292765
52,1,53610960,1,10,111,BankScope 단기 정기예금,1c6c39dde9ec6d5ea53bb39f
62,1,13813683,0,5,111,BankScope 단기 정기예금,6e5907f8916bf3a5cce55e77
71,1,817686,1,7,111,BankScope 단기 정기예금,48267d76cd1aa89d3e85d433
61,0,6734338,0,4,111,BankScope 단기 정기예금,6d00523a59fcaf149468dea8
69,0,6843669,0,10,111,BankScope 단기 정기예금,16f07b228ea3c6c68bd2b8b5
42,0,2679732,1,6,111,BankScope 단기 정기예금,cfaa915ea6bfa4775ab99ecc
34,0,57306610,0,7,111,BankScope 단기 정기예금,f0a67d57cf00516805177212
57,0,4417737,0,12,111,BankScope 단기 정기예금,725b0410e2641a8d735afd3f
46,1,15181248,1,9,111,BankScope 단기 정기예금,99ff7810b7495167858321d9
72,0,1059000,0,12,111,BankScope 단기 정기예금,5b2a4ef6a330043eebfbe493
66,0,22267268,1,2,111,BankScope 단기 정기예금,a1c26b54857961dfc5ce95d0
60,1,55528226,0,9,111,BankScope 단기 정기예금,e9b0abc2fd296bbbbfde56b4
44,0,15167771,0,12,111,BankScope 단기 정기예금,d718b72e7329655e8d6ccf3c
47,0,20469214,0,12,111,BankScope 단기 정기예금,8b62f12e7cf6584768a9af31
51,1,37053302,0,6,111,BankScope 단기 정기예금,cb9c13476bc1efead245c363
75,0,25687371,0,13,111,BankScope 단기 정기예금,52b566d7ba0410f156d46feb
30,0,4453168,0,7,111,BankScope 단기 정기예금,4abb8e66d7d628531c929bf0
37,0,805566,1,7,111,BankScope 단기 정기예금,fc548ab5368668279c45b090
57,1,77409873,1,10,111,BankScope 단기 정기예금,6fc1112fe6418f5f094422d0
78,0,16444585,1,10,111,BankScope 단기 정기예금,fc450fa6714d743b7951adcc
52,0,30019311,1,12,111,BankScope 단기 정기예금,55b21b19a69958cd559b9bd6
26,1,10980967,0,6,111,BankScope 단기 정기예금,39820f5baacbbd0032ad3ac4
69,0,9670257,0,10,111,BankScope 단기 정기예금,363bb5bc9e99c6e00c46149f
36,0,4099625,1,5,111,BankScope 단기 정기예금,f68cf1d24a6000b1fdf95ee9
75,0,38760434,1,8,111,BankScope 단기 정기예금,ca8a018ccbb4465b32bbff88
36,0,35355343,0,6,111,BankScope 단기 정기예금,0c011d2facc236f4e7c53f12
54,0,2237297,1,9,111,BankScope 단기 정기예금,2ff521be1de36137ce447ad5
56,0,12846261,0,12,111,BankScope 단기 정기예금,52f8216530d4a3c3f9091d47
74,0,19588858,0,6,111,BankScope 단기 정기예금,a9370f3f5330cfbd93465ba4
66,1,51237218,0,5,111,BankScope 단기 정기예금,8dad2813b3ea9411efda6b99
58,1,7918792,1,11,111,BankScope 단기 정기예금,cc3cf34b38b8de8bb5e80140
37,0,15289971,0,5,111,BankScope 단기 정기예금,f94a2c8653bca88862786452
38,0,10462776,0,7,111,BankScope 단기 정기예금,b7744257a88a4f1063edbf03
37,1,4596308,0,8,111,BankScope 단기 정기예금,3d4a25d4f541d9ca0d9ec25e
60,1,11884025,0,1,111,BankScope 단기 정기예금,3021736b524b6d49f468dc7e
49,1,1366040,0,6,111,BankScope 단기 정기예금,08da49f747c59bc298fd0d35
65,0,42900307,0,8,111,BankScope 단기 정기예금,dbb4a91acb312f2369ee329b
34,0,34423344,0,5,111,BankScope 단기 정기예금,9bc1c7f5046863843e7d49af
75,1,9782969,1,6,111,BankScope 단기 정기예금,1a9591dd96ea24245e5e0250
65,0,11069639,0,4,111,BankScope 단기 정기예금,2697e6edb72a689325c073d7
36,0,14179758,0,8,111,BankScope 단기 정기예금,4570ba7ef0be9aed20fd9e48
25,0,30831580,1,11,111,BankScope 단기 정기예금,479224d112b3c49e5c2263bd
48,0,85418200,0,7,111,BankScope 단기 정기예금,bbf32bad3da54afe94524897
36,0,3612219,0,5,111,BankScope 단기 정기예금,3c7822e80da92817f38edd26
60,0,41651412,0,9,111,BankScope 단기 정기예금,f3cb49464e909da674c37171
75,0,5461935,0,7,111,BankScope 단기 정기예금,cda3d1b4bdaf8e8e00534b82
73,0,42952037,0,7,111,BankScope 단기 정기예금,a5857010408293b67e2f90bb
63,1,3865972,0,11,111,BankScope 단기 정기예금,9c353f46ead59e6a4bdd39f5
73,1,16167108,0,8,111,BankScope 단기 정기예금,d6528505988a214eef51e882
27,0,25068798,0,7,111,BankScope 단기 정기예금,8d60dbdf9b7252ffecf7a8db
67,0,25285029,0,7,111,BankScope 단기 정기예금,0c4b93c74d4545020d3edf9c
44,0,15846276,1,5,111,BankScope 단기 정기예금,f973f9dc48bbdcdfa77a5b22
43,0,106489252,0,6,111,BankScope 단기 정기예금,062e06dd3824f143973cbfac
65,0,20169624,1,8,111,BankScope 단기 정기예금,369296e67ccd02fb4d99daf9
52,1,33559366,0,8,111,BankScope 단기 정기예금,b878c64dc1a35dde12907d60
60,0,5021256,0,7,111,BankScope 단기 정기예금,92558f4fe4848d1d56ff6c82
70,0,2084741,1,10,111,BankScope 단기 정기예금,1961850b61214c65f0a50a5e
78,0,23769867,1,9,111,BankScope 단기 정기예금,595c47581ff0bd7720908e84
54,0,15979886,0,10,111,BankScope 단기 정기예금,fc2ea07452d3e69b41ae7584
46,0,4270741,1,6,111,BankScope 단기 정기예금,77a8358ba89408b49b488e3e
66,0,3678892,0,7,111,BankScope 단기 정기예금,6df5fa5cf7122bc3e6e11b22
69,0,53979018,0,8,111,BankScope 단기 정기예금,08f17d1e500802d8b34daa2e
61,0,575216,0,6,111,BankScope 단기 정기예금,09ca4863d6cb2b47a61d3a52
58,0,9058057,0,7,111,BankScope 단기 정기예금,a23c927e483d7bdb1907322a
70,1,136335,0,12,111,BankScope 단기 정기예금,ab10b2ddaedc609be136e899
54,1,6726080,0,5,111,BankScope 단기 정기예금,a75028c186e7e8285e6469ba
56,0,35875734,0,8,111,BankScope 단기 정기예금,56b162504b0f48ce6655218d
36,1,6266567,0,11,111,BankScope 단기 정기예금,cd7ceae22e2272ddd2815903
55,0,7050423,0,11,111,BankScope 단기 정기예금,e04539c771e9e2778c131008
36,0,9442334,0,9,111,BankScope 단기 정기예금,e0ab9ce69cefe5299bb13560
69,0,24904319,0,5,111,BankScope 단기 정기예금,6d100160ea01d1836f1fdc52
61,0,4930250,0,7,111,BankScope 단기 정기예금,9e7fff31c6bbf8887076fbaa
66,0,12218286,0,4,111,BankScope 단기 정기예금,7831dc583afa48f0d2ae6968
48,0,573363,1,10,111,BankScope 단기 정기예금,7df9664c0c7a646c4a06fd9b
79,0,10624223,1,13,111,BankScope 단기 정기예금,6c00d09d3100a13dac1e8d22
55,0,1211310,0,9,111,BankScope 단기 정기예금,989d2222922f5faf0c030351
52,1,7828047,0,12,111,BankScope 단기 정기예금,751f592a98fc397428a4ad18
62,0,2136504,1,8,111,BankScope 단기 정기예금,9b8d16197b8c0672edb77237
48,1,73041807,0,15,111,BankScope 단기 정기예금,671ab18b49d9b6bfaacfa099
67,0,304345,0,14,111,BankScope 단기 정기예금,716023fcb04215617b66d6d7
52,0,18505206,0,10,111,BankScope 단기 정기예금,ecfb1e3c6715e9eafea59618
62,0,1639378,0,7,111,BankScope 단기 정기예금,0255cac9bd50d1406afe65e7
57,0,9459423,1,6,111,BankScope 단기 정기예금,946a480bed117040ddd3ced3
28,1,31447463,1,7,111,BankScope 단기 정기예금,2ad747bb66bdde3c0e41e3f4
32,0,6291693,0,6,111,BankScope 단기 정기예금,d7c5f9e9dc1bb71ac82e97c2
53,1,37559649,0,10,111,BankScope 단기 정기예금,6be4ead3b480a6302faea7f6
70,0,12466998,0,6,111,BankScope 단기 정기예금,9a64a54ab53fc6aeef3db84c
66,0,3172454,0,4,111,BankScope 단기 정기예금,c764f02620348aece7a6ff1a
30,0,5347453,0,7,111,BankScope 단기 정기예금,38551e2c026268759a0d44d8
70,0,11977603,0,9,111,BankScope 단기 정기예금,895147aeb3598adb33c33da0
64,0,41057743,1,9,111,BankScope 단기 정기예금,b981e6ab0a6c2bc64d09803f
73,0,2905935,0,6,111,BankScope 단기 정기예금,984f7ee604a59abb74f9e1c4
39,0,4349467,0,9,111,BankScope 단기 정기예금,7c76bfa4e9e817eaedcb1e41
59,0,14366096,0,3,111,BankScope 단기 정기예금,c1607d2522472997a9177ffe
60,0,32775014,0,11,111,BankScope 단기 정기예금,d8ca03ab19ca7f5c46c2cc79
77,0,30815360,0,10,111,BankScope 단기 정기예금,fa53f2cc5a06efa8818fba83
57,1,22145932,0,12,111,BankScope 단기 정기예금,f8b3278b3a16348f727097dd
65,0,3631929,1,6,111,BankScope 단기 정기예금,b10e90b5ab457395d21512a5
52,1,20388508,0,8,111,BankScope 단기 정기예금,70dbb12bc4466dfc9c6ae99a
25,0,32348626,0,7,111,BankScope 단기 정기예금,172f84b7db73249453d24e3e
39,0,17782115,0,15,111,BankScope 단기 정기예금,9d6db47d1fb968904a8102a7
66,1,18626613,1,7,111,BankScope 단기 정기예금,56b08f7c85c799b18193c2fa
57,0,44545505,0,10,111,BankScope 단기 정기예금,1a529f6def22d193b467f02d
61,0,886601,0,5,111,BankScope 단기 정기예금,9f7a145e28de61a07ca4e8fe
52,0,2235926,0,8,111,BankScope 단기 정기예금,880511064fd60c463fd4eeb9
42,1,35761117,0,10,111,BankScope 단기 정기예금,eca42a9d8444ce9ac25f6638
38,0,7681895,0,9,111,BankScope 단기 정기예금,b444f35c41b6e5da6c14f74e
73,1,17446695,1,8,111,BankScope 단기 정기예금,851139968d9b18d2c562d4bf
50,0,9002504,1,5,111,BankScope 단기 정기예금,442de11ce5fb9ed80d2e652d
75,0,8515972,0,9,111,BankScope 단기 정기예금,8f4ef5c4ee6159117cd64194
35,0,26096800,0,8,111,BankScope 단기 정기예금,18f3bcaf283bd01f80756ff5
56,0,6385135,0,4,111,BankScope 단기 정기예금,fb4458646369225c86548af5
51,0,14427758,0,6,111,BankScope 단기 정기예금,2ef4ac9ede4a9ba975cfd15d
47,0,32638100,1,5,111,BankScope 단기 정기예금,8b0ea0a5859b62c24e572f0a
35,0,79797494,0,13,111,BankScope 단기 정기예금,20e047051d01896be7f7b5c9
69,0,892500,1,10,111,BankScope 단기 정기예금,a3f372ef71e5843488f4df61
58,0,12427613,1,7,111,BankScope 단기 정기예금,aa75e6eb684323e2ee1fc4ba
77,0,16614837,0,6,111,BankScope 단기 정기예금,785fbe2ce48318c58722d2f5
75,0,4137037,0,11,111,BankScope 단기 정기예금,e073d93548b2cbe9d98006fe
63,1,18386226,0,7,111,BankScope 단기 정기예금,89d2721376ea35baa72c7a0d
43,0,22413575,0,4,111,BankScope 단기 정기예금,b95b5e372f27ba372c3a3073
38,0,40308100,0,5,111,BankScope 단기 정기예금,ef6664c1fd42b4a1df0f028a
52,0,43488872,0,3,111,BankScope 단기 정기예금,45e2c464c2c9d428c0ef3f43
27,0,29384635,1,10,111,BankScope 단기 정기예금,700c5884a8640524de2293d3
64,1,11117440,0,10,111,BankScope 단기 정기예금,2b3cacbc9e588bd1982d8bcb
59,0,19751850,0,7,111,BankScope 단기 정기예금,7aac4438a2ac1708095e0240
28,0,16336930,0,15,111,BankScope 단기 정기예금,d0d80035b6b726c92dcc90f8
40,0,721857,1,12,111,BankScope 단기 정기예금,179c1808c35e864e04901933
55,1,2305969,0,9,111,BankScope 단기 정기예금,7ec892f265cb1f42f0671409
54,1,41446990,0,8,111,BankScope 단기 정기예금,5a40e4397ca80aa7ce307c43
35,0,10147227,0,4,111,BankScope 단기 정기예금,8dfc8f24242189762bff3d63
59,0,11703034,1,11,111,BankScope 단기 정기예금,f89cabf3dbfa2ed9337b235e
51,0,16337972,0,9,111,BankScope 단기 정기예금,7cd3304e828123e0fdd9748c
31,0,5402853,0,8,111,BankScope 단기 정기예금,476960424490ff1b81e891f8
58,0,23329844,0,10,111,BankScope 단기 정기예금,eeb18262d19d94bd6e5026cc
36,0,16538119,1,7,111,BankScope 단기 정기예금,492419f3d97708456216265b
55,0,1031672,0,10,111,BankScope 단기 정기예금,933d5a22c2085e9c98d897f4
31,0,25690566,0,7,111,BankScope 단기 정기예금,916e37c9d083ae15dd06e58d
40,0,15733377,0,7,111,BankScope 단기 정기예금,61e56e6aa193ceaf85288f15
56,0,15245964,1,7,111,BankScope 단기 정기예금,ab11101b3522276c5dbaab4e
28,1,100485909,0,10,111,BankScope 단기 정기예금,c5c459fd07af67de35736500
36,0,4619310,0,9,111,BankScope 단기 정기예금,968983a0a3eff3ef8ef37f45
53,0,7798475,0,7,111,BankScope 단기 정기예금,ed825f056e08eb7ac5de77af
31,0,22795536,0,9,111,BankScope 단기 정기예금,834dfd64d220fad6fc3d3629
32,0,6071336,0,9,111,BankScope 단기 정기예금,8ea374f9cd9094b266654f8e
77,1,67017697,0,7,111,BankScope 단기 정기예금,41a467237ff2ce4cc85ae69d
45,0,33974265,0,16,111,BankScope 단기 정기예금,4d2bea5f8a6f1c1ec680b584
66,1,7017186,0,7,111,BankScope 단기 정기예금,bac7eaacef77b3492fddae28
50,0,62869810,0,7,111,BankScope 단기 정기예금,3e8349ab1d39d9ffbd4aedfe
59,0,23364769,0,13,111,BankScope 단기 정기예금,09d77b294567e689ed6d6c49
32,0,10257288,0,8,111,BankScope 단기 정기예금,f57306a98249e910a2e5989c
46,0,65912457,0,5,111,BankScope 단기 정기예금,65b7df0d0d61ff3ca079c3e9
30,0,6152224,1,8,111,BankScope 단기 정기예금,788256de9ac17ab4f36b1760
55,0,28881826,0,9,111,BankScope 단기 정기예금,505499bebb1fbb34fb91ff1e
26,0,20011998,1,4,111,BankScope 단기 정기예금,566afe267478f3123ffaa55d
46,0,30028739,0,9,111,BankScope 단기 정기예금,3be018bfa75a57a4d7ea79c2
73,1,12727834,1,7,111,BankScope 단기 정기예금,77d3bbad2d74fa993bd045d3
59,0,14601430,0,8,111,BankScope 단기 정기예금,abeecc8c4711fc8f210934f6
64,0,281052,0,7,111,BankScope 단기 정기예금,eb995ded540d76f3d9a459e9
25,0,29159057,0,5,111,BankScope 단기 정기예금,7e4a53b102c349fe6580aa72
31,0,1589283,0,10,111,BankScope 단기 정기예금,905f2f4877ae27310504fe25
48,0,9297336,0,11,111,BankScope 단기 정기예금,407b6c8b378de0637e3c290f
43,0,9072787,0,12,111,BankScope 단기 정기예금,ea09eca7e6cddb39a855739f
33,1,49460771,0,8,111,BankScope 단기 정기예금,b7b12bf9af929ad2760df788
47,0,4443787,1,6,111,BankScope 단기 정기예금,07680ec42fe0f67df3078147
52,0,50192784,0,6,111,BankScope 단기 정기예금,cb9fdc90a837678c32e976fc
29,0,2420202,0,8,111,BankScope 단기 정기예금,8495dc4b0942b6f2363661e8
75,0,27548029,0,13,111,BankScope 단기 정기예금,ce621b810bf8988fd8f8b622
78,0,3155677,1,10,111,BankScope 단기 정기예금,f29d87e4499b8b06244c8260
70,0,41181401,0,10,111,BankScope 단기 정기예금,e256e4ec4239d0006829b731
40,0,23046564,0,8,111,BankScope 단기 정기예금,e4eb0c66f1a735774ffb07a4
57,0,63708047,1,14,111,BankScope 단기 정기예금,1573e1f46d8cb75beca55277
26,0,1314195,0,5,111,BankScope 단기 정기예금,67fb6e35adb8dacc99f7c0aa
48,1,5719893,0,8,111,BankScope 단기 정기예금,59836d020f13ea57c40e767c
41,1,15629076,1,9,111,BankScope 단기 정기예금,e8dd0902065dc653da60a496
46,0,4876177,0,11,111,BankScope 단기 정기예금,ec8c521e90dee1098bf79edc
36,0,3447425,0,12,111,BankScope 단기 정기예금,3d9d6b7150091b4649acf177
28,0,37479314,1,6,111,BankScope 단기 정기예금,637f48f819bb4005f8b927b2
78,0,24070858,0,5,111,BankScope 단기 정기예금,717d61387674e434a7582ff8
55,0,6383514,1,9,111,BankScope 단기 정기예금,619d8dda3c2c1308904efd97
44,0,9837970,0,5,111,BankScope 단기 정기예금,c013bb945f48dfb377e5aa60
58,0,30275853,0,9,111,BankScope 단기 정기예금,6be9c5c4db634c299f907e45
35,0,18015794,0,8,111,BankScope 단기 정기예금,8bfcbc6345f0a2d35200c7f0
39,0,11232370,0,5,111,BankScope 단기 정기예금,dad6018f21f07e65d6d4e1a6
56,0,31363284,0,13,111,BankScope 단기 정기예금,08d43bcf7ec09435ea3710cf
30,0,1419540,0,5,111,BankScope 단기 정기예금,e3a887b60a615196387f9778
54,0,9115732,0,8,111,BankScope 단기 정기예금,3932025318694285634f306e
35,0,12298234,0,14,111,BankScope 단기 정기예금,8198c6e8faa38e4bc825c351
41,0,35904535,0,0,111,BankScope 단기 정기예금,f518b3549bcd3d73ddede945
73,0,14810547,0,7,111,BankScope 단기 정기예금,a9291d682855fc13a82cbd3c
48,0,56456132,1,7,111,BankScope 단기 정기예금,812a667d1c3af4170a358a18
25,0,1605645,0,10,111,BankScope 단기 정기예금,0ed6cf909f70c52cb2c43264
32,0,146020271,0,3,111,BankScope 단기 정기예금,f165dd37d5d00b42c1dd9bee
48,0,91635167,0,5,111,BankScope 단기 정기예금,b27f5627446dceb8706ba607
61,0,33096404,0,8,111,BankScope 단기 정기예금,b2b6d75f42dec09baf52e08e
72,1,41645751,0,4,111,BankScope 단기 정기예금,8af6659e56bb7d2f5807f93d
73,0,40184713,0,7,111,BankScope 단기 정기예금,278dafeacc572e2141ce3593
66,0,3276920,0,5,111,BankScope 단기 정기예금,2e02f9497d63ce9a0b74df1b
50,1,52965754,1,10,111,BankScope 단기 정기예금,281e9fb5d96141f33d17d7cf
39,0,22517382,0,8,111,BankScope 단기 정기예금,7169ce5c936fde8a0c00c815
49,0,18181038,1,9,111,BankScope 단기 정기예금,a7ccd71edb26871fa1cb4741
43,0,89931865,0,15,111,BankScope 단기 정기예금,5e907d84e0bfacf554c74e05
25,0,5866224,1,7,111,BankScope 단기 정기예금,6951e3ae595ed6962665a909
34,0,99268034,0,6,111,BankScope 단기 정기예금,a09ea1e3e3c80ddc1ec99fc5
71,0,110193610,1,10,111,BankScope 단기 정기예금,bef8406d94f34b34c63f9d17
26,0,50169147,0,3,111,BankScope 단기 정기예금,9ed1ac0298e1a1981c616c7c
37,0,5706915,0,7,111,BankScope 단기 정기예금,7e40d54ed23d8d490f040056
49,0,176664,0,5,111,BankScope 단기 정기예금,b0eebfe018b49519853592a0
56,1,11114711,0,9,111,BankScope 단기 정기예금,640dfb6f798e6a939ce42ca7
64,0,49079637,1,7,111,BankScope 단기 정기예금,d8cebc80c3dd7c541bd166d0
62,0,31262532,0,13,111,BankScope 단기 정기예금,c58ebaab9b226815706cf6c3
43,0,5392922,0,8,111,BankScope 단기 정기예금,82d8ed7e4e26350ba308012e
27,0,8744902,0,10,111,BankScope 단기 정기예금,4ac93ebff180336dc981094d
76,0,13869725,0,11,111,BankScope 단기 정기예금,200c4479fb5ee28439b9742c
55,0,10040408,0,4,111,BankScope 단기 정기예금,f69bc2ee5b85ac26721b109a
41,0,50062317,0,9,111,BankScope 단기 정기예금,816171739cf36e0d8a5aaded
79,0,11020493,0,12,111,BankScope 단기 정기예금,e1ed028f1632dda45772f95d
54,0,6523284,0,11,111,BankScope 단기 정기예금,0f147bd125978979654078a1
59,1,12398365,0,9,111,BankScope 단기 정기예금,7eba8f557802b9752bf7436b
43,0,18709919,0,12,111,BankScope 단기 정기예금,5731fbbef332477aee010d0d
30,1,15125377,0,5,111,BankScope 단기 정기예금,54165f8d8c549acd3773cb1c
26,0,39544620,0,10,111,BankScope 단기 정기예금,76956077af9320fa4e4c2f0c
71,0,7421620,1,11,111,BankScope 단기 정기예금,066861a9a0f59c132abc51b0
62,0,69208478,0,9,111,BankScope 단기 정기예금,c4c56ff06a0aba63973574d9
53,0,29198035,0,11,111,BankScope 단기 정기예금,631aa92c785a77a5b607c4ff
31,0,7369765,0,8,111,BankScope 단기 정기예금,fc3d3ead63824c33af53118c
30,0,23861721,0,10,111,BankScope 단기 정기예금,ae2ae73b8a0110c4234fbdfa
29,1,119994801,1,4,111,BankScope 단기 정기예금,7aa1556ce09607463181ca25
60,0,53916185,0,10,111,BankScope 단기 정기예금,c9ee3fd15f530a35d128f43f
58,1,22817603,0,11,111,BankScope 단기 정기예금,66fe8f92e322ff6dfc3cb230
50,0,3864064,0,7,111,BankScope 단기 정기예금,225519183f54fd6deea8bc26
29,0,5987176,0,7,111,BankScope 단기 정기예금,0e1fc53e8e635e45786a2f89
67,0,9529582,0,9,111,BankScope 단기 정기예금,1e6037d99226aabfffae2525
38,0,20180407,1,10,111,BankScope 단기 정기예금,29ea1233e5d03810521f1c24
54,0,14555012,1,13,111,BankScope 단기 정기예금,f4f49502c33722525c76bb98
37,0,9987706,0,9,111,BankScope 단기 정기예금,ae974eef9648be1d942709ba
33,1,7401246,0,5,111,BankScope 단기 정기예금,48cae356678ef98dc5b3ed5a
71,1,3241850,0,16,111,BankScope 단기 정기예금,1380f84214818af9d4c6f1a0
39,0,27415568,0,2,111,BankScope 단기 정기예금,8ea366e71d4aba650251df6d
44,0,6077611,0,14,111,BankScope 단기 정기예금,a6501714ef89f5b07516078b
38,1,2130694,0,7,111,BankScope 단기 정기예금,3cc7b529e90b011555875734
72,0,5815348,0,4,111,BankScope 단기 정기예금,282e943ebad918fb137f0b1c
46,0,2234389,0,9,111,BankScope 단기 정기예금,893098b02b71552d950d324d
67,0,32183012,0,4,111,BankScope 단기 정기예금,5c8c53a2c91a8f61c7d27346
36,0,5817524,0,15,111,BankScope 단기 정기예금,afedcfefcfa60939c35aae2e
46,1,3111629,0,9,111,BankScope 단기 정기예금,2769ae173dc03d18d230d931
63,0,6500736,0,7,111,BankScope 단기 정기예금,e464fa718d527031199ab3d5
64,0,52312326,1,6,111,BankScope 단기 정기예금,554e39aaddf3a77fbb6310b6
50,1,18958752,0,8,111,BankScope 단기 정기예금,e05850f2c5eb881de4a4a267
31,0,34223415,0,12,111,BankScope 단기 정기예금,783ac16ce6fbcd640f07bc13
52,0,48717653,0,5,111,BankScope 단기 정기예금,f8c78f826cbae855639f53c7
58,0,42920348,0,6,111,BankScope 단기 정기예금,bcf188e1adc88ee4937fb7f5
65,0,28175210,0,8,111,BankScope 단기 정기예금,cfbba3115799434ba0e3e86b
65,1,10206588,0,11,111,BankScope 단기 정기예금,803ce7b115460f5ebc92982b
29,0,16435530,1,10,111,BankScope 단기 정기예금,b9ba1941db704f077aaf4cee
59,0,8137023,0,4,111,BankScope 단기 정기예금,6156d588053e416d5338942b
59,0,6871234,0,10,111,BankScope 단기 정기예금,376410122ef868b377d28714
63,0,14852110,0,6,111,BankScope 단기 정기예금,51f1053d26b1ef9747d2fd3b
26,1,3819360,0,4,111,BankScope 단기 정기예금,b3bc9bfc09048e5c53012bd1
41,0,39169453,1,10,111,BankScope 단기 정기예금,281ffef309ef6548f7ff982f
31,0,14230031,0,8,111,BankScope 단기 정기예금,0f50c00527e21b5441f43068
25,0,45228230,0,9,111,BankScope 단기 정기예금,ab24e3810df5e7acf4afc918
46,0,2387495,0,10,111,BankScope 단기 정기예금,d672befd0fe98ca952b5515d
69,1,3505647,0,9,111,BankScope 단기 정기예금,00f524b512bddedf4c4fd5e4
26,0,11971424,1,10,111,BankScope 단기 정기예금,8cfc83e50db1691555831e64
28,0,19735928,1,6,111,BankScope 단기 정기예금,4b4d96a6e291eae93a26337f
56,0,21111880,0,10,111,BankScope 단기 정기예금,b7216f3ef99d683d7d726fcc
30,1,47518041,1,12,111,BankScope 단기 정기예금,4e383670e45bc39b7d5a4474
34,0,34822212,0,0,111,BankScope 단기 정기예금,08f00c82bdf9da659aa2124b
77,0,24190258,0,11,111,BankScope 단기 정기예금,2f06d5a57176c99c3414117a
58,0,15183519,0,10,111,BankScope 단기 정기예금,27cbc8092fec181a81f68d2e
28,0,2357674,0,13,112,BankScope 목표 적금,ae5bbc03ae6632dd6afbbb5a
54,0,5617326,1,9,112,BankScope 목표 적금,cb79ccc00278b167507de12d
29,0,10133713,0,16,112,BankScope 목표 적금,0b118262e9131c5e86f27c31
40,0,8874026,0,16,112,BankScope 목표 적금,8ecae02310b6c008bd83c69d
25,0,1220950,0,10,112,BankScope 목표 적금,09f6de6d7990f702634fb4ca
42,0,661377,1,11,112,BankScope 목표 적금,e37360daf087f2eba327498c
41,0,25126025,1,13,112,BankScope 목표 적금,8b252d9a5d53230420bb4b68
28,1,385090,0,14,112,BankScope 목표 적금,fdcccba30df70d21fc9118a7
28,0,12808291,1,12,112,BankScope 목표 적금,902d8de91183d1620e5be3fc
44,0,9422673,0,11,112,BankScope 목표 적금,633db2dd03a5f920c64a3ff5
21,0,9372523,0,14,112,BankScope 목표 적금,97eb6fb48307432a7da03fb7
24,0,5791756,1,9,112,BankScope 목표 적금,d6d17e60176482af157ba87d
43,1,7461942,0,17,112,BankScope 목표 적금,bc76737dedd9431cb918bb05
35,0,3141091,0,17,112,BankScope 목표 적금,5c6679e11da6da73df54bd84
42,0,3119890,0,12,112,BankScope 목표 적금,d7af4f0ddb8197566a7cf21f
52,1,3772621,1,12,112,BankScope 목표 적금,e26c270fb06fd398688faa62
38,1,1682392,0,19,112,BankScope 목표 적금,0a67edf55684209f8acf3bde
52,0,9391888,0,13,112,BankScope 목표 적금,159ed21d29f298ba819c97ae
22,0,22446851,0,7,112,BankScope 목표 적금,2d021040a8d9074a3d10cf8f
46,0,14706773,0,8,112,BankScope 목표 적금,a3c1cd24609d082920a064d3
24,0,11851483,0,15,112,BankScope 목표 적금,c9dd51ccea83300fdb1ca95c
21,0,7077903,0,16,112,BankScope 목표 적금,dd0b7de02e0e340372bcb874
28,0,19486888,0,9,112,BankScope 목표 적금,03d6babeadaac3512fb66793
46,0,14414898,1,9,112,BankScope 목표 적금,b7eaa2385d9f7b3261942333
43,0,916987,0,10,112,BankScope 목표 적금,8da6ef90d368e4fae214bfef
29,0,3697699,0,12,112,BankScope 목표 적금,ada31ec27fc0bcd55a37147f
49,0,1881250,1,7,112,BankScope 목표 적금,d4af3d5917a00fba017f3eae
24,0,6670478,1,13,112,BankScope 목표 적금,0a5b21f9e2594c89015a6306
28,1,3521939,0,15,112,BankScope 목표 적금,b0a96aa9446026fb27d06dde
43,0,13936303,0,9,112,BankScope 목표 적금,aa445bcd794c9bdc3baf0f95
37,1,4488719,0,8,112,BankScope 목표 적금,360abcca2c25c70e0c2f216d
20,1,3818196,1,16,112,BankScope 목표 적금,8c0aabf7252acfd19a0c7bae
36,0,10862473,0,17,112,BankScope 목표 적금,ae448e9084ab8925b400d2ed
33,0,11301015,0,13,112,BankScope 목표 적금,0d65573cd9784f801f70de3b
51,0,542952,1,11,112,BankScope 목표 적금,245fed405c04796996c58cfc
33,0,1965222,0,14,112,BankScope 목표 적금,86318fc362e8e472a7f20145
38,0,10237821,1,10,112,BankScope 목표 적금,09beec7d515afb5d32821730
22,0,6733184,0,13,112,BankScope 목표 적금,1741ed567853171ccf29a128
48,0,7956953,0,12,112,BankScope 목표 적금,b329f8941b0e08e578648e20
43,0,8497192,1,12,112,BankScope 목표 적금,04143dfbb6162b756682ef37
47,0,6930461,0,13,112,BankScope 목표 적금,e8cfc9de6b5913ee1a6e5ce5
48,0,2126799,0,14,112,BankScope 목표 적금,f8594408ee79d2a0fa535377
31,0,26276358,0,18,112,BankScope 목표 적금,b2d551e2d38d2c025c212fe6
40,0,13200508,0,9,112,BankScope 목표 적금,ebf17194e68981ddcfa6efc2
36,0,2806854,0,19,112,BankScope 목표 적금,1cc0f13ad6af307d7f4b5aa8
54,1,10904238,0,11,112,BankScope 목표 적금,62135dcb5b6458efbfd78ceb
45,0,6022711,0,16,112,BankScope 목표 적금,17a827b103a792bb02959050
37,1,24772807,0,12,112,BankScope 목표 적금,b29aee5b0e94bb8b6408f5e6
54,0,2241614,0,14,112,BankScope 목표 적금,da7cfb867f4c8ed1b01a7e9a
31,0,1334718,0,11,112,BankScope 목표 적금,bfde8ba40ed7e91c499d0f1d
54,1,9373361,0,8,112,BankScope 목표 적금,8c8fda0996b0995027f268c1
41,0,5188502,0,15,112,BankScope 목표 적금,6d120c67f512155ea5c10d09
53,0,5592523,0,11,112,BankScope 목표 적금,a762bb2aa2bbdbd7be7fb2f6
38,0,3933301,0,9,112,BankScope 목표 적금,138a8b7ba2ad41d6b3c6a961
39,0,15776996,0,8,112,BankScope 목표 적금,085b5f81668062b6db7314c5
51,0,10520726,0,14,112,BankScope 목표 적금,d6852f934273ec4ec86db1a3
49,0,4074226,1,6,112,BankScope 목표 적금,fd6899c3bc8c3841983fef59
25,0,4268345,0,20,112,BankScope 목표 적금,fae16ebe4c4764272b53646f
31,0,9985812,0,11,112,BankScope 목표 적금,d442bf8aa17a30876ba44c1d
47,0,1508309,0,14,112,BankScope 목표 적금,65b2bee63b1914bef69ef706
38,0,1291099,1,10,112,BankScope 목표 적금,38489aa06ed0bddceecdd2ac
34,0,4212791,0,16,112,BankScope 목표 적금,e9c79093e816b1697d58ca50
20,0,2546548,0,16,112,BankScope 목표 적금,6035b0457e1b33ef024d57d2
26,1,2920920,0,9,112,BankScope 목표 적금,dee39013862297d3e1a92719
44,0,1788582,0,8,112,BankScope 목표 적금,7ae80ed153f4502d6e8fa3ad
29,0,2289707,0,11,112,BankScope 목표 적금,a1f5da824f03254db0272d94
32,0,6910413,0,10,112,BankScope 목표 적금,753a8802e86478b10b4b0844
39,0,5940079,0,15,112,BankScope 목표 적금,6d59d6d45e421945c18ff64b
23,0,1091722,0,6,112,BankScope 목표 적금,a9151b5ba8f3dfe8d40417ba
44,0,5094339,1,11,112,BankScope 목표 적금,fd4474a0e12d6b662dd58754
54,0,3572283,1,12,112,BankScope 목표 적금,0a7f84f6097a866e6d0730d2
30,0,3623789,0,9,112,BankScope 목표 적금,63ba0a114bc6a7d315018da2
36,0,12460316,0,16,112,BankScope 목표 적금,39f019facf68a0b445f681d2
34,0,5799807,0,12,112,BankScope 목표 적금,d725fc9ca8d5ede504dde30d
53,0,1234493,0,12,112,BankScope 목표 적금,2a4b35423cd0d557ee4c7250
21,0,2516585,1,12,112,BankScope 목표 적금,93bd28c8d3740c740e154dfb
20,0,4045661,0,19,112,BankScope 목표 적금,24a247239055f5fcefe58a39
30,0,9421037,0,8,112,BankScope 목표 적금,f0362c9634dc43979822938d
36,0,1589380,1,12,112,BankScope 목표 적금,14354c753756bf6a6fca96d5
39,0,3333511,0,18,112,BankScope 목표 적금,e14ba130f557d3906a1b6422
32,0,7411271,0,13,112,BankScope 목표 적금,61b7eaaf971edfd4199b1383
34,1,3365935,1,13,112,BankScope 목표 적금,6c837f32ca0c37246c7c13d2
24,0,372593,0,7,112,BankScope 목표 적금,c0357660c59a6ab9a203000b
37,0,7343115,0,11,112,BankScope 목표 적금,8d282e1f41e77634ab2a22eb
50,0,178970,0,12,112,BankScope 목표 적금,6e4764304ce11bc58b7f52d8
46,0,1424814,0,14,112,BankScope 목표 적금,16af9d092f48516757e12f8e
22,0,5954770,0,10,112,BankScope 목표 적금,cce745fac2a2184b34d31eb0
54,0,2705051,1,12,112,BankScope 목표 적금,4da1ce359af230bf17706789
22,0,10734667,0,12,112,BankScope 목표 적금,7271d23219ed2a3841de33f0
40,0,9901294,0,15,112,BankScope 목표 적금,ed6bc213ea25c0e0d3afdba3
53,0,6299106,0,20,112,BankScope 목표 적금,336f4eaa0e432ab97cb1d5d4
43,0,12610961,1,19,112,BankScope 목표 적금,07b95b4dffb1be3f812743d4
26,0,11970411,0,15,112,BankScope 목표 적금,a90ab43523b243f70a59505d
35,1,11139904,0,15,112,BankScope 목표 적금,366bac69e0bbeee1d01986ff
52,0,245860,0,10,112,BankScope 목표 적금,5b1e5456d78fe372ed4602e9
27,0,7973206,0,17,112,BankScope 목표 적금,b7533d3bd13f146a99ec3bb2
43,0,27578197,0,15,112,BankScope 목표 적금,1c8e0a4f030492e6a67c6b09
27,0,2808279,1,9,112,BankScope 목표 적금,90d0d940cd9903be289c1e96
32,1,11245117,1,6,112,BankScope 목표 적금,8a35b9e914fceb52f704dccf
24,0,3811759,0,8,112,BankScope 목표 적금,13bc6c636f5882f91397b539
47,0,3034337,1,15,112,BankScope 목표 적금,89183fc75055970505e5020b
26,0,3052344,0,9,112,BankScope 목표 적금,d4e832aebcd2b5afc605fcad
25,0,4551449,0,16,112,BankScope 목표 적금,5a8f9acaba904180a32addea
51,0,13623185,1,12,112,BankScope 목표 적금,bc23c096f0ae4e943351357b
36,0,2947153,0,14,112,BankScope 목표 적금,6aea5ec636ffa0614b3e313a
41,1,8410050,1,7,112,BankScope 목표 적금,11ca81e1b434bcd61777fc8f
22,0,3033407,0,10,112,BankScope 목표 적금,cbef210fcf1cfb9f4e9f77b4
38,0,887835,0,19,112,BankScope 목표 적금,546156a8822ecdc71810e436
27,1,6023778,0,13,112,BankScope 목표 적금,781c59d6ac3fcc00a79d63b2
32,0,2583570,0,11,112,BankScope 목표 적금,e4e5c17f4cefeb3f3334bebe
48,0,23056556,0,13,112,BankScope 목표 적금,78cae14c963eff48e4a2a419
45,0,2087782,1,14,112,BankScope 목표 적금,73639d669a8bee5c49ddd2e2
42,0,5782514,0,12,112,BankScope 목표 적금,550bdd67659e6c4c99ef5578
20,0,13092544,1,11,112,BankScope 목표 적금,eed8bbb724aa65f4379f8556
22,0,17187359,1,13,112,BankScope 목표 적금,d214c668feaf9acfa9a63dad
36,0,2069590,0,7,112,BankScope 목표 적금,ff2f6eb4e751142b0fd3d79c
35,0,8105037,1,15,112,BankScope 목표 적금,280609f4eef68411b48e937c
39,0,3785856,0,14,112,BankScope 목표 적금,90515b710a8f6a609274a75d
38,0,3420761,1,8,112,BankScope 목표 적금,be1019f986fe680823c5260c
39,0,323470,0,11,112,BankScope 목표 적금,5970a501cf098e4b50168536
36,1,10731854,1,12,112,BankScope 목표 적금,36647934b06345ae3a62a1cb
32,0,6559170,0,7,112,BankScope 목표 적금,2d229e4798e99bea4bf1a72c
46,0,3729166,1,19,112,BankScope 목표 적금,62103db66b510233655daacb
53,0,13073731,1,16,112,BankScope 목표 적금,35806a3cfe9c9f6b1dd36d4a
34,1,5065430,0,14,112,BankScope 목표 적금,b1c991c8790ac8f1cac65cd9
38,0,2142642,0,11,112,BankScope 목표 적금,5c4e69b59ce6aaefbe28a886
45,0,14064381,0,8,112,BankScope 목표 적금,dd486a7775eabaec4d2b91a0
21,0,790757,0,21,112,BankScope 목표 적금,83a06ca2f0675c9ef5ce55a7
54,0,15231047,0,12,112,BankScope 목표 적금,0cdacd1650fcd0e1ba9e6150
41,0,6440191,0,12,112,BankScope 목표 적금,83f585e229f9686a0731ecca
53,1,3256918,0,16,112,BankScope 목표 적금,e464b7e428eff83fb853238b
23,0,9088417,0,12,112,BankScope 목표 적금,69154d6aa7f3ed6aa964d9f9
42,0,18262644,0,7,112,BankScope 목표 적금,c16fe8951f4ff5a0bc27c693
33,1,9211049,0,10,112,BankScope 목표 적금,ec68ffbf4aee60ff869fe4d1
30,0,6664875,0,9,112,BankScope 목표 적금,bf3655d282fc9eff099b33a2
27,1,3150655,0,10,112,BankScope 목표 적금,134208c1597b7bf0302ed747
29,0,11153799,0,7,112,BankScope 목표 적금,b3e451aa4de43db853aa707c
44,0,12738646,0,10,112,BankScope 목표 적금,5ebcfb6841ae4ea54f59aac2
20,0,487600,0,13,112,BankScope 목표 적금,251a5c869b54620be6751f14
43,0,20131002,0,20,112,BankScope 목표 적금,aef84899d1dc6684d464de98
41,0,1857349,0,12,112,BankScope 목표 적금,731267462a9c7775c6e75490
31,0,67329,0,8,112,BankScope 목표 적금,3fc787833b2b5a1f5e1a5989
21,0,2342544,1,19,112,BankScope 목표 적금,81e03643d48e1d91d223452b
41,0,3165574,0,10,112,BankScope 목표 적금,8693bd8dc193afbe07036bc4
25,0,10918291,0,11,112,BankScope 목표 적금,8069fa22da2f9d3d2b8a1dff
45,0,3797108,0,12,112,BankScope 목표 적금,e39742087eb2d3495d53de77
34,0,536865,0,17,112,BankScope 목표 적금,e0323b831f790a85a0797646
52,0,7186590,0,14,112,BankScope 목표 적금,6f35a0462d23c844cdde3813
45,1,12111071,0,11,112,BankScope 목표 적금,c6591821ba1ad288b2372617
22,0,8623384,1,17,112,BankScope 목표 적금,c739a947433a2215ab848a41
50,0,4987016,0,10,112,BankScope 목표 적금,f0245be1c19bcd468ebeb465
31,0,3745147,0,9,112,BankScope 목표 적금,37dff1dfef2938fcc1c15089
48,0,17600069,1,18,112,BankScope 목표 적금,aef634e4d4c41c7bef608827
47,0,2764510,0,18,112,BankScope 목표 적금,790770354d2b055ca9cbce7b
35,1,264814,1,12,112,BankScope 목표 적금,82db56906ac049e55b8dedbd
42,0,8176116,0,7,112,BankScope 목표 적금,00b4a962498fb5e39fec40b5
20,0,16770004,0,9,112,BankScope 목표 적금,3e086b66828174703478b0a7
31,0,544864,0,9,112,BankScope 목표 적금,574adbf26fd047edb1517d92
25,0,6028344,1,13,112,BankScope 목표 적금,3db4aa90909df0689ffa95ef
49,0,22225116,0,11,112,BankScope 목표 적금,1d3d7aa8d742a6d82c3272f6
49,1,85467,1,13,112,BankScope 목표 적금,e558fb5edc4127aad2d7019a
37,0,13976641,0,8,112,BankScope 목표 적금,e444305a85f34d7ad68db034
28,1,11295321,0,6,112,BankScope 목표 적금,4fa8bbafd0c78763c11f07ff
21,0,4511716,0,18,112,BankScope 목표 적금,aed129de0d123e51b1f4903e
41,0,7737693,0,14,112,BankScope 목표 적금,0d510551d345b424110cc828
23,0,16811257,0,13,112,BankScope 목표 적금,73d7f838c62ca7c3e2509e28
42,0,6557995,0,12,112,BankScope 목표 적금,102f14b12f9fee2a0f9911a6
25,0,2611665,0,6,112,BankScope 목표 적금,e3e495bd0e4d058c24f79cc1
46,0,8908937,0,11,112,BankScope 목표 적금,f4b8aa82026f6e53e6f15713
21,0,17495491,1,14,112,BankScope 목표 적금,fd10e1556928b34d49d0c00f
39,0,5884402,0,14,112,BankScope 목표 적금,036a1260443c48ea6c6bdbbf
23,0,10787050,0,15,112,BankScope 목표 적금,39a13e083eaf93bf237d3745
36,0,5863958,0,15,112,BankScope 목표 적금,b32c06c7ae7f3679209ab026
33,0,18367971,0,15,112,BankScope 목표 적금,7b387c14aa09db4595eeb734
23,0,17097632,0,11,112,BankScope 목표 적금,0a0eb337d1d10b3fb2142647
21,0,2234403,1,6,112,BankScope 목표 적금,5f225bfdff277e6aa13778f8
46,0,2513093,0,13,112,BankScope 목표 적금,d1d3d4221393cc12f0b08b9f
50,0,10744487,0,8,112,BankScope 목표 적금,db9f9c18e6e11d88133704f6
24,0,12721204,0,18,112,BankScope 목표 적금,d5908e30689440859cc0454d
36,0,24861903,0,12,112,BankScope 목표 적금,470eaf6fb381d7713f32b0ce
39,0,6284707,0,14,112,BankScope 목표 적금,ece33df97c8ca9da534745f2
44,0,15233125,0,15,112,BankScope 목표 적금,6d4543326eb23b265495f91b
26,0,1573722,0,12,112,BankScope 목표 적금,dbb25ee6d3055e464d6b5545
29,0,321831,0,7,112,BankScope 목표 적금,62d84db54e57dc5c843825f0
45,0,2323883,1,13,112,BankScope 목표 적금,078c374c323d809c554bc16b
25,0,7478426,0,11,112,BankScope 목표 적금,a03b699db09e6db0c3fe696d
24,0,3978324,0,15,112,BankScope 목표 적금,b67864d4856525ba71e51ec9
49,0,8279238,1,15,112,BankScope 목표 적금,8e886fa80d6106052e3050a8
33,0,1664890,0,11,112,BankScope 목표 적금,a7362f1d4d58a147b5ebd41f
31,0,3608717,0,17,112,BankScope 목표 적금,ba0b17f608158607ec28ad60
31,0,302620,1,9,112,BankScope 목표 적금,2519a49912c1d006bf8602ac
33,0,23776915,0,14,112,BankScope 목표 적금,eed8a6469da0d06d39389183
53,0,2089861,1,12,112,BankScope 목표 적금,c390f03d2b06d3739c40acff
52,0,6244229,0,15,112,BankScope 목표 적금,fccaf1ccde7d1a32217cfec2
31,0,6148977,0,15,112,BankScope 목표 적금,aeb71d90b730ae6beeb5e472
38,1,2898391,0,8,112,BankScope 목표 적금,ce3bf88acc7a2ae383e6d08e
32,0,715149,0,8,112,BankScope 목표 적금,fdbcb20b526f17f152c95a6b
39,0,12584320,0,12,112,BankScope 목표 적금,ad7037403c00688f6b9b334e
28,1,143996,0,11,112,BankScope 목표 적금,6ca2ff108826bcca64ad6740
24,0,3366789,1,8,112,BankScope 목표 적금,10d9cffa4675a0a2d4b511bd
42,0,11078325,0,9,112,BankScope 목표 적금,2ada5fe71bc99a533c70ed0d
41,0,4919370,0,20,112,BankScope 목표 적금,a29bf1455be5312d305272d7
30,0,3790715,1,9,112,BankScope 목표 적금,b2e787d3e85a225b0eb4640f
50,0,8253268,1,19,112,BankScope 목표 적금,373f36ec0c9a06f6993262f3
49,0,4845726,0,17,112,BankScope 목표 적금,91674c93fe0dc58d6ce3e41c
29,0,8983606,0,13,112,BankScope 목표 적금,a7e0083aec9fc4fcc2f6e31b
35,1,2719140,0,20,112,BankScope 목표 적금,f9a5ceee483c4e67fcd74d30
24,0,8768399,0,9,112,BankScope 목표 적금,cf6f3380504448fe89d1debf
31,0,5084826,0,10,112,BankScope 목표 적금,c04a9f24274d4917f384e813
23,0,8175287,0,12,112,BankScope 목표 적금,ca9aea6be7c46af9fe78f402
42,1,8495059,0,9,112,BankScope 목표 적금,7a4916738feee875ba948494
34,1,1432502,0,14,112,BankScope 목표 적금,7a7d09f8724951eeb13dd7ed
24,0,12429142,0,6,112,BankScope 목표 적금,3534a5d933503813fbaf2382
21,0,6585239,0,12,112,BankScope 목표 적금,93726894eed432ebe68c7e74
22,0,3641016,0,11,112,BankScope 목표 적금,97f434fd40ccfed7fd48814f
39,0,15801773,0,11,112,BankScope 목표 적금,fd4e72e59369108e3739c91d
31,0,9222491,0,11,112,BankScope 목표 적금,bd0d35ab6456ec1ccd9671be
20,0,8855610,0,13,112,BankScope 목표 적금,2a6d91e59510924d8590f3fa
41,0,64824,0,19,112,BankScope 목표 적금,0b553e1e906a86cdafde0ebb
23,0,4472347,0,12,112,BankScope 목표 적금,72cf1474489319226693d738
24,1,9333207,0,8,112,BankScope 목표 적금,a03f4ca24afb6d5673d37d63
24,0,9818422,1,14,112,BankScope 목표 적금,2d625409c5ce76e34b6ee870
26,0,30091723,0,14,112,BankScope 목표 적금,9a3d3552eb2c5a4f670e0e18
21,0,1370691,0,26,112,BankScope 목표 적금,2d5f5a0d762491c6f82088d3
20,0,13650434,1,9,112,BankScope 목표 적금,1bde25e01a51c0214ebcdcf6
33,0,28041130,0,22,112,BankScope 목표 적금,32854cc2c1514e23f7f73cc0
51,0,6931481,0,3,112,BankScope 목표 적금,bcf5865a014b21d4d6939437
48,0,4615719,0,8,112,BankScope 목표 적금,b455746188c9a858857da4b4
44,1,975633,0,13,112,BankScope 목표 적금,dd4ba9191a9f89674dff4955
28,0,6444174,0,15,112,BankScope 목표 적금,fe8cf0d3e80d7e9f31e274ff
23,0,564746,0,13,112,BankScope 목표 적금,6c68672aba02caf3898f0b16
42,0,3964398,1,12,112,BankScope 목표 적금,1c2488663176b981bec73922
20,0,9878036,0,8,112,BankScope 목표 적금,d98104a2d427358bc3885432
25,0,11300181,0,8,112,BankScope 목표 적금,3fbb81790d95ca0407eb70a7
23,1,7278762,0,18,112,BankScope 목표 적금,86e308a45a62cd08272fd9b5
26,0,2089321,0,13,112,BankScope 목표 적금,6cae064560860e3cfef4c4c5
22,0,6120764,1,16,112,BankScope 목표 적금,33d19b00b505991d8390a6d0
33,0,2202406,0,11,112,BankScope 목표 적금,b167ff31b18341076a47d7bc
20,0,19118086,0,8,112,BankScope 목표 적금,dd4c3d4fb6e01ef013d00e5e
38,1,5526011,0,14,112,BankScope 목표 적금,4c4aaa64c7ff8ee640624fec
25,0,3301342,0,10,112,BankScope 목표 적금,294f53040d829398d2b1b340
50,0,17035342,0,12,112,BankScope 목표 적금,30f764d46a5335d28b8c67e7
39,0,27420710,1,11,112,BankScope 목표 적금,e6c186336a345dbda7670066
53,0,14888236,0,10,112,BankScope 목표 적금,0b37ac8bab6d0611b054ab9b
40,0,14659709,0,15,112,BankScope 목표 적금,c0e49e8a4cb4835683d2ea41
29,0,733296,0,9,112,BankScope 목표 적금,73b4d308c93c80f4a13c87c8
34,0,26462310,1,8,112,BankScope 목표 적금,2527e59b6c476d7b0e1f0b9a
41,1,45129028,0,13,112,BankScope 목표 적금,af401896cf4102eb10e4f148
51,0,7513903,0,8,112,BankScope 목표 적금,4bd925878b04008163bd6553
48,0,562843,0,10,112,BankScope 목표 적금,172cd4255da884c9e751a6d0
49,0,5977673,0,13,112,BankScope 목표 적금,59a0c2ad65ec47fb66b147e5
23,0,3683870,0,11,112,BankScope 목표 적금,6404adfe437f187d3eacefe9
24,0,15274567,0,12,112,BankScope 목표 적금,9e75698d7d0783b030ca1bde
40,0,8157427,0,11,112,BankScope 목표 적금,a6e187f7dbe15f216328cde4
34,0,20430863,0,9,112,BankScope 목표 적금,11d2110a64459cda2ea7cfa3
21,0,10199392,0,13,112,BankScope 목표 적금,547d14aeb26053691437fbe1
41,0,3550262,1,12,112,BankScope 목표 적금,4f607728e838ca8a9bc8e79b
21,0,6690769,1,12,112,BankScope 목표 적금,a5016c3b56bb929a0315d43a
37,0,12857727,0,17,112,BankScope 목표 적금,690f95f16e6b9ec59a6f6c4b
41,0,586402,0,18,112,BankScope 목표 적금,3db7b3acc800a2f37e4e3100
47,0,1662878,0,6,112,BankScope 목표 적금,9083a4586751cda3aad61f6d
39,0,6468132,0,13,112,BankScope 목표 적금,914ae0f1025a98bf1900947c
23,0,6428472,1,8,112,BankScope 목표 적금,a67af029ecce1e6cfbf40a63
24,0,154440,0,16,112,BankScope 목표 적금,9d76fa24e85b1e69e6d723c4
24,0,210621,1,10,112,BankScope 목표 적금,dcc01eb7ea44a23d9df290d8
21,0,15194146,0,11,112,BankScope 목표 적금,aaaa2278e3ba0b84d5f11f2e
53,0,14131705,0,10,112,BankScope 목표 적금,abddd6596b8ca02462982586
41,0,4146249,0,12,112,BankScope 목표 적금,7d03f48f49fd3704a0bbcc36
32,1,17833,1,16,112,BankScope 목표 적금,f36f9cbee356b2f50a73161a
25,0,2411630,0,13,112,BankScope 목표 적금,c5bdad7234dba2cb9471ea0d
35,1,20523849,1,15,112,BankScope 목표 적금,0d016e39173ad1c21ef78361
25,0,9430908,0,10,112,BankScope 목표 적금,fd8d9419f5b1064ef9710e26
27,0,5232880,0,14,112,BankScope 목표 적금,d35aef53eb635819be4a6507
38,0,5172136,0,10,112,BankScope 목표 적금,71098eed64ef3051b1b20dd9
34,0,1001782,1,12,112,BankScope 목표 적금,607c843a5667d5cd0d86d048
47,0,1329037,0,18,112,BankScope 목표 적금,20b79f18cecb5f17782dc12e
38,0,4736149,1,14,112,BankScope 목표 적금,5e0e6f678cabfd38ea15a031
37,0,10877235,0,19,112,BankScope 목표 적금,fe7847bc540e4a55d2d1e8f9
41,1,2668899,1,14,112,BankScope 목표 적금,7fb415463eb31477717800ad
49,0,1019867,0,11,112,BankScope 목표 적금,a0815ce76b43ea47d47901b4
18,0,5136728,1,22,109,BankScope 개인 입출금 통장,05fcda269790c1131aebc5bb
27,0,8931139,0,15,109,BankScope 개인 입출금 통장,79b4b63d1d4df5c072380a5a
72,0,7228881,0,25,109,BankScope 개인 입출금 통장,d976019dcec7201eab290a0b
49,0,9090167,0,28,109,BankScope 개인 입출금 통장,bc4e4fd3774942ed7538aa56
19,0,3786246,0,14,109,BankScope 개인 입출금 통장,a840f85785bdda94aa3f38c7
61,0,1766708,1,21,109,BankScope 개인 입출금 통장,07c3c899f1d7b0650c28c6d6
18,0,7297101,0,27,109,BankScope 개인 입출금 통장,e37bb50046f360deae0dd638
26,0,2217529,0,28,109,BankScope 개인 입출금 통장,d32da95e0d6aadfbcc8c00a4
44,0,2649226,0,20,109,BankScope 개인 입출금 통장,8b11007f62b76cf56a066090
51,0,4252949,0,27,109,BankScope 개인 입출금 통장,a65f95d4ee0ede223e02f8b9
32,0,20967652,0,27,109,BankScope 개인 입출금 통장,377acb46ee8572659780d2d1
52,0,1959786,1,20,109,BankScope 개인 입출금 통장,4806450be20c425860d061b5
33,0,10645360,0,18,109,BankScope 개인 입출금 통장,0d11b7619c711493bd49b173
64,0,264788,0,17,109,BankScope 개인 입출금 통장,40f76622fe57bd725f19db06
34,0,2166316,0,17,109,BankScope 개인 입출금 통장,6a8d222cfec63558b1bbfe9c
67,0,7036177,1,23,109,BankScope 개인 입출금 통장,657355411c3903c8039ddeb9
22,0,10400601,0,20,109,BankScope 개인 입출금 통장,7bd8f9985c77c5a6fe0d6c01
50,0,4979185,1,18,109,BankScope 개인 입출금 통장,97d5775726112e92e11433b5
67,0,1349481,0,18,109,BankScope 개인 입출금 통장,c578e343ac060cdb9affe7e1
32,0,8946227,0,22,109,BankScope 개인 입출금 통장,633b15762a1a8265ebc1bb71
20,0,929633,1,14,109,BankScope 개인 입출금 통장,ce51b4128e0f5a5a49569278
27,0,1978308,0,13,109,BankScope 개인 입출금 통장,598e9c2581ece0392b0b8856
57,0,6502548,0,28,109,BankScope 개인 입출금 통장,9719928d1cb42ac04daaabdf
23,0,952527,0,25,109,BankScope 개인 입출금 통장,5698efbce9ceb9d7f91f8ded
70,0,19574826,0,22,109,BankScope 개인 입출금 통장,c78f0a95c30782daa2541bf4
23,0,8395693,0,23,109,BankScope 개인 입출금 통장,53e24030670907ce108ea583
41,0,2237158,0,19,109,BankScope 개인 입출금 통장,00fb62c8b61b7f899dd11673
21,0,4379236,0,19,109,BankScope 개인 입출금 통장,4e0a597483807b6e1886f5b7
52,0,13204234,0,19,109,BankScope 개인 입출금 통장,0e77d4ae6cac7501dbd9a3bc
50,0,23761248,0,12,109,BankScope 개인 입출금 통장,4e2155448daca6f04da93ac9
57,0,2212082,0,21,109,BankScope 개인 입출금 통장,f6df1360d243f9ac2b94cc8e
38,0,6914826,0,25,109,BankScope 개인 입출금 통장,1ba334b5810749155373a430
22,0,5861332,1,15,109,BankScope 개인 입출금 통장,13905f4383ffa80e0cafe30b
65,0,2302819,0,19,109,BankScope 개인 입출금 통장,1749754c015c1d064e10a26f
43,0,2405565,0,17,109,BankScope 개인 입출금 통장,ef7d77ba1f8e2ac7e425a971
60,0,753477,0,18,109,BankScope 개인 입출금 통장,68526efb8150de01166cdc06
18,0,951258,0,18,109,BankScope 개인 입출금 통장,39fe3dacb8363917b4afa7f4
74,0,9105194,1,14,109,BankScope 개인 입출금 통장,db843749808a1a300d4b086c
37,0,14119763,0,16,109,BankScope 개인 입출금 통장,4353a124de66fa939ee1b921
46,0,14726634,0,21,109,BankScope 개인 입출금 통장,fdd9324f483c0b157900a94a
34,0,5268471,0,23,109,BankScope 개인 입출금 통장,6ab23b5b268fe30e491f54c7
50,0,6733501,1,14,109,BankScope 개인 입출금 통장,2c6f49243c9b8307a715e25b
36,0,8283849,1,20,109,BankScope 개인 입출금 통장,1f2412f73754fe7ee215cc6b
53,0,3190320,0,16,109,BankScope 개인 입출금 통장,2b1f898af2c8c7671d5da3dd
21,0,3439920,0,14,109,BankScope 개인 입출금 통장,589dac1617941b5da7b9d54c
43,0,5592194,0,20,109,BankScope 개인 입출금 통장,2854a13278bca5744479970d
68,0,2301877,0,14,109,BankScope 개인 입출금 통장,24154cc87623cb8f4b64fcad
31,0,68338,0,18,109,BankScope 개인 입출금 통장,e895c98ed8304ff98b193850
48,0,7451390,1,16,109,BankScope 개인 입출금 통장,c0d000e8de85453e94c12f4c
40,0,8402474,0,22,109,BankScope 개인 입출금 통장,1aed58efe8decd5c5871f2a7
22,0,261749,1,21,109,BankScope 개인 입출금 통장,92ce59ae7076d8bea30a705c
73,0,3574645,1,21,109,BankScope 개인 입출금 통장,dbee69222febc97acb0b497d
41,0,4190590,1,22,109,BankScope 개인 입출금 통장,f739d0c52e0e8c1e11d6e5f6
38,0,162618,0,18,109,BankScope 개인 입출금 통장,a679342da657b03e90c46925
70,0,6853843,0,22,109,BankScope 개인 입출금 통장,95c939e9ffb9c47398c80ca3
25,0,10905465,1,23,109,BankScope 개인 입출금 통장,0cfc4d69cfaee43d4c95dc53
23,0,11546996,0,12,109,BankScope 개인 입출금 통장,700e9fa3712d914ad6e9f734
49,0,385596,0,39,109,BankScope 개인 입출금 통장,2e361c258829d0b4b4909f2c
40,0,1551450,0,16,109,BankScope 개인 입출금 통장,74315951748a80ad2ac222b0
34,0,4120297,1,23,109,BankScope 개인 입출금 통장,4864bfce7452c2592c0a6828
36,0,133892,0,23,109,BankScope 개인 입출금 통장,eb40d84c8022c303ba7c1da3
41,0,2120075,1,19,109,BankScope 개인 입출금 통장,cf5455281af19a83bee22445
57,0,5583472,0,17,109,BankScope 개인 입출금 통장,26d39a7ef2633a36c7712471
63,0,4809449,0,22,109,BankScope 개인 입출금 통장,60dc9abc76ac5a8ac74b62c2
44,0,3189724,0,24,109,BankScope 개인 입출금 통장,34b5a1d210315dcdf4504c0e
60,0,1893694,0,23,109,BankScope 개인 입출금 통장,1da9b8348c31a50a0648ceb7
61,0,3424808,0,16,109,BankScope 개인 입출금 통장,017138f0a581905cc5b2b679
23,0,42668,1,18,109,BankScope 개인 입출금 통장,bce21e65f38dbab6ac0f1d9e
35,0,5444347,0,22,109,BankScope 개인 입출금 통장,7c4481e449a202f93a66b225
19,0,3136665,0,24,109,BankScope 개인 입출금 통장,b87a3c574ae6d8266a2add6d
64,0,557917,0,24,109,BankScope 개인 입출금 통장,1cd03c91b47139cf6a39e6e4
22,0,1586418,1,27,109,BankScope 개인 입출금 통장,33af4eb8e7a13383f8448c9d
22,0,2850251,1,26,109,BankScope 개인 입출금 통장,338eeda7f5d23aedeafba9dc
51,0,3706739,0,37,109,BankScope 개인 입출금 통장,8f3c1df301859633057b717f
35,0,102115,0,16,109,BankScope 개인 입출금 통장,289c3f9a408f05e2354c2d9b
66,0,2659375,0,20,109,BankScope 개인 입출금 통장,38a8578dd64282311c7d07f2
32,0,1875545,0,23,109,BankScope 개인 입출금 통장,413d13a95d7840c2763026ed
46,0,3179288,1,17,109,BankScope 개인 입출금 통장,71d8fc17bc75749d49e4d77a
41,0,7010430,1,25,109,BankScope 개인 입출금 통장,dda2d851031e1495ade9e4db
51,0,5017552,0,24,109,BankScope 개인 입출금 통장,01f44f4bde964e287cbdef2b
20,0,6882399,0,24,109,BankScope 개인 입출금 통장,2295538af5d0b9f513a4a6f3
38,0,2248226,0,24,109,BankScope 개인 입출금 통장,7d294f169c8d35b41d808dcc
54,0,7877771,1,19,109,BankScope 개인 입출금 통장,f6e0f61965f63ced0d6e33b5
38,0,746337,0,24,109,BankScope 개인 입출금 통장,1fad303ff81419ef52f7b6ef
71,0,2433531,0,21,109,BankScope 개인 입출금 통장,09a027d45e43774937da4f4e
18,0,3840298,0,30,109,BankScope 개인 입출금 통장,4c26d4478272b9e86ad625d9
70,0,9482641,0,20,109,BankScope 개인 입출금 통장,fc8d65d934de56c3b104294a
36,0,6829232,0,17,109,BankScope 개인 입출금 통장,f05490282671d855c5a10691
26,0,7412254,0,19,109,BankScope 개인 입출금 통장,a17759740a4fd7e22d4813d6
23,0,3981514,1,23,109,BankScope 개인 입출금 통장,09c2523261c50a1006ed1043
62,0,3582255,1,19,109,BankScope 개인 입출금 통장,180f2b73d08765119cde73bf
25,0,314153,1,19,109,BankScope 개인 입출금 통장,cb98ffb369d60e750b8d3e63
72,0,14831293,0,23,109,BankScope 개인 입출금 통장,5f875e1400a40862bda99978
43,0,291541,0,20,109,BankScope 개인 입출금 통장,c89fcb2ec4f64d087b559ce5
60,0,89697,1,29,109,BankScope 개인 입출금 통장,14d3f1e5fd45f5370a9d57c3
30,0,7148709,0,14,109,BankScope 개인 입출금 통장,62762f5c48e3d7cf713d9ff8
35,0,4820918,0,20,109,BankScope 개인 입출금 통장,ea171c733db5433b8a92fea0
49,0,7774543,0,23,109,BankScope 개인 입출금 통장,76892c0eaacdfda9f6420b46
58,0,4502119,1,20,109,BankScope 개인 입출금 통장,30d8a8302338e9667ad47013
56,0,2697737,1,26,109,BankScope 개인 입출금 통장,290d6387f210dbad5ed76df5
27,0,2852239,0,14,109,BankScope 개인 입출금 통장,08f920f047c07cd2700caa73
36,0,1886343,1,22,109,BankScope 개인 입출금 통장,1555115d825ad02878ef92b8
74,0,2046439,0,16,109,BankScope 개인 입출금 통장,4defeb01f537cbc6ea971730
57,0,3809599,0,18,109,BankScope 개인 입출금 통장,b9320c8e07b1897196ea54a5
22,0,1027969,0,17,109,BankScope 개인 입출금 통장,e7fb0b445503c9ff97c13005
37,0,1686881,0,19,109,BankScope 개인 입출금 통장,f077ff1d2d2169ffc313a2e8
37,0,1420073,0,26,109,BankScope 개인 입출금 통장,95f924b0e0109e235c8bb2ee
29,0,4712874,0,27,109,BankScope 개인 입출금 통장,79341adf0e570254868e1876
45,0,1677599,0,27,109,BankScope 개인 입출금 통장,1b7c67b61f8d74c08cb21624
22,0,1280825,0,20,109,BankScope 개인 입출금 통장,cc3b4236300c9aa2d6dddecb
22,0,9203894,0,16,109,BankScope 개인 입출금 통장,0f5f6d3daea60c86a7a4705d
66,0,495423,0,20,109,BankScope 개인 입출금 통장,ec1af2e861d669813c3f8d3d
33,0,1637222,0,19,109,BankScope 개인 입출금 통장,19ec8e804050c351824f8f49
71,0,13814736,1,15,109,BankScope 개인 입출금 통장,1a8224edad0573b3b39fcb32
30,0,15121742,0,18,109,BankScope 개인 입출금 통장,e620e233ed0828e2b7ec076b
30,0,2424756,1,21,109,BankScope 개인 입출금 통장,4cf23c1415ab5448c17e25c5
68,0,700528,1,20,109,BankScope 개인 입출금 통장,37c19602f8cd154ce8ce7787
51,0,11948303,0,22,109,BankScope 개인 입출금 통장,040d09d624021d6deef22292
59,0,185569,0,12,109,BankScope 개인 입출금 통장,ae78820673158a082d34c11d
37,0,1757586,0,21,109,BankScope 개인 입출금 통장,19951df5face6be7ac89c169
38,0,2787865,0,20,109,BankScope 개인 입출금 통장,3b81737dc6239e851d5c57a6
45,0,2675835,1,16,109,BankScope 개인 입출금 통장,e10303efaa06ed75cb9355b7
41,0,22296710,1,19,109,BankScope 개인 입출금 통장,12d0f7fe7f8f3078e0111d1d
63,0,4241461,0,13,109,BankScope 개인 입출금 통장,9c7f7a9c714585e378b57082
59,0,508218,0,22,109,BankScope 개인 입출금 통장,e298be328fa738ad756600c2
56,0,3282458,0,19,109,BankScope 개인 입출금 통장,8fbf22e894a1e3b0f33b9a62
49,0,580568,0,21,109,BankScope 개인 입출금 통장,968e77b8ef691728158d70df
51,0,769469,1,13,109,BankScope 개인 입출금 통장,850b6edbb823b7d69c072af6
50,0,5446561,1,20,109,BankScope 개인 입출금 통장,8e80c4b062d31ca028e06ab4
67,0,11812204,0,17,109,BankScope 개인 입출금 통장,56b076b700ec3adc427e560b
39,0,4680262,1,13,109,BankScope 개인 입출금 통장,2c835a79e95886c973272dc1
63,0,10513700,0,22,109,BankScope 개인 입출금 통장,2fa7615008536db3a4048c96
72,0,4168282,0,15,109,BankScope 개인 입출금 통장,45ed0fc01bfe515fc3a7d622
40,0,2893181,0,15,109,BankScope 개인 입출금 통장,68b4a730da823cddab7f05c1
22,0,1960222,1,23,109,BankScope 개인 입출금 통장,16738df95cd3666b9e953621
56,0,3186125,1,21,109,BankScope 개인 입출금 통장,a98659104e96ece0375cff05
34,0,12030574,0,20,109,BankScope 개인 입출금 통장,427e95f56b6a243a2c7edf56
19,0,4482502,1,27,109,BankScope 개인 입출금 통장,23fd2f5ebdab063eb8af9aa8
29,0,8011572,1,26,109,BankScope 개인 입출금 통장,0027f49303d89b66a152081a
21,0,1589728,0,20,109,BankScope 개인 입출금 통장,0f4bdede3c76e0fcce926674
22,0,7924267,0,16,109,BankScope 개인 입출금 통장,f8741c76548b49cfcd6c031d
55,0,14166086,1,28,109,BankScope 개인 입출금 통장,d78a3af92336ec1276465ad9
26,0,1376649,0,23,109,BankScope 개인 입출금 통장,782c0d9ca74abba9ea0194c5
54,0,719000,0,17,109,BankScope 개인 입출금 통장,788edc328d76e70681c4fb9c
71,0,218938,0,23,109,BankScope 개인 입출금 통장,cef27997146e271a74da36ed
41,0,459929,0,16,109,BankScope 개인 입출금 통장,8184512f2edac8a35771669e
40,0,1375046,1,19,109,BankScope 개인 입출금 통장,510b40eb98a22330ff1a973f
56,0,309415,0,33,109,BankScope 개인 입출금 통장,a51c7342b22614d15f818e6b
45,0,14791349,0,26,109,BankScope 개인 입출금 통장,cf974c3b255b67c4dfbe1b3b
26,0,8796948,0,16,109,BankScope 개인 입출금 통장,f4397c71589e454771baa621
39,0,3799417,0,19,109,BankScope 개인 입출금 통장,485709fd1293d64a099218a8
24,0,3011581,0,14,109,BankScope 개인 입출금 통장,a0fd26de16a40c647ec74c89
28,0,1285960,0,25,109,BankScope 개인 입출금 통장,0b6c260365a15da5c9f317f1
44,0,4547572,1,16,109,BankScope 개인 입출금 통장,f38250bf6b02bf821fd5bfa9
66,0,3636718,1,23,109,BankScope 개인 입출금 통장,b2b24b7287983d1e78da41c3
39,0,7540046,0,19,109,BankScope 개인 입출금 통장,58a077b78154d884df014936
38,0,6999573,0,18,109,BankScope 개인 입출금 통장,04b1c54426d8a5869c2654cd
69,0,5279808,0,16,109,BankScope 개인 입출금 통장,ef12ce1b0148d2ebd40a688a
58,0,1118346,0,11,109,BankScope 개인 입출금 통장,0e3156be5a84b20e8e5f24d3
54,0,5410730,1,18,109,BankScope 개인 입출금 통장,4ff6909df30f477c4e3aedd6
28,0,11435441,0,20,109,BankScope 개인 입출금 통장,6782094c1521b0427bef6638
65,0,5664054,0,14,109,BankScope 개인 입출금 통장,18fb102b41736168462016ca
42,0,6139735,0,13,109,BankScope 개인 입출금 통장,9815017d365d91b9d9d86750
54,0,3763232,0,20,109,BankScope 개인 입출금 통장,986a01947e619e4b004ab767
73,0,6547452,1,22,109,BankScope 개인 입출금 통장,bf9ac5e73099721d5ef66044
28,0,582998,0,25,109,BankScope 개인 입출금 통장,bfa7a55be2f6d75f218ebd56
19,0,5380791,0,13,109,BankScope 개인 입출금 통장,c47404c8e5962046cac69b39
23,0,446940,0,21,109,BankScope 개인 입출금 통장,aeb98162e22de83712d64603
57,0,2409718,0,16,109,BankScope 개인 입출금 통장,5996908ab315421522ec13db
23,0,5925342,0,20,109,BankScope 개인 입출금 통장,8d43c379dacc5342f8ed3d6a
48,0,2338036,0,15,109,BankScope 개인 입출금 통장,3cbd99fca9c8ae0f2b22ad82
36,0,2108286,1,11,109,BankScope 개인 입출금 통장,ced232d28a8647e15d2d2e90
37,0,756239,0,13,109,BankScope 개인 입출금 통장,726a3288cc99bc0e894a870c
67,0,12066043,1,15,109,BankScope 개인 입출금 통장,aa2e1c6dfdcc02e4c7a8b5ac
33,0,489146,0,20,109,BankScope 개인 입출금 통장,ccb809991faa4af398ec7e1b
65,0,1399396,1,17,109,BankScope 개인 입출금 통장,954688d3798f4f70771d45d4
61,0,501885,1,23,109,BankScope 개인 입출금 통장,1fe5bd7f9bfc71cc3bbb91c5
34,0,7239018,0,22,109,BankScope 개인 입출금 통장,7e452e44aec69aaea1617f5b
39,0,1297351,1,14,109,BankScope 개인 입출금 통장,96e9a1edc2503cec5f0d1b97
30,0,5635762,0,16,109,BankScope 개인 입출금 통장,3e018e7290c8e9821b1a0f28
43,0,3675309,0,27,109,BankScope 개인 입출금 통장,ee2ab214336cd1875548ebee
44,0,6473632,1,24,109,BankScope 개인 입출금 통장,da8718aa88a28b8e91565d15
39,0,4528030,1,28,109,BankScope 개인 입출금 통장,516e108e0e4ed7736bc1f7b1
20,0,3738717,0,17,109,BankScope 개인 입출금 통장,8dbb60bb0ffbd8b15b02c6ab
33,0,842225,0,15,109,BankScope 개인 입출금 통장,78fed922105786f8c2ba290a
54,0,5432079,1,21,109,BankScope 개인 입출금 통장,3ab8fe0fcd774dc66c83af9a
55,0,1763041,0,26,109,BankScope 개인 입출금 통장,85a483afe8fe5173f0c7f40c
45,0,5959322,0,20,109,BankScope 개인 입출금 통장,dea0ec34931859eb722f51f5
49,0,8078796,1,27,109,BankScope 개인 입출금 통장,fba841c7d85400bec9f85531
51,0,1354751,0,23,109,BankScope 개인 입출금 통장,c3c58b906c39a56a74ef10f6
30,0,7137580,0,24,109,BankScope 개인 입출금 통장,60075b6ad2bd8f12a254e25e
54,0,8912894,0,25,109,BankScope 개인 입출금 통장,42547c70fd14f34cabdaa818
54,0,3984154,0,24,109,BankScope 개인 입출금 통장,069d3b9687724bde8665b3dc
47,0,1790294,1,23,109,BankScope 개인 입출금 통장,74d101489429f76b25b2561c
24,0,10395500,0,21,109,BankScope 개인 입출금 통장,3ac43667cc2f494bd88a3eb5
32,0,6524191,0,23,109,BankScope 개인 입출금 통장,8e026bec41c456c8359f82d7
39,0,3540975,1,21,109,BankScope 개인 입출금 통장,e4580a912936693d217d433d
52,0,2418665,0,21,109,BankScope 개인 입출금 통장,0320c017b81813d6fd35896e
29,0,7487793,0,20,109,BankScope 개인 입출금 통장,604359d385c5f4d6643eead9
56,0,18248213,0,25,109,BankScope 개인 입출금 통장,4cd1b8781e9ca1a99940ba36
22,0,8150431,0,23,109,BankScope 개인 입출금 통장,8516aa9d9a46a468ba3439d1
28,0,11060212,1,23,109,BankScope 개인 입출금 통장,03309d4ab8c83ae7efad0928
43,0,44116,1,22,109,BankScope 개인 입출금 통장,aa957fee7d2fe2fcce944da0
68,0,1396616,0,22,109,BankScope 개인 입출금 통장,b04aba52e31f46e465b8bfd4
61,0,489710,1,22,109,BankScope 개인 입출금 통장,c075b802d68096c7377631ca
69,0,1328327,0,19,109,BankScope 개인 입출금 통장,d60afafc333f41af6f6a863e
18,0,6824902,1,18,109,BankScope 개인 입출금 통장,3cdab86ef2e102dbe284e8af
31,0,4182433,0,24,109,BankScope 개인 입출금 통장,a2d846ae31ca68163c7ed6e2
74,0,14197455,0,20,109,BankScope 개인 입출금 통장,83afa67aeccd49941b1f4252
62,0,457105,0,25,109,BankScope 개인 입출금 통장,07000714f94e939e66c66f1b
27,0,3204741,0,14,109,BankScope 개인 입출금 통장,d665349efb844ced4f789620
44,0,718056,0,19,109,BankScope 개인 입출금 통장,072ee1288ea983936d4f31bf
51,0,2901505,0,23,109,BankScope 개인 입출금 통장,0369a75f4cefe6f68840ddfa
53,0,430585,0,19,109,BankScope 개인 입출금 통장,a6726f7600e15b2ead046535
24,0,1451069,0,18,109,BankScope 개인 입출금 통장,38e9e093060224c85d04eaa0
47,0,2386982,1,23,109,BankScope 개인 입출금 통장,06509f4d0fa5bdeda5a4ff7e
39,0,6989982,1,23,109,BankScope 개인 입출금 통장,4ae90700a629ed8a4efd7b74
33,0,1458803,0,21,109,BankScope 개인 입출금 통장,9a0dba2eb449c13c5ec8992e
72,0,8123518,0,27,109,BankScope 개인 입출금 통장,87cd7883fa1ca1e16a6841e1
62,0,1955803,0,16,109,BankScope 개인 입출금 통장,5f884e8c574cd9696eff35a1
70,0,7755426,0,19,110,BankScope 자유입출금 통장,93523742face1a07b4f87f2f
62,1,1071465,1,19,110,BankScope 자유입출금 통장,c114eb8e68f75cf0897bbe1e
48,0,9577733,1,14,110,BankScope 자유입출금 통장,ed08b5239e7b11f2ef4099c1
68,0,2351015,0,12,110,BankScope 자유입출금 통장,661ec5690ba1d987a6c51a9c
64,0,2412185,0,21,110,BankScope 자유입출금 통장,2dcaf4c9c2a0b6e1b69c5e68
37,1,280846,0,19,110,BankScope 자유입출금 통장,9759445fb49fbe656b5205cf
36,1,928168,1,19,110,BankScope 자유입출금 통장,6e5e0a9d45cbd372f0ca4865
60,0,20755758,0,11,110,BankScope 자유입출금 통장,e399cd989f739d8a50e16c96
67,0,2704473,0,23,110,BankScope 자유입출금 통장,42fe42ba1243d5ee38bc0fc7
37,0,717421,0,21,110,BankScope 자유입출금 통장,23b250058dd9d0946d080ad3
53,0,1150335,0,16,110,BankScope 자유입출금 통장,9fe90d2d964e30067081eb84
57,0,3757962,0,13,110,BankScope 자유입출금 통장,34185c84776b809c4e061202
48,0,11264593,0,20,110,BankScope 자유입출금 통장,d94725cb3737fa8c84d5a533
49,1,18176089,0,16,110,BankScope 자유입출금 통장,734a7d27aadeb4e6eabbd29c
26,0,1157212,0,14,110,BankScope 자유입출금 통장,e166e4abcf10b49d37318dd2
57,0,7145172,0,16,110,BankScope 자유입출금 통장,7dce4fb10c45cfca139dbd82
48,1,2521974,1,15,110,BankScope 자유입출금 통장,fdda9be4007e61021cc0884e
28,0,7730532,1,20,110,BankScope 자유입출금 통장,4727ef56ed88099085bc285c
35,0,4172078,0,16,110,BankScope 자유입출금 통장,f835295ec2aca4dfa0a5c0b4
62,1,1658147,1,22,110,BankScope 자유입출금 통장,ee3bc9b768c2e7a513537f39
30,0,7537479,0,15,110,BankScope 자유입출금 통장,ab006ee87d7fcf39231582d4
45,0,5275854,1,22,110,BankScope 자유입출금 통장,f7f4e5083b49ff00825de160
47,0,4911299,1,15,110,BankScope 자유입출금 통장,1a05e55dab28189cc2a37290
32,0,4924801,0,15,110,BankScope 자유입출금 통장,7ff87f7cd7304186cb63151b
37,0,6161201,0,18,110,BankScope 자유입출금 통장,a2a03bc7b58b59f6dae1c9b5
60,0,3025068,0,11,110,BankScope 자유입출금 통장,10a989e6e7351e145367a50b
40,0,5849478,0,17,110,BankScope 자유입출금 통장,153e3ecb405447a1ac2976df
38,0,1791078,0,17,110,BankScope 자유입출금 통장,ebbb3b527c4b39692cd940ac
70,0,1942913,0,15,110,BankScope 자유입출금 통장,d43ab10e65a426bcc7880556
29,0,5676374,0,9,110,BankScope 자유입출금 통장,9682f3124e293e489fec9ee8
57,1,18072858,0,12,110,BankScope 자유입출금 통장,7f069a317a765c902e3c08ef
57,1,9076748,0,18,110,BankScope 자유입출금 통장,1713273afc11ab3052812986
45,0,1154606,0,19,110,BankScope 자유입출금 통장,2f61774003deb5a2cce6bf12
55,0,11884427,0,15,110,BankScope 자유입출금 통장,f292b49dd945e2ae14125a10
45,0,11151039,1,13,110,BankScope 자유입출금 통장,7592a89ebd6b08e3fecce78c
60,0,3179324,0,13,110,BankScope 자유입출금 통장,e7a2b3157abf3fcaaf4a3cc1
37,0,3072067,0,28,110,BankScope 자유입출금 통장,7229ef85bd73313569fc5c83
55,0,3765003,0,12,110,BankScope 자유입출금 통장,9fe52ccade49c77b881a5e51
45,0,21403428,1,14,110,BankScope 자유입출금 통장,fb5e8ae19499e2fff4485fd5
49,0,3577754,1,31,110,BankScope 자유입출금 통장,7546179ea8f10722693fa273
58,0,4351137,0,19,110,BankScope 자유입출금 통장,5509ff167cebd97319741e90
49,0,2251742,0,24,110,BankScope 자유입출금 통장,5f6a1cfbc0ea8dc2cd40761b
19,0,4567606,0,12,110,BankScope 자유입출금 통장,db6a72f94e99b4f7adb3472b
42,0,40588465,1,20,110,BankScope 자유입출금 통장,6ed11653ac2a8277b821e722
29,0,3201938,0,14,110,BankScope 자유입출금 통장,639edb88f7e4e0f61aad25f9
27,0,861562,0,18,110,BankScope 자유입출금 통장,c28432ddbb75157db7e69196
52,0,13116112,0,16,110,BankScope 자유입출금 통장,a3af3d813c97baafe3bd0185
64,0,1911908,1,21,110,BankScope 자유입출금 통장,431cbb8ce3a66ef7274a1a99
45,0,16833121,0,15,110,BankScope 자유입출금 통장,8affc98b9e3027ba51749f89
59,0,13734913,0,23,110,BankScope 자유입출금 통장,fc2f1278293d78ff9968a2ec
30,0,2312576,0,15,110,BankScope 자유입출금 통장,d296e55898080701d7243652
62,0,7554933,1,23,110,BankScope 자유입출금 통장,523094fd1f9fc613a902a9be
45,0,2195499,0,14,110,BankScope 자유입출금 통장,412b2b224b2fc2d1339426a6
18,0,16822248,1,21,110,BankScope 자유입출금 통장,be34a29bb482f2f4c4ddf073
67,0,8415867,0,23,110,BankScope 자유입출금 통장,8d0206cf2df0d52612208cf0
45,0,8358316,1,13,110,BankScope 자유입출금 통장,302f21a9253305a19f115739
53,0,125668,1,11,110,BankScope 자유입출금 통장,db25daf58fa30228031c358f
36,0,5936914,1,26,110,BankScope 자유입출금 통장,8379ed334d321f6705470bae
24,0,7311828,0,22,110,BankScope 자유입출금 통장,e17e69b758bec256848b6e3f
54,0,2190369,1,14,110,BankScope 자유입출금 통장,def3fa525c2fe9229c397c7c
74,0,5485810,0,13,110,BankScope 자유입출금 통장,d17024bf426504d5a3be919d
32,0,6630740,0,20,110,BankScope 자유입출금 통장,669ef67bc87182150b84c33d
39,1,10373,0,21,110,BankScope 자유입출금 통장,0e24f673b20249223a34074d
63,0,15516871,0,16,110,BankScope 자유입출금 통장,e22b63a51b225f90e48d66f2
28,0,8041233,0,15,110,BankScope 자유입출금 통장,94fc9dc8e8c275b99470807d
67,1,2575187,1,15,110,BankScope 자유입출금 통장,0a7e57cc257cd4120a9141af
67,0,16686653,0,16,110,BankScope 자유입출금 통장,036acc687703ffce646a8ff0
56,0,3682901,1,16,110,BankScope 자유입출금 통장,d2979dd49fa91a63884f90ce
32,0,14758302,0,23,110,BankScope 자유입출금 통장,25314bd183b4fe6d9e46fe94
48,0,3419221,0,13,110,BankScope 자유입출금 통장,5703407c521c74237f273e2e
64,1,15941517,0,19,110,BankScope 자유입출금 통장,16f5218bbc492a531e0d3c1f
18,0,4528180,1,13,110,BankScope 자유입출금 통장,dd90037d41473bc31c1905c4
22,0,488653,0,20,110,BankScope 자유입출금 통장,60cbb077feb480be3bc54f6d
59,0,1906025,0,23,110,BankScope 자유입출금 통장,fc3b494eb867bd8b5044057a
22,0,3050577,0,22,110,BankScope 자유입출금 통장,e404106637cdfac5234f1cf6
51,0,9575169,0,19,110,BankScope 자유입출금 통장,1b5e83b5abef2617c29aa795
41,0,13189480,1,19,110,BankScope 자유입출금 통장,d764d128a7662dde129e5f16
26,0,1713930,0,24,110,BankScope 자유입출금 통장,5bf6545c9f5937415ea6666b
63,0,4380850,1,30,110,BankScope 자유입출금 통장,ec0aaf3f8f355ef248f7e570
72,0,14353148,0,20,110,BankScope 자유입출금 통장,40a2fd48cd045dc8a42b42e4
50,0,11364234,0,20,110,BankScope 자유입출금 통장,efa5d0842fcca84069871d14
20,0,2617858,1,21,110,BankScope 자유입출금 통장,c6e305022da2c88c5150bb39
41,1,3059053,0,17,110,BankScope 자유입출금 통장,31d6506ff5f50e915ed15799
50,1,23865818,1,18,110,BankScope 자유입출금 통장,820fad837e4f6abb6ae47c0a
38,0,573425,0,18,110,BankScope 자유입출금 통장,0373bff357d864a50bd75573
18,0,708372,0,15,110,BankScope 자유입출금 통장,b4497f51dac942e9a97fa6e8
26,0,694521,0,15,110,BankScope 자유입출금 통장,a2cd3b23a564cbd800c573a1
74,0,4993220,1,13,110,BankScope 자유입출금 통장,f8589cc1c9c576eaf39a31d6
43,0,671528,0,19,110,BankScope 자유입출금 통장,c1cfc14e213eaf5208fb1df7
34,0,6531785,0,13,110,BankScope 자유입출금 통장,fda858b8b153cbd656857df8
61,1,1720849,1,12,110,BankScope 자유입출금 통장,924830901b130caecab5f632
34,0,12326545,0,17,110,BankScope 자유입출금 통장,09ed8e07e86771808eae8730
18,0,5765161,0,17,110,BankScope 자유입출금 통장,cdcfc8d5c7bee28670489e4d
34,0,9646638,0,20,110,BankScope 자유입출금 통장,0dff9cacc086c570f0f73e26
61,1,2598035,1,23,110,BankScope 자유입출금 통장,af245c65acf90c0126f5f9d3
22,0,91054,0,14,110,BankScope 자유입출금 통장,7c702e7b79795693330ab758
44,0,2773704,0,22,110,BankScope 자유입출금 통장,e30607170b499c5db33a894b
41,0,398745,1,20,110,BankScope 자유입출금 통장,5da6c18933d545b1f596b9c4
51,1,6810457,0,19,110,BankScope 자유입출금 통장,9dc5aaeaf14557fd77634a6d
52,0,3112718,0,25,110,BankScope 자유입출금 통장,bc9c4d906fea838844605f50
46,0,7530226,0,15,110,BankScope 자유입출금 통장,0a7002398f901475455c80fd
25,0,9523232,0,18,110,BankScope 자유입출금 통장,32fc7a3eea1f2dedef8113e7
28,0,1443223,1,32,110,BankScope 자유입출금 통장,44a1366ebac19965ff3e03b1
52,0,10368703,1,17,110,BankScope 자유입출금 통장,a1a31e380f8eaef4899c5461
58,1,3545412,1,15,110,BankScope 자유입출금 통장,8197f820ec16619a9662d8e9
25,0,2357335,1,21,110,BankScope 자유입출금 통장,e6eb922e96b5d4e22bb33c23
42,0,499314,1,20,110,BankScope 자유입출금 통장,4e28034333124b3b3e93fa55
25,0,1552985,1,16,110,BankScope 자유입출금 통장,a7e7e9e0790dbf355d4b85ca
26,0,5210660,0,17,110,BankScope 자유입출금 통장,4f3e2d5ebdb0785d5b838d21
54,0,371799,0,15,110,BankScope 자유입출금 통장,b2d92e56bebef3da7b755e65
19,0,830691,0,19,110,BankScope 자유입출금 통장,b814b8bd06b557b2872c61f8
42,0,4406795,0,27,110,BankScope 자유입출금 통장,38dab4e41eaab89b5d554c7b
58,0,3539326,0,18,110,BankScope 자유입출금 통장,499907b4aa43f23da7212756
67,0,10819947,0,16,110,BankScope 자유입출금 통장,23327c9cb5950168dad3e6ab
74,0,9896469,0,21,110,BankScope 자유입출금 통장,809aac3585222c1bbbe13b2b
40,0,3307244,0,15,110,BankScope 자유입출금 통장,f19fcde008250c6f63323834
59,0,6292047,1,14,110,BankScope 자유입출금 통장,9421248c355e461e3c973237
63,0,4236125,0,11,110,BankScope 자유입출금 통장,b763c21248de13a3bfd75dce
23,0,3341219,0,17,110,BankScope 자유입출금 통장,9b0bdf3a8d4c8ae6b548339f
48,1,7653364,0,22,110,BankScope 자유입출금 통장,93e56e4a43b1899f8c2f7753
32,0,3517113,0,22,110,BankScope 자유입출금 통장,88485a0d0448659f100c43dc
61,0,15602408,0,22,110,BankScope 자유입출금 통장,dd547ee122ea7005970e61e4
32,0,279625,1,12,110,BankScope 자유입출금 통장,49a92d011eb552e36006a681
69,1,5359765,0,12,110,BankScope 자유입출금 통장,a805b8a015a746bfe53267ae
34,0,2791197,0,15,110,BankScope 자유입출금 통장,ccb5936cab10edf6cbd43c64
74,0,1754097,0,17,110,BankScope 자유입출금 통장,250d9d5267513f6a22a62c6c
64,0,719124,0,14,110,BankScope 자유입출금 통장,eb41f04d37a2adf0ab9567a2
35,0,10358058,0,20,110,BankScope 자유입출금 통장,945def83d036888d65044515
53,0,51143,1,20,110,BankScope 자유입출금 통장,921fc35fe347049e76c03882
28,0,11817760,1,14,110,BankScope 자유입출금 통장,5b35aa2b6683c887253f2758
19,0,3775671,1,16,110,BankScope 자유입출금 통장,99d6adacfee8bf4b302bdf18
45,0,4493279,0,13,110,BankScope 자유입출금 통장,3e504f82cdf4d3329d33951c
48,1,10959258,0,21,110,BankScope 자유입출금 통장,54da11c228fbcf89863e7999
65,0,2721951,1,17,110,BankScope 자유입출금 통장,78b0f51449addb02b1897b3a
50,0,2454180,0,23,110,BankScope 자유입출금 통장,4a9f267ae55a9a3e32a1c3e1
30,1,18363419,0,24,110,BankScope 자유입출금 통장,12fd4efb183889609013f70f
69,0,21954910,0,28,110,BankScope 자유입출금 통장,eb47f9118643fae0030a9e82
68,0,5643498,0,13,110,BankScope 자유입출금 통장,fbadd91dfcc6c9c6e628c0ed
37,0,3691362,0,7,110,BankScope 자유입출금 통장,01f426605d5ba30399a412b4
60,1,614167,1,18,110,BankScope 자유입출금 통장,7ede9c1ace05cc7ead28f96e
23,0,4181269,1,21,110,BankScope 자유입출금 통장,ddb4e4190d50ac2058d9011c
42,0,2526778,0,13,110,BankScope 자유입출금 통장,f2aae9b0419e457647f16b75
73,0,6476707,0,18,110,BankScope 자유입출금 통장,482b8dcbb4abf0360b646651
64,1,8082865,1,19,110,BankScope 자유입출금 통장,b32cfabf3d75a8b4ffc61063
64,1,3061647,0,19,110,BankScope 자유입출금 통장,75beb66e58dcae2b618fc587
50,0,5971707,0,23,110,BankScope 자유입출금 통장,f86bc352b38c4321e9658371
35,1,1209871,1,23,110,BankScope 자유입출금 통장,4a1a643dc8b1a537164336c7
74,0,3699444,0,18,110,BankScope 자유입출금 통장,12e330800be3d76d56455320
61,1,11409469,0,18,110,BankScope 자유입출금 통장,88bdda1634edaea1370c0ff9
55,0,3305410,1,13,110,BankScope 자유입출금 통장,72c1849aaf94d36c7e5469d2
57,0,5009537,1,20,110,BankScope 자유입출금 통장,eb67086db142c867877f1ea2
22,0,4764612,1,23,110,BankScope 자유입출금 통장,a90073226120678e9d909202
20,0,23435788,0,15,110,BankScope 자유입출금 통장,40b2686300b0be5b74781772
62,0,2882564,1,13,110,BankScope 자유입출금 통장,fbce3bc3814ee02795566632
48,1,10063972,0,22,110,BankScope 자유입출금 통장,3c9de9ad492d027225cf5776
25,0,13075380,0,22,110,BankScope 자유입출금 통장,6ad0fae8e7fcd4a8309787f6
35,0,8593902,0,21,110,BankScope 자유입출금 통장,f3b5a92cca9c13910931aaca
52,0,2696819,0,18,110,BankScope 자유입출금 통장,e5fa862260153beffebbf3ef
36,0,15751458,0,20,110,BankScope 자유입출금 통장,46f95514a5a5c0c3ea358083
53,1,29975068,0,15,110,BankScope 자유입출금 통장,c903b8c6ff74d887d4f84166
50,0,973368,0,16,110,BankScope 자유입출금 통장,07b9636cc4bb74a1928ce560
56,0,2799586,0,18,110,BankScope 자유입출금 통장,af3cd7ce071b4a2de21e4a04
23,0,19246845,0,21,110,BankScope 자유입출금 통장,5538b36733ae62ab54cc5b95
46,0,1904839,0,18,110,BankScope 자유입출금 통장,e0e1785c9697621d1de5e842
64,0,4649776,0,25,110,BankScope 자유입출금 통장,d35ef95a398226e35a8077f5
46,0,2584540,0,21,110,BankScope 자유입출금 통장,1099d4a72f5ae2a4fdf687b5
63,0,2616434,0,19,110,BankScope 자유입출금 통장,9b93c6a2c360d781fa49b04c
60,0,10960350,1,21,110,BankScope 자유입출금 통장,42f060f9ba5caea630a88566
41,0,480217,1,21,110,BankScope 자유입출금 통장,bcba8ac4b593e9ef6176ff35
68,0,4028219,0,12,110,BankScope 자유입출금 통장,1c9e081336c63355b32674b2
54,0,3902159,0,23,110,BankScope 자유입출금 통장,9837abb43656dc8476e2f1d2
43,0,7482567,1,17,110,BankScope 자유입출금 통장,8d06853fa5844ec1320f5b93
25,0,6379855,0,20,110,BankScope 자유입출금 통장,6fecc901e65103ed3444a403
54,1,5604699,1,18,110,BankScope 자유입출금 통장,6eed4aa23228a0648939c627
41,0,8482486,0,18,110,BankScope 자유입출금 통장,bcd5623f74e8211c21aa24e7
46,1,5545871,0,17,110,BankScope 자유입출금 통장,987a743ac96ba85b7d7f414c
29,0,16140081,0,14,110,BankScope 자유입출금 통장,5bec11ad787c08fe9c94ac70
32,0,3874285,0,23,110,BankScope 자유입출금 통장,0a3ccea7d8ac5ed9aa496a4f
53,1,11353095,0,21,110,BankScope 자유입출금 통장,67fa4836699ea1dd2a7ff9b7
29,0,2990841,1,10,110,BankScope 자유입출금 통장,4f1dd958737ee81c37fb66e8
60,0,2095060,0,17,110,BankScope 자유입출금 통장,983e4de1e2a886dec40a4d65
72,1,3345941,0,20,110,BankScope 자유입출금 통장,81aad983c8c8bc472e619109
45,1,601654,0,12,110,BankScope 자유입출금 통장,08f4b8dc31932df0751e078e
34,1,4415368,0,16,110,BankScope 자유입출금 통장,da68b78a1c5e61b469799323
25,0,1542393,0,20,110,BankScope 자유입출금 통장,48380af560e145ab85590ef5
52,0,7903296,0,20,110,BankScope 자유입출금 통장,55069ac3cf889c9ff5dfe7c3
51,0,1398073,0,17,110,BankScope 자유입출금 통장,aa54adb403b663f59dfe7961
59,0,5141567,1,13,110,BankScope 자유입출금 통장,f881d10579c1b3eb667e8ef3
72,1,6180207,0,28,110,BankScope 자유입출금 통장,b9b144f7be38b412a17bb461
43,0,4586631,0,25,110,BankScope 자유입출금 통장,e032c79be7b791aeb1d0e001
73,0,1539860,0,26,110,BankScope 자유입출금 통장,7cc0d9024f9d545a12b850b7
61,0,1883723,1,23,110,BankScope 자유입출금 통장,ecddecdad3cf935d754ab2c7
47,0,1029518,0,14,110,BankScope 자유입출금 통장,0869543f4bd56fd12476a263
51,0,2911492,0,16,110,BankScope 자유입출금 통장,b2ab201d2718a4a806ad308a
70,0,8107624,1,16,110,BankScope 자유입출금 통장,c01d48e3038a616a38cc68b4
20,0,146439,0,20,110,BankScope 자유입출금 통장,0997a23c504d6d63e1a3e6f9
63,0,11490101,0,29,110,BankScope 자유입출금 통장,f8d501c836b2c8b2e2f44976
54,1,19171,0,14,110,BankScope 자유입출금 통장,6eae14601f1f437cdd724697
57,0,5795463,0,14,110,BankScope 자유입출금 통장,c2b76e6afedfa12d7c59286d
35,0,1386536,0,10,110,BankScope 자유입출금 통장,949362a9326208e0e1c930f0
